<?xml version="1.0" encoding="utf-8"?>
<COLLADA xmlns="http://www.collada.org/2005/11/COLLADASchema" version="1.4.1">
  <asset>
    <contributor>
      <author>Mixamo</author>
      <authoring_tool>COLLADA Mixamo exporter</authoring_tool>
      <comments/>
    </contributor>
    <created>2026-06-09T23:55:38Z</created>
    <modified>2026-06-09T23:55:38Z</modified>
    <revision/>
    <title/>
    <unit meter="0.010000"/>
    <up_axis>Y_UP</up_axis>
  </asset>
  <library_animations>
    <animation id="mixamorig_Hips-anim" name="mixamorig_Hips">
      <source id="mixamorig_Hips-Matrix-animation-input">
        <float_array id="mixamorig_Hips-Matrix-animation-input-array" count="71">

0.000000 0.033333 0.066667 0.100000 0.133333 0.166667 0.200000 0.233333 0.266667 0.300000 0.333333 0.366667 0.400000 0.433333 0.466667 0.500000
0.533333 0.566667 0.600000 0.633333 0.666667 0.700000 0.733333 0.766667 0.800000 0.833333 0.866667 0.900000 0.933333 0.966667 1.000000 1.033333
1.066667 1.100000 1.133333 1.166667 1.200000 1.233333 1.266667 1.300000 1.333333 1.366667 1.400000 1.433333 1.466667 1.500000 1.533333 1.566667
1.600000 1.633333 1.666667 1.700000 1.733333 1.766667 1.800000 1.833333 1.866667 1.900000 1.933333 1.966667 2.000000 2.033333 2.066667 2.100000
2.133333 2.166667 2.200000 2.233333 2.266667 2.300000 2.333333</float_array>
        <technique_common>
          <accessor source="#mixamorig_Hips-Matrix-animation-input-array" count="71">
            <param name="TIME" type="float"/>
          </accessor>
        </technique_common>
      </source>
      <source id="mixamorig_Hips-Matrix-animation-output-transform">
        <float_array id="mixamorig_Hips-Matrix-animation-output-transform-array" count="1136">

0.994549 0.031868 -0.099281 0.223306 0.009464 0.920630 0.390322 106.940514 0.103840 -0.389134 0.915310 -1.746554 0.000000 0.000000 0.000000 1.000000
0.994511 0.032512 -0.099451 0.243955 0.008965 0.920524 0.390584 106.994141 0.104246 -0.389331 0.915180 -1.747577 0.000000 0.000000 0.000000 1.000000
0.994516 0.032728 -0.099329 0.261667 0.008737 0.920452 0.390759 107.067528 0.104216 -0.389484 0.915118 -1.750704 0.000000 0.000000 0.000000 1.000000
0.994555 0.032636 -0.098976 0.270107 0.008689 0.920430 0.390811 107.147614 0.103855 -0.389543 0.915134 -1.753906 0.000000 0.000000 0.000000 1.000000
0.994595 0.032340 -0.098668 0.266815 0.008840 0.920436 0.390794 107.220917 0.103456 -0.389554 0.915175 -1.756182 0.000000 0.000000 0.000000 1.000000
0.994601 0.031989 -0.098721 0.257817 0.009176 0.920467 0.390713 107.276764 0.103367 -0.389509 0.915204 -1.765692 0.000000 0.000000 0.000000 1.000000
0.994573 0.031793 -0.099060 0.239232 0.009474 0.920527 0.390565 107.319588 0.103605 -0.389384 0.915230 -1.775731 0.000000 0.000000 0.000000 1.000000
0.994548 0.031698 -0.099340 0.221815 0.009643 0.920635 0.390305 107.353157 0.103828 -0.389135 0.915311 -1.777003 0.000000 0.000000 0.000000 1.000000
0.994557 0.031538 -0.099306 0.193997 0.009756 0.920715 0.390114 107.386635 0.103736 -0.388960 0.915396 -1.779110 0.000000 0.000000 0.000000 1.000000
0.994586 0.031302 -0.099086 0.164086 0.009902 0.920664 0.390230 107.421326 0.103440 -0.389098 0.915370 -1.775676 0.000000 0.000000 0.000000 1.000000
0.994613 0.030928 -0.098938 0.132394 0.010241 0.920468 0.390684 107.455162 0.103153 -0.389592 0.915193 -1.769701 0.000000 0.000000 0.000000 1.000000
0.994632 0.030436 -0.098899 0.102633 0.010739 0.920242 0.391202 107.486320 0.102917 -0.390164 0.914976 -1.768776 0.000000 0.000000 0.000000 1.000000
0.994658 0.029996 -0.098768 0.073384 0.011125 0.920121 0.391476 107.513039 0.102621 -0.390484 0.914872 -1.768394 0.000000 0.000000 0.000000 1.000000
0.994705 0.029733 -0.098379 0.046031 0.011211 0.920132 0.391447 107.534927 0.102161 -0.390477 0.914927 -1.770910 0.000000 0.000000 0.000000 1.000000
0.994760 0.029576 -0.097871 0.016777 0.011132 0.920225 0.391231 107.547989 0.101634 -0.390270 0.915074 -1.783302 0.000000 0.000000 0.000000 1.000000
0.994793 0.029516 -0.097544 -0.007873 0.011025 0.920357 0.390925 107.552551 0.101314 -0.389965 0.915239 -1.801161 0.000000 0.000000 0.000000 1.000000
0.994793 0.029522 -0.097547 -0.026089 0.010980 0.920513 0.390556 107.552994 0.101323 -0.389594 0.915396 -1.820355 0.000000 0.000000 0.000000 1.000000
0.994769 0.029599 -0.097765 -0.039453 0.010947 0.920691 0.390139 107.545959 0.101559 -0.389168 0.915551 -1.849058 0.000000 0.000000 0.000000 1.000000
0.994745 0.029704 -0.097977 -0.039662 0.010884 0.920883 0.389687 107.534096 0.101800 -0.388705 0.915721 -1.874975 0.000000 0.000000 0.000000 1.000000
0.994731 0.029898 -0.098065 -0.026321 0.010691 0.921067 0.389258 107.518158 0.101962 -0.388255 0.915894 -1.892467 0.000000 0.000000 0.000000 1.000000
0.994710 0.030187 -0.098182 -0.005168 0.010424 0.921240 0.388855 107.496361 0.102188 -0.387822 0.916052 -1.907079 0.000000 0.000000 0.000000 1.000000
0.994665 0.030530 -0.098541 0.019620 0.010188 0.921467 0.388324 107.470490 0.102657 -0.387256 0.916239 -1.917269 0.000000 0.000000 0.000000 1.000000
0.994594 0.030766 -0.099174 0.046875 0.010133 0.921778 0.387585 107.441620 0.103341 -0.386495 0.916483 -1.924279 0.000000 0.000000 0.000000 1.000000
0.994529 0.030915 -0.099782 0.066665 0.010145 0.922102 0.386814 107.415047 0.103967 -0.385710 0.916743 -1.928865 0.000000 0.000000 0.000000 1.000000
0.994497 0.030990 -0.100078 0.077208 0.010109 0.922411 0.386078 107.392426 0.104278 -0.384965 0.917021 -1.933841 0.000000 0.000000 0.000000 1.000000
0.994518 0.031040 -0.099852 0.071223 0.009870 0.922792 0.385172 107.373917 0.104098 -0.384046 0.917427 -1.937985 0.000000 0.000000 0.000000 1.000000
0.994598 0.031225 -0.098996 0.054395 0.009217 0.923349 0.383852 107.351135 0.103394 -0.382691 0.918073 -1.950252 0.000000 0.000000 0.000000 1.000000
0.994724 0.031603 -0.097595 0.022830 0.008126 0.924098 0.382069 107.321159 0.102262 -0.380847 0.918966 -1.970094 0.000000 0.000000 0.000000 1.000000
0.994862 0.032109 -0.096014 -0.019823 0.006833 0.924917 0.380108 107.292084 0.101010 -0.378811 0.919945 -1.992517 0.000000 0.000000 0.000000 1.000000
0.994963 0.032497 -0.094825 -0.060783 0.005838 0.925598 0.378462 107.257393 0.100069 -0.377110 0.920747 -2.012516 0.000000 0.000000 0.000000 1.000000
0.995000 0.032537 -0.094428 -0.096074 0.005538 0.926020 0.377434 107.212509 0.099722 -0.376070 0.921209 -2.028119 0.000000 0.000000 0.000000 1.000000
0.994975 0.032315 -0.094770 -0.119912 0.005826 0.926199 0.376989 107.167458 0.099958 -0.375647 0.921356 -2.035117 0.000000 0.000000 0.000000 1.000000
0.994916 0.032062 -0.095464 -0.130427 0.006324 0.926204 0.376970 107.129097 0.100506 -0.375658 0.921293 -2.031771 0.000000 0.000000 0.000000 1.000000
0.994850 0.031889 -0.096208 -0.130883 0.006797 0.926086 0.377252 107.099739 0.101127 -0.375963 0.921100 -2.020154 0.000000 0.000000 0.000000 1.000000
0.994781 0.031816 -0.096951 -0.121469 0.007201 0.925888 0.377731 107.075951 0.101784 -0.376457 0.920826 -2.012037 0.000000 0.000000 0.000000 1.000000
0.994716 0.031863 -0.097598 -0.108892 0.007458 0.925684 0.378224 107.063858 0.102396 -0.376953 0.920555 -2.014468 0.000000 0.000000 0.000000 1.000000
0.994674 0.031995 -0.097981 -0.097760 0.007513 0.925568 0.378507 107.053009 0.102799 -0.377227 0.920398 -2.027584 0.000000 0.000000 0.000000 1.000000
0.994669 0.032022 -0.098021 -0.086210 0.007513 0.925533 0.378593 107.041039 0.102845 -0.377311 0.920358 -2.039796 0.000000 0.000000 0.000000 1.000000
0.994677 0.032042 -0.097936 -0.078438 0.007467 0.925513 0.378643 107.026863 0.102774 -0.377359 0.920347 -2.049603 0.000000 0.000000 0.000000 1.000000
0.994688 0.032122 -0.097798 -0.078565 0.007343 0.925504 0.378666 107.012054 0.102676 -0.377373 0.920352 -2.059678 0.000000 0.000000 0.000000 1.000000
0.994699 0.032378 -0.097604 -0.087323 0.007032 0.925500 0.378681 106.995506 0.102593 -0.377360 0.920366 -2.068828 0.000000 0.000000 0.000000 1.000000
0.994731 0.032581 -0.097201 -0.098847 0.006690 0.925502 0.378683 106.979774 0.102298 -0.377338 0.920408 -2.072561 0.000000 0.000000 0.000000 1.000000
0.994800 0.032559 -0.096500 -0.114730 0.006441 0.925509 0.378670 106.962372 0.101640 -0.377323 0.920487 -2.067353 0.000000 0.000000 0.000000 1.000000
0.994879 0.032503 -0.095707 -0.129600 0.006190 0.925515 0.378659 106.948662 0.100886 -0.377312 0.920574 -2.058885 0.000000 0.000000 0.000000 1.000000
0.994925 0.032607 -0.095193 -0.138411 0.005897 0.925519 0.378655 106.934967 0.100450 -0.377295 0.920629 -2.045192 0.000000 0.000000 0.000000 1.000000
0.994926 0.032727 -0.095143 -0.140530 0.005765 0.925524 0.378646 106.920212 0.100449 -0.377273 0.920638 -2.030582 0.000000 0.000000 0.000000 1.000000
0.994900 0.032632 -0.095445 -0.134869 0.005966 0.925530 0.378628 106.906197 0.100692 -0.377266 0.920615 -2.012441 0.000000 0.000000 0.000000 1.000000
0.994866 0.032378 -0.095884 -0.123962 0.006370 0.925529 0.378622 106.895943 0.101002 -0.377289 0.920571 -2.000364 0.000000 0.000000 0.000000 1.000000
0.994832 0.032118 -0.096323 -0.109374 0.006785 0.925501 0.378684 106.890396 0.101309 -0.377381 0.920500 -1.993469 0.000000 0.000000 0.000000 1.000000
0.994801 0.031956 -0.096695 -0.088037 0.007099 0.925422 0.378871 106.889015 0.101591 -0.377588 0.920384 -1.987763 0.000000 0.000000 0.000000 1.000000
0.994791 0.031889 -0.096822 -0.069055 0.007234 0.925332 0.379088 106.889236 0.101682 -0.377814 0.920281 -1.994007 0.000000 0.000000 0.000000 1.000000
0.994811 0.031904 -0.096604 -0.055629 0.007156 0.925261 0.379263 106.897148 0.101484 -0.377987 0.920232 -2.003167 0.000000 0.000000 0.000000 1.000000
0.994851 0.031995 -0.096162 -0.044847 0.006934 0.925144 0.379553 106.909088 0.101108 -0.378266 0.920159 -2.009535 0.000000 0.000000 0.000000 1.000000
0.994890 0.031994 -0.095763 -0.031607 0.006868 0.924826 0.380328 106.921249 0.100733 -0.379042 0.919881 -2.014579 0.000000 0.000000 0.000000 1.000000
0.994920 0.031805 -0.095515 -0.015242 0.007126 0.924157 0.381947 106.936348 0.100419 -0.380687 0.919235 -2.016884 0.000000 0.000000 0.000000 1.000000
0.994942 0.031499 -0.095389 0.002331 0.007626 0.923147 0.384372 106.943298 0.100165 -0.383155 0.918237 -2.010611 0.000000 0.000000 0.000000 1.000000
0.994930 0.031362 -0.095554 0.021835 0.008120 0.921979 0.387156 106.949379 0.100240 -0.385969 0.917050 -1.985499 0.000000 0.000000 0.000000 1.000000
0.994860 0.031275 -0.096310 0.041893 0.008799 0.920809 0.389914 106.949806 0.100878 -0.388757 0.915801 -1.944915 0.000000 0.000000 0.000000 1.000000
0.994814 0.031194 -0.096810 0.060776 0.009201 0.920305 0.391094 106.954514 0.101294 -0.389957 0.915245 -1.917178 0.000000 0.000000 0.000000 1.000000
0.994777 0.031132 -0.097204 0.078428 0.009504 0.919955 0.391908 106.953850 0.101624 -0.390785 0.914855 -1.892577 0.000000 0.000000 0.000000 1.000000
0.994747 0.031289 -0.097469 0.096709 0.009521 0.919738 0.392418 106.951210 0.101924 -0.391285 0.914608 -1.870919 0.000000 0.000000 0.000000 1.000000
0.994720 0.031417 -0.097697 0.115372 0.009518 0.919638 0.392651 106.947891 0.102182 -0.391508 0.914484 -1.852289 0.000000 0.000000 0.000000 1.000000
0.994698 0.031493 -0.097897 0.132279 0.009528 0.919637 0.392654 106.945938 0.102396 -0.391505 0.914461 -1.837577 0.000000 0.000000 0.000000 1.000000
0.994680 0.031535 -0.098070 0.144045 0.009538 0.919712 0.392477 106.944824 0.102573 -0.391324 0.914518 -1.824975 0.000000 0.000000 0.000000 1.000000
0.994664 0.031562 -0.098223 0.153022 0.009539 0.919844 0.392169 106.943756 0.102728 -0.391013 0.914634 -1.812973 0.000000 0.000000 0.000000 1.000000
0.994646 0.031606 -0.098385 0.163386 0.009518 0.920010 0.391778 106.945030 0.102898 -0.390617 0.914784 -1.803088 0.000000 0.000000 0.000000 1.000000
0.994631 0.031628 -0.098533 0.172808 0.009509 0.920191 0.391355 106.946709 0.103047 -0.390191 0.914949 -1.792922 0.000000 0.000000 0.000000 1.000000
0.994615 0.031658 -0.098685 0.183502 0.009495 0.920364 0.390948 106.947662 0.103203 -0.389780 0.915107 -1.781998 0.000000 0.000000 0.000000 1.000000
0.994598 0.031696 -0.098843 0.195345 0.009483 0.920509 0.390607 106.948196 0.103366 -0.389434 0.915236 -1.771812 0.000000 0.000000 0.000000 1.000000
0.994575 0.031780 -0.099048 0.208134 0.009461 0.920605 0.390380 106.947350 0.103590 -0.389199 0.915310 -1.760531 0.000000 0.000000 0.000000 1.000000
0.994549 0.031890 -0.099270 0.223244 0.009440 0.920629 0.390324 106.940529 0.103838 -0.389133 0.915310 -1.746378 0.000000 0.000000 0.000000 1.000000</float_array>
        <technique_common>
          <accessor source="#mixamorig_Hips-Matrix-animation-output-transform-array" count="71" stride="16">
            <param type="float4x4"/>
          </accessor>
        </technique_common>
      </source>
      <source id="mixamorig_Hips-Interpolations">
        <Name_array id="mixamorig_Hips-Interpolations-array" count="71">
 LINEAR LINEAR LINEAR LINEAR LINEAR LINEAR LINEAR LINEAR LINEAR LINEAR LINEAR
LINEAR LINEAR LINEAR LINEAR LINEAR LINEAR LINEAR LINEAR LINEAR LINEAR LINEAR LINEAR
LINEAR LINEAR LINEAR LINEAR LINEAR LINEAR LINEAR LINEAR LINEAR LINEAR LINEAR LINEAR
LINEAR LINEAR LINEAR LINEAR LINEAR LINEAR LINEAR LINEAR LINEAR LINEAR LINEAR LINEAR
LINEAR LINEAR LINEAR LINEAR LINEAR LINEAR LINEAR LINEAR LINEAR LINEAR LINEAR LINEAR
LINEAR LINEAR LINEAR LINEAR LINEAR LINEAR LINEAR LINEAR LINEAR LINEAR LINEAR LINEAR</Name_array>
        <technique_common>
          <accessor source="#mixamorig_Hips-Interpolations-array" count="71">
            <param type="name"/>
          </accessor>
        </technique_common>
      </source>
      <sampler id="mixamorig_Hips-Matrix-animation-transform">
        <input semantic="INPUT" source="#mixamorig_Hips-Matrix-animation-input"/>
        <input semantic="OUTPUT" source="#mixamorig_Hips-Matrix-animation-output-transform"/>
        <input semantic="INTERPOLATION" source="#mixamorig_Hips-Interpolations"/>
      </sampler>
      <channel source="#mixamorig_Hips-Matrix-animation-transform" target="mixamorig_Hips/matrix"/>
    </animation>
    <animation id="mixamorig_Spine-anim" name="mixamorig_Spine">
      <source id="mixamorig_Spine-Matrix-animation-input">
        <float_array id="mixamorig_Spine-Matrix-animation-input-array" count="71">

0.000000 0.033333 0.066667 0.100000 0.133333 0.166667 0.200000 0.233333 0.266667 0.300000 0.333333 0.366667 0.400000 0.433333 0.466667 0.500000
0.533333 0.566667 0.600000 0.633333 0.666667 0.700000 0.733333 0.766667 0.800000 0.833333 0.866667 0.900000 0.933333 0.966667 1.000000 1.033333
1.066667 1.100000 1.133333 1.166667 1.200000 1.233333 1.266667 1.300000 1.333333 1.366667 1.400000 1.433333 1.466667 1.500000 1.533333 1.566667
1.600000 1.633333 1.666667 1.700000 1.733333 1.766667 1.800000 1.833333 1.866667 1.900000 1.933333 1.966667 2.000000 2.033333 2.066667 2.100000
2.133333 2.166667 2.200000 2.233333 2.266667 2.300000 2.333333</float_array>
        <technique_common>
          <accessor source="#mixamorig_Spine-Matrix-animation-input-array" count="71">
            <param name="TIME" type="float"/>
          </accessor>
        </technique_common>
      </source>
      <source id="mixamorig_Spine-Matrix-animation-output-transform">
        <float_array id="mixamorig_Spine-Matrix-animation-output-transform-array" count="1136">

0.999853 0.006499 -0.015886 0.000000 -0.008414 0.992290 -0.123656 9.226300 0.014960 0.123771 0.992198 1.577100 0.000000 0.000000 0.000000 1.000000
0.999855 0.006222 -0.015830 0.000000 -0.008131 0.992307 -0.123533 9.226300 0.014940 0.123644 0.992214 1.577100 0.000000 0.000000 0.000000 1.000000
0.999857 0.006055 -0.015815 -0.000000 -0.007962 0.992327 -0.123388 9.226300 0.014947 0.123496 0.992232 1.577100 0.000000 0.000000 0.000000 1.000000
0.999857 0.006019 -0.015831 0.000000 -0.007923 0.992358 -0.123138 9.226300 0.014969 0.123246 0.992263 1.577100 0.000000 0.000000 0.000000 1.000000
0.999855 0.006101 -0.015874 -0.000000 -0.008005 0.992395 -0.122830 9.226300 0.015004 0.122940 0.992301 1.577100 0.000000 0.000000 0.000000 1.000000
0.999854 0.006209 -0.015901 0.000000 -0.008112 0.992430 -0.122542 9.226300 0.015020 0.122653 0.992336 1.577100 0.000000 0.000000 0.000000 1.000000
0.999854 0.006319 -0.015888 0.000000 -0.008214 0.992468 -0.122227 9.226300 0.014996 0.122340 0.992375 1.577100 0.000000 0.000000 0.000000 1.000000
0.999854 0.006364 -0.015862 -0.000000 -0.008250 0.992517 -0.121825 9.226300 0.014968 0.121938 0.992425 1.577100 0.000000 0.000000 0.000000 1.000000
0.999853 0.006477 -0.015872 0.000000 -0.008358 0.992563 -0.121445 9.226300 0.014967 0.121560 0.992471 1.577100 0.000000 0.000000 0.000000 1.000000
0.999852 0.006610 -0.015875 -0.000000 -0.008485 0.992600 -0.121135 9.226300 0.014957 0.121252 0.992509 1.577100 0.000000 0.000000 0.000000 1.000000
0.999851 0.006815 -0.015877 0.000000 -0.008686 0.992623 -0.120928 9.226300 0.014935 0.121048 0.992534 1.577100 0.000000 0.000000 0.000000 1.000000
0.999849 0.007075 -0.015893 0.000000 -0.008944 0.992639 -0.120784 9.226300 0.014921 0.120908 0.992552 1.577100 0.000000 0.000000 0.000000 1.000000
0.999847 0.007293 -0.015900 0.000000 -0.009159 0.992661 -0.120579 9.226300 0.014904 0.120706 0.992576 1.577100 0.000000 0.000000 0.000000 1.000000
0.999846 0.007416 -0.015896 0.000000 -0.009275 0.992696 -0.120289 9.226300 0.014888 0.120418 0.992612 1.577100 0.000000 0.000000 0.000000 1.000000
0.999845 0.007508 -0.015898 0.000000 -0.009362 0.992728 -0.120012 9.226300 0.014882 0.120142 0.992645 1.577100 0.000000 0.000000 0.000000 1.000000
0.999845 0.007571 -0.015888 -0.000000 -0.009421 0.992760 -0.119748 9.226300 0.014867 0.119879 0.992677 1.577100 0.000000 0.000000 0.000000 1.000000
0.999845 0.007604 -0.015869 0.000000 -0.009447 0.992792 -0.119481 9.226300 0.014846 0.119612 0.992710 1.577100 0.000000 0.000000 0.000000 1.000000
0.999845 0.007615 -0.015851 -0.000000 -0.009452 0.992817 -0.119270 9.226300 0.014829 0.119402 0.992735 1.577100 0.000000 0.000000 0.000000 1.000000
0.999846 0.007606 -0.015839 0.000000 -0.009438 0.992841 -0.119066 9.226300 0.014820 0.119197 0.992760 1.577100 0.000000 0.000000 0.000000 1.000000
0.999847 0.007520 -0.015812 0.000000 -0.009347 0.992865 -0.118874 9.226300 0.014805 0.119004 0.992783 1.577100 0.000000 0.000000 0.000000 1.000000
0.999849 0.007327 -0.015786 0.000000 -0.009151 0.992882 -0.118748 9.226300 0.014804 0.118875 0.992799 1.577100 0.000000 0.000000 0.000000 1.000000
0.999850 0.007108 -0.015775 -0.000000 -0.008930 0.992900 -0.118616 9.226300 0.014820 0.118739 0.992815 1.577100 0.000000 0.000000 0.000000 1.000000
0.999852 0.006929 -0.015776 0.000000 -0.008750 0.992921 -0.118454 9.226300 0.014844 0.118574 0.992834 1.577100 0.000000 0.000000 0.000000 1.000000
0.999852 0.006819 -0.015803 0.000000 -0.008643 0.992936 -0.118337 9.226300 0.014884 0.118456 0.992848 1.577100 0.000000 0.000000 0.000000 1.000000
0.999852 0.006739 -0.015804 0.000000 -0.008562 0.992941 -0.118300 9.226300 0.014895 0.118418 0.992852 1.577100 0.000000 0.000000 0.000000 1.000000
0.999853 0.006696 -0.015803 -0.000000 -0.008519 0.992945 -0.118269 9.226300 0.014900 0.118387 0.992856 1.577100 0.000000 0.000000 0.000000 1.000000
0.999853 0.006645 -0.015797 -0.000000 -0.008466 0.992959 -0.118152 9.226300 0.014900 0.118268 0.992870 1.577100 0.000000 0.000000 0.000000 1.000000
0.999854 0.006529 -0.015776 -0.000000 -0.008345 0.992985 -0.117948 9.226300 0.014896 0.118063 0.992894 1.577100 0.000000 0.000000 0.000000 1.000000
0.999856 0.006368 -0.015741 0.000000 -0.008177 0.993015 -0.117708 9.226300 0.014882 0.117820 0.992923 1.577100 0.000000 0.000000 0.000000 1.000000
0.999857 0.006245 -0.015712 -0.000000 -0.008050 0.993031 -0.117580 9.226300 0.014868 0.117689 0.992939 1.577100 0.000000 0.000000 0.000000 1.000000
0.999856 0.006335 -0.015713 -0.000000 -0.008139 0.993030 -0.117580 9.226300 0.014858 0.117691 0.992939 1.577100 0.000000 0.000000 0.000000 1.000000
0.999855 0.006537 -0.015727 0.000000 -0.008342 0.993023 -0.117625 9.226300 0.014849 0.117739 0.992934 1.577100 0.000000 0.000000 0.000000 1.000000
0.999854 0.006725 -0.015726 0.000000 -0.008530 0.993014 -0.117691 9.226300 0.014825 0.117808 0.992926 1.577100 0.000000 0.000000 0.000000 1.000000
0.999853 0.006814 -0.015734 0.000000 -0.008621 0.993003 -0.117774 9.226300 0.014822 0.117892 0.992916 1.577100 0.000000 0.000000 0.000000 1.000000
0.999853 0.006878 -0.015732 0.000000 -0.008686 0.992988 -0.117897 9.226300 0.014811 0.118016 0.992901 1.577100 0.000000 0.000000 0.000000 1.000000
0.999852 0.006920 -0.015731 -0.000000 -0.008730 0.992964 -0.118092 9.226300 0.014803 0.118212 0.992878 1.577100 0.000000 0.000000 0.000000 1.000000
0.999852 0.006936 -0.015734 0.000000 -0.008750 0.992937 -0.118319 9.226300 0.014803 0.118439 0.992851 1.577100 0.000000 0.000000 0.000000 1.000000
0.999852 0.006961 -0.015745 -0.000000 -0.008779 0.992912 -0.118529 9.226300 0.014809 0.118649 0.992826 1.577100 0.000000 0.000000 0.000000 1.000000
0.999852 0.006978 -0.015755 0.000000 -0.008801 0.992882 -0.118779 9.226300 0.014814 0.118900 0.992796 1.577100 0.000000 0.000000 0.000000 1.000000
0.999852 0.006970 -0.015750 0.000000 -0.008796 0.992848 -0.119064 9.226300 0.014807 0.119185 0.992762 1.577100 0.000000 0.000000 0.000000 1.000000
0.999852 0.006947 -0.015735 -0.000000 -0.008776 0.992813 -0.119352 9.226300 0.014792 0.119472 0.992727 1.577100 0.000000 0.000000 0.000000 1.000000
0.999853 0.006921 -0.015715 0.000000 -0.008752 0.992781 -0.119621 9.226300 0.014774 0.119741 0.992695 1.577100 0.000000 0.000000 0.000000 1.000000
0.999852 0.006935 -0.015719 -0.000000 -0.008770 0.992754 -0.119847 9.226300 0.014774 0.119967 0.992668 1.577100 0.000000 0.000000 0.000000 1.000000
0.999852 0.006989 -0.015747 0.000000 -0.008830 0.992728 -0.120057 9.226300 0.014793 0.120178 0.992642 1.577100 0.000000 0.000000 0.000000 1.000000
0.999851 0.007010 -0.015756 -0.000000 -0.008855 0.992707 -0.120228 9.226300 0.014798 0.120350 0.992621 1.577100 0.000000 0.000000 0.000000 1.000000
0.999852 0.006998 -0.015746 0.000000 -0.008844 0.992690 -0.120367 9.226300 0.014789 0.120489 0.992605 1.577100 0.000000 0.000000 0.000000 1.000000
0.999851 0.007003 -0.015747 0.000000 -0.008850 0.992677 -0.120471 9.226300 0.014788 0.120592 0.992592 1.577100 0.000000 0.000000 0.000000 1.000000
0.999851 0.007024 -0.015761 0.000000 -0.008875 0.992662 -0.120598 9.226300 0.014798 0.120720 0.992576 1.577100 0.000000 0.000000 0.000000 1.000000
0.999850 0.007062 -0.015788 -0.000000 -0.008917 0.992643 -0.120748 9.226300 0.014819 0.120871 0.992558 1.577100 0.000000 0.000000 0.000000 1.000000
0.999850 0.007060 -0.015789 0.000000 -0.008919 0.992620 -0.120935 9.226300 0.014819 0.121057 0.992535 1.577100 0.000000 0.000000 0.000000 1.000000
0.999851 0.007036 -0.015780 0.000000 -0.008897 0.992591 -0.121175 9.226300 0.014810 0.121298 0.992506 1.577100 0.000000 0.000000 0.000000 1.000000
0.999851 0.007026 -0.015781 0.000000 -0.008890 0.992571 -0.121340 9.226300 0.014811 0.121462 0.992486 1.577100 0.000000 0.000000 0.000000 1.000000
0.999851 0.007008 -0.015781 -0.000000 -0.008874 0.992558 -0.121447 9.226300 0.014813 0.121568 0.992473 1.577100 0.000000 0.000000 0.000000 1.000000
0.999851 0.006991 -0.015783 -0.000000 -0.008861 0.992529 -0.121687 9.226300 0.014815 0.121808 0.992443 1.577100 0.000000 0.000000 0.000000 1.000000
0.999851 0.007005 -0.015803 0.000000 -0.008886 0.992459 -0.122253 9.226300 0.014828 0.122375 0.992373 1.577100 0.000000 0.000000 0.000000 1.000000
0.999850 0.007041 -0.015839 0.000000 -0.008939 0.992354 -0.123097 9.226300 0.014851 0.123220 0.992268 1.577100 0.000000 0.000000 0.000000 1.000000
0.999849 0.007067 -0.015865 -0.000000 -0.008980 0.992243 -0.123985 9.226300 0.014866 0.124108 0.992157 1.577100 0.000000 0.000000 0.000000 1.000000
0.999849 0.007115 -0.015882 0.000000 -0.009043 0.992142 -0.124793 9.226300 0.014869 0.124918 0.992056 1.577100 0.000000 0.000000 0.000000 1.000000
0.999848 0.007142 -0.015904 0.000000 -0.009076 0.992108 -0.125060 9.226300 0.014885 0.125185 0.992022 1.577100 0.000000 0.000000 0.000000 1.000000
0.999847 0.007173 -0.015928 0.000000 -0.009113 0.992085 -0.125238 9.226300 0.014903 0.125364 0.991999 1.577100 0.000000 0.000000 0.000000 1.000000
0.999848 0.007149 -0.015922 0.000000 -0.009089 0.992077 -0.125304 9.226300 0.014900 0.125430 0.991991 1.577100 0.000000 0.000000 0.000000 1.000000
0.999848 0.007091 -0.015902 0.000000 -0.009028 0.992079 -0.125291 9.226300 0.014887 0.125416 0.991993 1.577100 0.000000 0.000000 0.000000 1.000000
0.999849 0.007046 -0.015891 0.000000 -0.008981 0.992088 -0.125223 9.226300 0.014883 0.125347 0.992001 1.577100 0.000000 0.000000 0.000000 1.000000
0.999849 0.006994 -0.015893 0.000000 -0.008928 0.992106 -0.125084 9.226300 0.014893 0.125207 0.992019 1.577100 0.000000 0.000000 0.000000 1.000000
0.999849 0.006951 -0.015897 0.000000 -0.008883 0.992130 -0.124898 9.226300 0.014904 0.125020 0.992042 1.577100 0.000000 0.000000 0.000000 1.000000
0.999850 0.006913 -0.015879 0.000000 -0.008840 0.992155 -0.124698 9.226300 0.014892 0.124820 0.992068 1.577100 0.000000 0.000000 0.000000 1.000000
0.999850 0.006862 -0.015877 0.000000 -0.008786 0.992183 -0.124478 9.226300 0.014899 0.124599 0.992095 1.577100 0.000000 0.000000 0.000000 1.000000
0.999851 0.006795 -0.015877 -0.000000 -0.008716 0.992213 -0.124248 9.226300 0.014909 0.124368 0.992124 1.577100 0.000000 0.000000 0.000000 1.000000
0.999851 0.006696 -0.015903 0.000000 -0.008617 0.992243 -0.124018 9.226300 0.014949 0.124137 0.992153 1.577100 0.000000 0.000000 0.000000 1.000000
0.999851 0.006620 -0.015918 -0.000000 -0.008541 0.992268 -0.123820 9.226300 0.014975 0.123938 0.992177 1.577100 0.000000 0.000000 0.000000 1.000000
0.999852 0.006590 -0.015916 0.000000 -0.008509 0.992287 -0.123667 9.226300 0.014978 0.123784 0.992196 1.577100 0.000000 0.000000 0.000000 1.000000</float_array>
        <technique_common>
          <accessor source="#mixamorig_Spine-Matrix-animation-output-transform-array" count="71" stride="16">
            <param type="float4x4"/>
          </accessor>
        </technique_common>
      </source>
      <source id="mixamorig_Spine-Interpolations">
        <Name_array id="mixamorig_Spine-Interpolations-array" count="71">
 LINEAR LINEAR LINEAR LINEAR LINEAR LINEAR LINEAR LINEAR LINEAR LINEAR LINEAR
LINEAR LINEAR LINEAR LINEAR LINEAR LINEAR LINEAR LINEAR LINEAR LINEAR LINEAR LINEAR
LINEAR LINEAR LINEAR LINEAR LINEAR LINEAR LINEAR LINEAR LINEAR LINEAR LINEAR LINEAR
LINEAR LINEAR LINEAR LINEAR LINEAR LINEAR LINEAR LINEAR LINEAR LINEAR LINEAR LINEAR
LINEAR LINEAR LINEAR LINEAR LINEAR LINEAR LINEAR LINEAR LINEAR LINEAR LINEAR LINEAR
LINEAR LINEAR LINEAR LINEAR LINEAR LINEAR LINEAR LINEAR LINEAR LINEAR LINEAR LINEAR</Name_array>
        <technique_common>
          <accessor source="#mixamorig_Spine-Interpolations-array" count="71">
            <param type="name"/>
          </accessor>
        </technique_common>
      </source>
      <sampler id="mixamorig_Spine-Matrix-animation-transform">
        <input semantic="INPUT" source="#mixamorig_Spine-Matrix-animation-input"/>
        <input semantic="OUTPUT" source="#mixamorig_Spine-Matrix-animation-output-transform"/>
        <input semantic="INTERPOLATION" source="#mixamorig_Spine-Interpolations"/>
      </sampler>
      <channel source="#mixamorig_Spine-Matrix-animation-transform" target="mixamorig_Spine/matrix"/>
    </animation>
    <animation id="mixamorig_Spine1-anim" name="mixamorig_Spine1">
      <source id="mixamorig_Spine1-Matrix-animation-input">
        <float_array id="mixamorig_Spine1-Matrix-animation-input-array" count="71">

0.000000 0.033333 0.066667 0.100000 0.133333 0.166667 0.200000 0.233333 0.266667 0.300000 0.333333 0.366667 0.400000 0.433333 0.466667 0.500000
0.533333 0.566667 0.600000 0.633333 0.666667 0.700000 0.733333 0.766667 0.800000 0.833333 0.866667 0.900000 0.933333 0.966667 1.000000 1.033333
1.066667 1.100000 1.133333 1.166667 1.200000 1.233333 1.266667 1.300000 1.333333 1.366667 1.400000 1.433333 1.466667 1.500000 1.533333 1.566667
1.600000 1.633333 1.666667 1.700000 1.733333 1.766667 1.800000 1.833333 1.866667 1.900000 1.933333 1.966667 2.000000 2.033333 2.066667 2.100000
2.133333 2.166667 2.200000 2.233333 2.266667 2.300000 2.333333</float_array>
        <technique_common>
          <accessor source="#mixamorig_Spine1-Matrix-animation-input-array" count="71">
            <param name="TIME" type="float"/>
          </accessor>
        </technique_common>
      </source>
      <source id="mixamorig_Spine1-Matrix-animation-output-transform">
        <float_array id="mixamorig_Spine1-Matrix-animation-output-transform-array" count="1136">

0.999525 0.012309 -0.028266 -0.000000 -0.017278 0.982978 -0.182910 16.254900 0.025534 0.183311 0.982723 -0.000000 0.000000 0.000000 0.000000 1.000000
0.999533 0.011774 -0.028183 -0.000000 -0.016731 0.983032 -0.182671 16.254900 0.025554 0.183057 0.982770 0.000000 0.000000 0.000000 0.000000 1.000000
0.999540 0.011361 -0.028115 -0.000000 -0.016304 0.983092 -0.182387 16.254900 0.025568 0.182762 0.982825 0.000000 0.000000 0.000000 0.000000 1.000000
0.999543 0.011165 -0.028076 0.000000 -0.016091 0.983186 -0.181896 16.254900 0.025573 0.182264 0.982917 0.000000 0.000000 0.000000 0.000000 1.000000
0.999544 0.011175 -0.028067 -0.000000 -0.016084 0.983299 -0.181288 16.254900 0.025572 0.181657 0.983029 0.000000 0.000000 0.000000 0.000000 1.000000
0.999541 0.011327 -0.028081 -0.000000 -0.016221 0.983401 -0.180717 16.254900 0.025567 0.181089 0.983134 -0.000000 0.000000 0.000000 0.000000 1.000000
0.999538 0.011604 -0.028096 -0.000000 -0.016480 0.983512 -0.180090 16.254900 0.025543 0.180470 0.983249 -0.000000 0.000000 0.000000 0.000000 1.000000
0.999536 0.011776 -0.028101 0.000000 -0.016630 0.983655 -0.179291 16.254900 0.025530 0.179675 0.983395 0.000000 0.000000 0.000000 0.000000 1.000000
0.999533 0.011993 -0.028115 0.000000 -0.016826 0.983789 -0.178537 16.254900 0.025518 0.178927 0.983531 0.000000 0.000000 0.000000 0.000000 1.000000
0.999529 0.012275 -0.028132 -0.000000 -0.017091 0.983896 -0.177921 16.254900 0.025495 0.178318 0.983643 0.000000 0.000000 0.000000 0.000000 1.000000
0.999523 0.012716 -0.028153 0.000000 -0.017517 0.983964 -0.177506 16.254900 0.025444 0.177914 0.983717 -0.000000 0.000000 0.000000 0.000000 1.000000
0.999515 0.013228 -0.028174 0.000000 -0.018018 0.984007 -0.177218 16.254900 0.025379 0.177640 0.983768 -0.000000 0.000000 0.000000 0.000000 1.000000
0.999509 0.013664 -0.028188 0.000000 -0.018440 0.984073 -0.176809 16.254900 0.025323 0.177242 0.983842 0.000000 0.000000 0.000000 0.000000 1.000000
0.999506 0.013918 -0.028184 -0.000000 -0.018674 0.984171 -0.176232 16.254900 0.025285 0.176672 0.983945 0.000000 0.000000 0.000000 0.000000 1.000000
0.999504 0.014085 -0.028174 -0.000000 -0.018822 0.984267 -0.175681 16.254900 0.025256 0.176124 0.984044 0.000000 0.000000 0.000000 0.000000 1.000000
0.999502 0.014239 -0.028169 -0.000000 -0.018960 0.984358 -0.175157 16.254900 0.025234 0.175604 0.984137 -0.000000 0.000000 0.000000 0.000000 1.000000
0.999500 0.014371 -0.028166 0.000000 -0.019075 0.984450 -0.174625 16.254900 0.025218 0.175075 0.984232 0.000000 0.000000 0.000000 0.000000 1.000000
0.999499 0.014450 -0.028164 0.000000 -0.019142 0.984523 -0.174206 16.254900 0.025211 0.174658 0.984306 0.000000 0.000000 0.000000 0.000000 1.000000
0.999499 0.014462 -0.028157 -0.000000 -0.019142 0.984595 -0.173801 16.254900 0.025210 0.174253 0.984378 0.000000 0.000000 0.000000 0.000000 1.000000
0.999501 0.014334 -0.028133 -0.000000 -0.019003 0.984664 -0.173421 16.254900 0.025215 0.173869 0.984446 0.000000 0.000000 0.000000 0.000000 1.000000
0.999506 0.014012 -0.028127 0.000000 -0.018678 0.984715 -0.173172 16.254900 0.025271 0.173611 0.984490 -0.000000 0.000000 0.000000 0.000000 1.000000
0.999511 0.013621 -0.028136 0.000000 -0.018288 0.984768 -0.172912 16.254900 0.025352 0.173342 0.984535 0.000000 0.000000 0.000000 0.000000 1.000000
0.999514 0.013318 -0.028174 -0.000000 -0.017987 0.984829 -0.172590 16.254900 0.025448 0.173013 0.984591 0.000000 0.000000 0.000000 0.000000 1.000000
0.999514 0.013151 -0.028256 0.000000 -0.017831 0.984873 -0.172359 16.254900 0.025562 0.172779 0.984629 0.000000 0.000000 0.000000 0.000000 1.000000
0.999514 0.013053 -0.028295 0.000000 -0.017739 0.984887 -0.172285 16.254900 0.025618 0.172703 0.984641 0.000000 0.000000 0.000000 0.000000 1.000000
0.999515 0.012995 -0.028306 -0.000000 -0.017682 0.984899 -0.172223 16.254900 0.025640 0.172640 0.984651 0.000000 0.000000 0.000000 0.000000 1.000000
0.999516 0.012914 -0.028305 0.000000 -0.017596 0.984941 -0.171991 16.254900 0.025658 0.172406 0.984692 0.000000 0.000000 0.000000 0.000000 1.000000
0.999519 0.012723 -0.028292 0.000000 -0.017396 0.985015 -0.171588 16.254900 0.025685 0.171998 0.984762 0.000000 0.000000 0.000000 0.000000 1.000000
0.999522 0.012473 -0.028275 -0.000000 -0.017134 0.985103 -0.171111 16.254900 0.025719 0.171514 0.984846 0.000000 0.000000 0.000000 0.000000 1.000000
0.999524 0.012321 -0.028278 0.000000 -0.016978 0.985150 -0.170857 16.254900 0.025752 0.171255 0.984890 -0.000000 0.000000 0.000000 0.000000 1.000000
0.999521 0.012542 -0.028296 0.000000 -0.017198 0.985146 -0.170856 16.254900 0.025733 0.171260 0.984890 0.000000 0.000000 0.000000 0.000000 1.000000
0.999514 0.012978 -0.028332 -0.000000 -0.017636 0.985124 -0.170939 16.254900 0.025692 0.171356 0.984874 0.000000 0.000000 0.000000 0.000000 1.000000
0.999508 0.013401 -0.028351 -0.000000 -0.018060 0.985094 -0.171068 16.254900 0.025636 0.171495 0.984851 0.000000 0.000000 0.000000 0.000000 1.000000
0.999505 0.013595 -0.028365 0.000000 -0.018257 0.985062 -0.171230 16.254900 0.025614 0.171664 0.984823 0.000000 0.000000 0.000000 0.000000 1.000000
0.999503 0.013737 -0.028363 0.000000 -0.018404 0.985017 -0.171474 16.254900 0.025582 0.171911 0.984780 -0.000000 0.000000 0.000000 0.000000 1.000000
0.999502 0.013830 -0.028358 -0.000000 -0.018505 0.984948 -0.171859 16.254900 0.025555 0.172298 0.984713 -0.000000 0.000000 0.000000 0.000000 1.000000
0.999502 0.013861 -0.028359 -0.000000 -0.018547 0.984868 -0.172310 16.254900 0.025542 0.172750 0.984634 0.000000 0.000000 0.000000 0.000000 1.000000
0.999501 0.013879 -0.028359 -0.000000 -0.018575 0.984795 -0.172727 16.254900 0.025531 0.173167 0.984561 0.000000 0.000000 0.000000 0.000000 1.000000
0.999501 0.013881 -0.028359 0.000000 -0.018590 0.984707 -0.173223 16.254900 0.025520 0.173664 0.984474 -0.000000 0.000000 0.000000 0.000000 1.000000
0.999502 0.013877 -0.028358 -0.000000 -0.018601 0.984607 -0.173789 16.254900 0.025510 0.174230 0.984375 -0.000000 0.000000 0.000000 0.000000 1.000000
0.999502 0.013875 -0.028357 -0.000000 -0.018613 0.984506 -0.174358 16.254900 0.025498 0.174798 0.984274 -0.000000 0.000000 0.000000 0.000000 1.000000
0.999501 0.013879 -0.028358 -0.000000 -0.018631 0.984412 -0.174891 16.254900 0.025489 0.175332 0.984179 0.000000 0.000000 0.000000 0.000000 1.000000
0.999501 0.013904 -0.028366 0.000000 -0.018669 0.984331 -0.175338 16.254900 0.025483 0.175780 0.984100 0.000000 0.000000 0.000000 0.000000 1.000000
0.999500 0.013948 -0.028377 0.000000 -0.018725 0.984256 -0.175756 16.254900 0.025479 0.176200 0.984025 0.000000 0.000000 0.000000 0.000000 1.000000
0.999500 0.013968 -0.028380 0.000000 -0.018754 0.984194 -0.176096 16.254900 0.025471 0.176540 0.983964 0.000000 0.000000 0.000000 0.000000 1.000000
0.999500 0.013974 -0.028378 0.000000 -0.018767 0.984145 -0.176371 16.254900 0.025464 0.176815 0.983915 -0.000000 0.000000 0.000000 0.000000 1.000000
0.999500 0.013980 -0.028377 0.000000 -0.018778 0.984108 -0.176576 16.254900 0.025457 0.177021 0.983878 0.000000 0.000000 0.000000 0.000000 1.000000
0.999500 0.013983 -0.028376 -0.000000 -0.018788 0.984062 -0.176828 16.254900 0.025451 0.177273 0.983833 -0.000000 0.000000 0.000000 0.000000 1.000000
0.999500 0.013983 -0.028375 0.000000 -0.018795 0.984008 -0.177128 16.254900 0.025445 0.177572 0.983779 0.000000 0.000000 0.000000 0.000000 1.000000
0.999500 0.013974 -0.028374 0.000000 -0.018795 0.983942 -0.177498 16.254900 0.025438 0.177942 0.983712 0.000000 0.000000 0.000000 0.000000 1.000000
0.999500 0.013944 -0.028371 -0.000000 -0.018778 0.983856 -0.177975 16.254900 0.025432 0.178419 0.983626 0.000000 0.000000 0.000000 0.000000 1.000000
0.999501 0.013888 -0.028357 0.000000 -0.018729 0.983798 -0.178302 16.254900 0.025421 0.178744 0.983567 0.000000 0.000000 0.000000 0.000000 1.000000
0.999504 0.013790 -0.028321 -0.000000 -0.018631 0.983761 -0.178515 16.254900 0.025399 0.178954 0.983530 -0.000000 0.000000 0.000000 0.000000 1.000000
0.999506 0.013693 -0.028288 -0.000000 -0.018542 0.983676 -0.178993 16.254900 0.025375 0.179429 0.983444 0.000000 0.000000 0.000000 0.000000 1.000000
0.999507 0.013635 -0.028281 -0.000000 -0.018513 0.983471 -0.180117 16.254900 0.025358 0.180552 0.983239 0.000000 0.000000 0.000000 0.000000 1.000000
0.999507 0.013595 -0.028288 0.000000 -0.018518 0.983163 -0.181790 16.254900 0.025340 0.182224 0.982930 0.000000 0.000000 0.000000 0.000000 1.000000
0.999508 0.013554 -0.028289 0.000000 -0.018523 0.982835 -0.183552 16.254900 0.025316 0.183986 0.982603 -0.000000 0.000000 0.000000 0.000000 1.000000
0.999508 0.013585 -0.028280 0.000000 -0.018593 0.982534 -0.185154 16.254900 0.025271 0.185588 0.982303 0.000000 0.000000 0.000000 0.000000 1.000000
0.999509 0.013527 -0.028250 -0.000000 -0.018544 0.982435 -0.185684 16.254900 0.025242 0.186117 0.982203 0.000000 0.000000 0.000000 0.000000 1.000000
0.999511 0.013461 -0.028207 0.000000 -0.018480 0.982368 -0.186039 16.254900 0.025206 0.186470 0.982137 0.000000 0.000000 0.000000 0.000000 1.000000
0.999514 0.013362 -0.028160 0.000000 -0.018378 0.982345 -0.186172 16.254900 0.025175 0.186599 0.982113 0.000000 0.000000 0.000000 0.000000 1.000000
0.999517 0.013250 -0.028121 0.000000 -0.018260 0.982352 -0.186147 16.254900 0.025159 0.186570 0.982119 -0.000000 0.000000 0.000000 0.000000 1.000000
0.999519 0.013135 -0.028085 -0.000000 -0.018137 0.982380 -0.186014 16.254900 0.025147 0.186434 0.982146 -0.000000 0.000000 0.000000 0.000000 1.000000
0.999521 0.013007 -0.028068 -0.000000 -0.018000 0.982434 -0.185740 16.254900 0.025160 0.186157 0.982198 0.000000 0.000000 0.000000 0.000000 1.000000
0.999522 0.012920 -0.028072 0.000000 -0.017906 0.982505 -0.185372 16.254900 0.025186 0.185786 0.982267 -0.000000 0.000000 0.000000 0.000000 1.000000
0.999522 0.012905 -0.028080 -0.000000 -0.017882 0.982581 -0.184975 16.254900 0.025204 0.185389 0.982342 -0.000000 0.000000 0.000000 0.000000 1.000000
0.999523 0.012835 -0.028104 0.000000 -0.017807 0.982664 -0.184539 16.254900 0.025248 0.184951 0.982423 0.000000 0.000000 0.000000 0.000000 1.000000
0.999523 0.012742 -0.028136 0.000000 -0.017710 0.982751 -0.184084 16.254900 0.025305 0.184494 0.982508 0.000000 0.000000 0.000000 0.000000 1.000000
0.999523 0.012581 -0.028214 -0.000000 -0.017554 0.982839 -0.183628 16.254900 0.025420 0.184035 0.982591 0.000000 0.000000 0.000000 0.000000 1.000000
0.999522 0.012493 -0.028293 0.000000 -0.017472 0.982914 -0.183235 16.254900 0.025520 0.183642 0.982662 -0.000000 0.000000 0.000000 0.000000 1.000000
0.999521 0.012488 -0.028322 0.000000 -0.017464 0.982971 -0.182932 16.254900 0.025555 0.183339 0.982718 -0.000000 0.000000 0.000000 0.000000 1.000000</float_array>
        <technique_common>
          <accessor source="#mixamorig_Spine1-Matrix-animation-output-transform-array" count="71" stride="16">
            <param type="float4x4"/>
          </accessor>
        </technique_common>
      </source>
      <source id="mixamorig_Spine1-Interpolations">
        <Name_array id="mixamorig_Spine1-Interpolations-array" count="71">
 LINEAR LINEAR LINEAR LINEAR LINEAR LINEAR LINEAR LINEAR LINEAR LINEAR LINEAR
LINEAR LINEAR LINEAR LINEAR LINEAR LINEAR LINEAR LINEAR LINEAR LINEAR LINEAR LINEAR
LINEAR LINEAR LINEAR LINEAR LINEAR LINEAR LINEAR LINEAR LINEAR LINEAR LINEAR LINEAR
LINEAR LINEAR LINEAR LINEAR LINEAR LINEAR LINEAR LINEAR LINEAR LINEAR LINEAR LINEAR
LINEAR LINEAR LINEAR LINEAR LINEAR LINEAR LINEAR LINEAR LINEAR LINEAR LINEAR LINEAR
LINEAR LINEAR LINEAR LINEAR LINEAR LINEAR LINEAR LINEAR LINEAR LINEAR LINEAR LINEAR</Name_array>
        <technique_common>
          <accessor source="#mixamorig_Spine1-Interpolations-array" count="71">
            <param type="name"/>
          </accessor>
        </technique_common>
      </source>
      <sampler id="mixamorig_Spine1-Matrix-animation-transform">
        <input semantic="INPUT" source="#mixamorig_Spine1-Matrix-animation-input"/>
        <input semantic="OUTPUT" source="#mixamorig_Spine1-Matrix-animation-output-transform"/>
        <input semantic="INTERPOLATION" source="#mixamorig_Spine1-Interpolations"/>
      </sampler>
      <channel source="#mixamorig_Spine1-Matrix-animation-transform" target="mixamorig_Spine1/matrix"/>
    </animation>
    <animation id="mixamorig_Spine2-anim" name="mixamorig_Spine2">
      <source id="mixamorig_Spine2-Matrix-animation-input">
        <float_array id="mixamorig_Spine2-Matrix-animation-input-array" count="71">

0.000000 0.033333 0.066667 0.100000 0.133333 0.166667 0.200000 0.233333 0.266667 0.300000 0.333333 0.366667 0.400000 0.433333 0.466667 0.500000
0.533333 0.566667 0.600000 0.633333 0.666667 0.700000 0.733333 0.766667 0.800000 0.833333 0.866667 0.900000 0.933333 0.966667 1.000000 1.033333
1.066667 1.100000 1.133333 1.166667 1.200000 1.233333 1.266667 1.300000 1.333333 1.366667 1.400000 1.433333 1.466667 1.500000 1.533333 1.566667
1.600000 1.633333 1.666667 1.700000 1.733333 1.766667 1.800000 1.833333 1.866667 1.900000 1.933333 1.966667 2.000000 2.033333 2.066667 2.100000
2.133333 2.166667 2.200000 2.233333 2.266667 2.300000 2.333333</float_array>
        <technique_common>
          <accessor source="#mixamorig_Spine2-Matrix-animation-input-array" count="71">
            <param name="TIME" type="float"/>
          </accessor>
        </technique_common>
      </source>
      <source id="mixamorig_Spine2-Matrix-animation-output-transform">
        <float_array id="mixamorig_Spine2-Matrix-animation-output-transform-array" count="1136">

0.999525 0.009588 -0.029301 0.000000 -0.019366 0.934766 -0.354736 13.700700 0.023989 0.355134 0.934507 0.000000 0.000000 0.000000 0.000000 1.000000
0.999533 0.009063 -0.029168 0.000000 -0.018822 0.934863 -0.354509 13.700700 0.024055 0.354893 0.934597 -0.000000 0.000000 0.000000 0.000000 1.000000
0.999540 0.008658 -0.029062 -0.000000 -0.018398 0.934973 -0.354241 13.700700 0.024105 0.354612 0.934703 0.000000 0.000000 0.000000 0.000000 1.000000
0.999543 0.008467 -0.029004 -0.000000 -0.018187 0.935154 -0.353774 13.700700 0.024128 0.354140 0.934881 0.000000 0.000000 0.000000 0.000000 1.000000
0.999544 0.008477 -0.028996 -0.000000 -0.018179 0.935373 -0.353196 13.700700 0.024127 0.353562 0.935100 0.000000 0.000000 0.000000 0.000000 1.000000
0.999541 0.008628 -0.029024 -0.000000 -0.018316 0.935575 -0.352652 13.700700 0.024111 0.353022 0.935304 -0.000000 0.000000 0.000000 0.000000 1.000000
0.999538 0.008902 -0.029066 0.000000 -0.018572 0.935795 -0.352055 13.700700 0.024065 0.352433 0.935528 0.000000 0.000000 0.000000 0.000000 1.000000
0.999536 0.009073 -0.029087 -0.000000 -0.018720 0.936078 -0.351295 13.700700 0.024040 0.351676 0.935813 0.000000 0.000000 0.000000 0.000000 1.000000
0.999533 0.009288 -0.029121 0.000000 -0.018914 0.936343 -0.350577 13.700700 0.024011 0.350964 0.936081 -0.000000 0.000000 0.000000 0.000000 1.000000
0.999529 0.009567 -0.029165 0.000000 -0.019176 0.936557 -0.349989 13.700700 0.023966 0.350384 0.936300 0.000000 0.000000 0.000000 0.000000 1.000000
0.999523 0.010004 -0.029227 0.000000 -0.019597 0.936696 -0.349594 13.700700 0.023879 0.349999 0.936445 0.000000 0.000000 0.000000 0.000000 1.000000
0.999515 0.010511 -0.029296 -0.000000 -0.020090 0.936789 -0.349318 13.700700 0.023773 0.349738 0.936546 0.000000 0.000000 0.000000 0.000000 1.000000
0.999509 0.010945 -0.029351 0.000000 -0.020506 0.936925 -0.348928 13.700700 0.023681 0.349358 0.936690 0.000000 0.000000 0.000000 0.000000 1.000000
0.999506 0.011197 -0.029371 -0.000000 -0.020736 0.937124 -0.348379 13.700700 0.023623 0.348816 0.936894 0.000000 0.000000 0.000000 0.000000 1.000000
0.999504 0.011364 -0.029377 -0.000000 -0.020881 0.937316 -0.347854 13.700700 0.023583 0.348294 0.937089 -0.000000 0.000000 0.000000 0.000000 1.000000
0.999502 0.011519 -0.029386 0.000000 -0.021017 0.937499 -0.347354 13.700700 0.023548 0.347798 0.937274 -0.000000 0.000000 0.000000 0.000000 1.000000
0.999500 0.011650 -0.029396 0.000000 -0.021130 0.937684 -0.346847 13.700700 0.023523 0.347295 0.937461 0.000000 0.000000 0.000000 0.000000 1.000000
0.999499 0.011729 -0.029401 0.000000 -0.021197 0.937830 -0.346448 13.700700 0.023510 0.346898 0.937608 -0.000000 0.000000 0.000000 0.000000 1.000000
0.999499 0.011742 -0.029396 0.000000 -0.021197 0.937972 -0.346062 13.700700 0.023509 0.346512 0.937751 0.000000 0.000000 0.000000 0.000000 1.000000
0.999501 0.011617 -0.029359 0.000000 -0.021058 0.938109 -0.345701 13.700700 0.023526 0.346146 0.937885 0.000000 0.000000 0.000000 0.000000 1.000000
0.999506 0.011296 -0.029323 0.000000 -0.020738 0.938203 -0.345463 13.700700 0.023609 0.345901 0.937974 0.000000 0.000000 0.000000 0.000000 1.000000
0.999511 0.010907 -0.029296 -0.000000 -0.020357 0.938302 -0.345217 13.700700 0.023723 0.345644 0.938066 -0.000000 0.000000 0.000000 0.000000 1.000000
0.999514 0.010601 -0.029305 -0.000000 -0.020065 0.938421 -0.344911 13.700700 0.023844 0.345331 0.938178 0.000000 0.000000 0.000000 0.000000 1.000000
0.999514 0.010427 -0.029371 -0.000000 -0.019919 0.938505 -0.344690 13.700700 0.023971 0.345108 0.938257 0.000000 0.000000 0.000000 0.000000 1.000000
0.999514 0.010326 -0.029400 0.000000 -0.019833 0.938533 -0.344620 13.700700 0.024034 0.345035 0.938282 -0.000000 0.000000 0.000000 0.000000 1.000000
0.999515 0.010267 -0.029405 0.000000 -0.019778 0.938555 -0.344562 13.700700 0.024061 0.344976 0.938303 -0.000000 0.000000 0.000000 0.000000 1.000000
0.999516 0.010186 -0.029397 0.000000 -0.019693 0.938638 -0.344340 13.700700 0.024086 0.344752 0.938385 0.000000 0.000000 0.000000 0.000000 1.000000
0.999519 0.009998 -0.029366 0.000000 -0.019496 0.938783 -0.343957 13.700700 0.024130 0.344364 0.938526 0.000000 0.000000 0.000000 0.000000 1.000000
0.999522 0.009751 -0.029325 -0.000000 -0.019238 0.938955 -0.343502 13.700700 0.024186 0.343903 0.938694 -0.000000 0.000000 0.000000 0.000000 1.000000
0.999524 0.009599 -0.029314 0.000000 -0.019085 0.939046 -0.343260 13.700700 0.024232 0.343656 0.938783 0.000000 0.000000 0.000000 0.000000 1.000000
0.999521 0.009817 -0.029353 0.000000 -0.019303 0.939043 -0.343259 13.700700 0.024193 0.343661 0.938782 0.000000 0.000000 0.000000 0.000000 1.000000
0.999514 0.010248 -0.029430 -0.000000 -0.019737 0.939005 -0.343338 13.700700 0.024116 0.343752 0.938751 0.000000 0.000000 0.000000 0.000000 1.000000
0.999508 0.010667 -0.029489 0.000000 -0.020154 0.938951 -0.343459 13.700700 0.024025 0.343884 0.938705 0.000000 0.000000 0.000000 0.000000 1.000000
0.999505 0.010858 -0.029521 0.000000 -0.020349 0.938891 -0.343614 13.700700 0.023986 0.344044 0.938647 0.000000 0.000000 0.000000 0.000000 1.000000
0.999503 0.011001 -0.029532 -0.000000 -0.020492 0.938803 -0.343846 13.700700 0.023942 0.344280 0.938562 -0.000000 0.000000 0.000000 0.000000 1.000000
0.999502 0.011094 -0.029536 0.000000 -0.020590 0.938666 -0.344212 13.700700 0.023906 0.344649 0.938427 -0.000000 0.000000 0.000000 0.000000 1.000000
0.999502 0.011124 -0.029540 -0.000000 -0.020631 0.938507 -0.344642 13.700700 0.023890 0.345080 0.938269 0.000000 0.000000 0.000000 0.000000 1.000000
0.999501 0.011142 -0.029542 0.000000 -0.020659 0.938361 -0.345039 13.700700 0.023877 0.345477 0.938123 0.000000 0.000000 0.000000 0.000000 1.000000
0.999501 0.011144 -0.029542 0.000000 -0.020673 0.938186 -0.345513 13.700700 0.023865 0.345951 0.937949 0.000000 0.000000 0.000000 0.000000 1.000000
0.999502 0.011140 -0.029540 0.000000 -0.020682 0.937988 -0.346051 13.700700 0.023853 0.346490 0.937751 0.000000 0.000000 0.000000 0.000000 1.000000
0.999502 0.011138 -0.029539 0.000000 -0.020693 0.937787 -0.346593 13.700700 0.023841 0.347032 0.937550 0.000000 0.000000 0.000000 0.000000 1.000000
0.999501 0.011142 -0.029541 0.000000 -0.020711 0.937599 -0.347100 13.700700 0.023830 0.347539 0.937363 0.000000 0.000000 0.000000 0.000000 1.000000
0.999501 0.011166 -0.029550 0.000000 -0.020747 0.937440 -0.347527 13.700700 0.023821 0.347967 0.937204 -0.000000 0.000000 0.000000 0.000000 1.000000
0.999500 0.011209 -0.029566 -0.000000 -0.020803 0.937292 -0.347925 13.700700 0.023812 0.348366 0.937056 0.000000 0.000000 0.000000 0.000000 1.000000
0.999500 0.011228 -0.029571 0.000000 -0.020831 0.937171 -0.348248 13.700700 0.023802 0.348690 0.936936 -0.000000 0.000000 0.000000 0.000000 1.000000
0.999500 0.011235 -0.029570 -0.000000 -0.020844 0.937073 -0.348510 13.700700 0.023794 0.348952 0.936839 0.000000 0.000000 0.000000 0.000000 1.000000
0.999500 0.011241 -0.029569 0.000000 -0.020854 0.937000 -0.348706 13.700700 0.023786 0.349148 0.936766 0.000000 0.000000 0.000000 0.000000 1.000000
0.999500 0.011244 -0.029569 0.000000 -0.020863 0.936911 -0.348946 13.700700 0.023779 0.349388 0.936676 0.000000 0.000000 0.000000 0.000000 1.000000
0.999500 0.011244 -0.029568 -0.000000 -0.020870 0.936804 -0.349231 13.700700 0.023772 0.349673 0.936570 0.000000 0.000000 0.000000 0.000000 1.000000
0.999500 0.011235 -0.029565 0.000000 -0.020870 0.936673 -0.349583 13.700700 0.023765 0.350025 0.936439 0.000000 0.000000 0.000000 0.000000 1.000000
0.999500 0.011206 -0.029560 0.000000 -0.020852 0.936504 -0.350037 13.700700 0.023761 0.350478 0.936269 0.000000 0.000000 0.000000 0.000000 1.000000
0.999501 0.011152 -0.029540 -0.000000 -0.020802 0.936388 -0.350348 13.700700 0.023754 0.350788 0.936153 -0.000000 0.000000 0.000000 0.000000 1.000000
0.999504 0.011057 -0.029495 -0.000000 -0.020703 0.936315 -0.350551 13.700700 0.023740 0.350988 0.936079 0.000000 0.000000 0.000000 0.000000 1.000000
0.999506 0.010964 -0.029453 0.000000 -0.020612 0.936146 -0.351007 13.700700 0.023724 0.351440 0.935910 0.000000 0.000000 0.000000 0.000000 1.000000
0.999507 0.010907 -0.029441 0.000000 -0.020582 0.935745 -0.352077 13.700700 0.023709 0.352509 0.935508 0.000000 0.000000 0.000000 0.000000 1.000000
0.999507 0.010866 -0.029444 -0.000000 -0.020585 0.935144 -0.353668 13.700700 0.023692 0.354100 0.934907 0.000000 0.000000 0.000000 0.000000 1.000000
0.999508 0.010826 -0.029442 0.000000 -0.020589 0.934509 -0.355344 13.700700 0.023667 0.355775 0.934272 0.000000 0.000000 0.000000 0.000000 1.000000
0.999508 0.010857 -0.029435 0.000000 -0.020654 0.933927 -0.356866 13.700700 0.023616 0.357299 0.933692 0.000000 0.000000 0.000000 0.000000 1.000000
0.999509 0.010802 -0.029400 0.000000 -0.020603 0.933735 -0.357371 13.700700 0.023591 0.357801 0.933500 0.000000 0.000000 0.000000 0.000000 1.000000
0.999511 0.010740 -0.029351 0.000000 -0.020536 0.933607 -0.357709 13.700700 0.023561 0.358137 0.933372 0.000000 0.000000 0.000000 0.000000 1.000000
0.999514 0.010646 -0.029295 -0.000000 -0.020432 0.933561 -0.357835 13.700700 0.023539 0.358260 0.933325 0.000000 0.000000 0.000000 0.000000 1.000000
0.999517 0.010538 -0.029246 -0.000000 -0.020313 0.933573 -0.357812 13.700700 0.023532 0.358233 0.933336 -0.000000 0.000000 0.000000 0.000000 1.000000
0.999519 0.010428 -0.029199 -0.000000 -0.020189 0.933624 -0.357685 13.700700 0.023531 0.358103 0.933386 -0.000000 0.000000 0.000000 0.000000 1.000000
0.999521 0.010301 -0.029170 -0.000000 -0.020054 0.933726 -0.357426 13.700700 0.023555 0.357840 0.933486 0.000000 0.000000 0.000000 0.000000 1.000000
0.999522 0.010214 -0.029166 -0.000000 -0.019963 0.933862 -0.357076 13.700700 0.023590 0.357488 0.933620 0.000000 0.000000 0.000000 0.000000 1.000000
0.999522 0.010198 -0.029172 -0.000000 -0.019941 0.934007 -0.356699 13.700700 0.023609 0.357110 0.933764 0.000000 0.000000 0.000000 0.000000 1.000000
0.999523 0.010126 -0.029189 0.000000 -0.019869 0.934166 -0.356284 13.700700 0.023659 0.356694 0.933922 0.000000 0.000000 0.000000 0.000000 1.000000
0.999523 0.010031 -0.029212 0.000000 -0.019777 0.934333 -0.355851 13.700700 0.023725 0.356259 0.934086 -0.000000 0.000000 0.000000 0.000000 1.000000
0.999523 0.009864 -0.029275 0.000000 -0.019632 0.934501 -0.355418 13.700700 0.023852 0.355823 0.934249 -0.000000 0.000000 0.000000 0.000000 1.000000
0.999522 0.009768 -0.029345 0.000000 -0.019558 0.934645 -0.355044 13.700700 0.023959 0.355448 0.934389 0.000000 0.000000 0.000000 0.000000 1.000000
0.999521 0.009761 -0.029373 0.000000 -0.019554 0.934754 -0.354756 13.700700 0.023994 0.355160 0.934497 0.000000 0.000000 0.000000 0.000000 1.000000</float_array>
        <technique_common>
          <accessor source="#mixamorig_Spine2-Matrix-animation-output-transform-array" count="71" stride="16">
            <param type="float4x4"/>
          </accessor>
        </technique_common>
      </source>
      <source id="mixamorig_Spine2-Interpolations">
        <Name_array id="mixamorig_Spine2-Interpolations-array" count="71">
 LINEAR LINEAR LINEAR LINEAR LINEAR LINEAR LINEAR LINEAR LINEAR LINEAR LINEAR
LINEAR LINEAR LINEAR LINEAR LINEAR LINEAR LINEAR LINEAR LINEAR LINEAR LINEAR LINEAR
LINEAR LINEAR LINEAR LINEAR LINEAR LINEAR LINEAR LINEAR LINEAR LINEAR LINEAR LINEAR
LINEAR LINEAR LINEAR LINEAR LINEAR LINEAR LINEAR LINEAR LINEAR LINEAR LINEAR LINEAR
LINEAR LINEAR LINEAR LINEAR LINEAR LINEAR LINEAR LINEAR LINEAR LINEAR LINEAR LINEAR
LINEAR LINEAR LINEAR LINEAR LINEAR LINEAR LINEAR LINEAR LINEAR LINEAR LINEAR LINEAR</Name_array>
        <technique_common>
          <accessor source="#mixamorig_Spine2-Interpolations-array" count="71">
            <param type="name"/>
          </accessor>
        </technique_common>
      </source>
      <sampler id="mixamorig_Spine2-Matrix-animation-transform">
        <input semantic="INPUT" source="#mixamorig_Spine2-Matrix-animation-input"/>
        <input semantic="OUTPUT" source="#mixamorig_Spine2-Matrix-animation-output-transform"/>
        <input semantic="INTERPOLATION" source="#mixamorig_Spine2-Interpolations"/>
      </sampler>
      <channel source="#mixamorig_Spine2-Matrix-animation-transform" target="mixamorig_Spine2/matrix"/>
    </animation>
    <animation id="mixamorig_Neck-anim" name="mixamorig_Neck">
      <source id="mixamorig_Neck-Matrix-animation-input">
        <float_array id="mixamorig_Neck-Matrix-animation-input-array" count="71">

0.000000 0.033333 0.066667 0.100000 0.133333 0.166667 0.200000 0.233333 0.266667 0.300000 0.333333 0.366667 0.400000 0.433333 0.466667 0.500000
0.533333 0.566667 0.600000 0.633333 0.666667 0.700000 0.733333 0.766667 0.800000 0.833333 0.866667 0.900000 0.933333 0.966667 1.000000 1.033333
1.066667 1.100000 1.133333 1.166667 1.200000 1.233333 1.266667 1.300000 1.333333 1.366667 1.400000 1.433333 1.466667 1.500000 1.533333 1.566667
1.600000 1.633333 1.666667 1.700000 1.733333 1.766667 1.800000 1.833333 1.866667 1.900000 1.933333 1.966667 2.000000 2.033333 2.066667 2.100000
2.133333 2.166667 2.200000 2.233333 2.266667 2.300000 2.333333</float_array>
        <technique_common>
          <accessor source="#mixamorig_Neck-Matrix-animation-input-array" count="71">
            <param name="TIME" type="float"/>
          </accessor>
        </technique_common>
      </source>
      <source id="mixamorig_Neck-Matrix-animation-output-transform">
        <float_array id="mixamorig_Neck-Matrix-animation-output-transform-array" count="1136">

0.998979 -0.008954 0.044289 0.000000 -0.000286 0.978898 0.204348 13.877400 -0.045184 -0.204152 0.977896 -4.354200 0.000000 0.000000 0.000000 1.000000
0.998962 -0.010564 0.044300 0.000000 0.001411 0.979437 0.201744 13.877400 -0.045520 -0.201473 0.978436 -4.354200 0.000000 0.000000 0.000000 1.000000
0.998946 -0.011465 0.044447 -0.000000 0.002412 0.980076 0.198611 13.877400 -0.045839 -0.198294 0.979070 -4.354200 0.000000 0.000000 0.000000 1.000000
0.998939 -0.012191 0.044417 -0.000000 0.003316 0.980870 0.194637 13.877400 -0.045940 -0.194283 0.979869 -4.354200 0.000000 0.000000 0.000000 1.000000
0.998936 -0.013040 0.044235 0.000000 0.004388 0.981715 0.190307 13.877400 -0.045908 -0.189910 0.980728 -4.354200 0.000000 0.000000 0.000000 1.000000
0.998935 -0.013859 0.044005 0.000000 0.005412 0.982431 0.186549 13.877400 -0.045818 -0.186112 0.981460 -4.354200 0.000000 0.000000 0.000000 1.000000
0.998937 -0.015054 0.043573 0.000000 0.006843 0.983130 0.182779 13.877400 -0.045590 -0.182287 0.982188 -4.354200 0.000000 0.000000 0.000000 1.000000
0.998954 -0.015753 0.042938 0.000000 0.007859 0.983971 0.178155 13.877400 -0.045057 -0.177632 0.983065 -4.354200 0.000000 0.000000 0.000000 1.000000
0.998980 -0.016867 0.041898 0.000000 0.009358 0.984817 0.173343 13.877400 -0.044186 -0.172774 0.983970 -4.354200 0.000000 0.000000 0.000000 1.000000
0.998996 -0.018191 0.040951 -0.000000 0.011041 0.985638 0.168510 13.877400 -0.043428 -0.167889 0.984849 -4.354200 0.000000 0.000000 0.000000 1.000000
0.999008 -0.019661 0.039967 0.000000 0.012835 0.986313 0.164381 13.877400 -0.042652 -0.163704 0.985587 -4.354200 0.000000 0.000000 0.000000 1.000000
0.999016 -0.020981 0.039085 -0.000000 0.014401 0.986750 0.161606 13.877400 -0.041958 -0.160884 0.986081 -4.354200 0.000000 0.000000 0.000000 1.000000
0.999028 -0.022061 0.038166 -0.000000 0.015702 0.987066 0.159541 13.877400 -0.041192 -0.158786 0.986453 -4.354200 0.000000 0.000000 0.000000 1.000000
0.999042 -0.022870 0.037307 -0.000000 0.016698 0.987284 0.158090 13.877400 -0.040448 -0.157316 0.986720 -4.354200 0.000000 0.000000 0.000000 1.000000
0.999052 -0.023696 0.036514 0.000000 0.017651 0.987315 0.157788 13.877400 -0.039790 -0.156994 0.986798 -4.354200 0.000000 0.000000 0.000000 1.000000
0.999050 -0.024394 0.036111 0.000000 0.018393 0.987259 0.158053 13.877400 -0.039506 -0.157239 0.986770 -4.354200 0.000000 0.000000 0.000000 1.000000
0.999042 -0.024812 0.036034 0.000000 0.018800 0.987178 0.158511 13.877400 -0.039505 -0.157682 0.986699 -4.354200 0.000000 0.000000 0.000000 1.000000
0.999034 -0.025277 0.035934 0.000000 0.019209 0.986902 0.160175 13.877400 -0.039512 -0.159330 0.986434 -4.354200 0.000000 0.000000 0.000000 1.000000
0.999037 -0.025569 0.035662 0.000000 0.019436 0.986466 0.162807 13.877400 -0.039342 -0.161957 0.986013 -4.354200 0.000000 0.000000 0.000000 1.000000
0.999051 -0.025926 0.035009 -0.000000 0.019742 0.985815 0.166673 13.877400 -0.038834 -0.165823 0.985391 -4.354200 0.000000 0.000000 0.000000 1.000000
0.999072 -0.026395 0.034026 0.000000 0.020152 0.984843 0.172275 13.877400 -0.038058 -0.171429 0.984461 -4.354200 0.000000 0.000000 0.000000 1.000000
0.999081 -0.027078 0.033217 -0.000000 0.020714 0.983659 0.178847 13.877400 -0.037517 -0.177995 0.983316 -4.354200 0.000000 0.000000 0.000000 1.000000
0.999082 -0.027929 0.032475 0.000000 0.021423 0.982357 0.185784 13.877400 -0.037091 -0.184918 0.982054 -4.354200 0.000000 0.000000 0.000000 1.000000
0.999065 -0.029147 0.031925 0.000000 0.022457 0.980974 0.192834 13.877400 -0.036938 -0.191937 0.980712 -4.354200 0.000000 0.000000 0.000000 1.000000
0.999038 -0.030596 0.031414 0.000000 0.023703 0.979479 0.200147 13.877400 -0.036893 -0.199209 0.979262 -4.354200 0.000000 0.000000 0.000000 1.000000
0.998998 -0.032440 0.030825 0.000000 0.025362 0.977959 0.207253 13.877400 -0.036869 -0.206263 0.977802 -4.354200 0.000000 0.000000 0.000000 1.000000
0.998961 -0.034062 0.030286 0.000000 0.026786 0.976341 0.214569 13.877400 -0.036878 -0.213535 0.976239 -4.354200 0.000000 0.000000 0.000000 1.000000
0.998922 -0.035577 0.029822 0.000000 0.028088 0.974662 0.221911 13.877400 -0.036961 -0.220834 0.974611 -4.354200 0.000000 0.000000 0.000000 1.000000
0.998863 -0.037154 0.029872 0.000000 0.029352 0.973038 0.228768 13.877400 -0.037566 -0.227631 0.973023 -4.354200 0.000000 0.000000 0.000000 1.000000
0.998782 -0.038640 0.030674 0.000000 0.030366 0.971508 0.235055 13.877400 -0.038883 -0.233837 0.971498 -4.354200 0.000000 0.000000 0.000000 1.000000
0.998674 -0.040570 0.031699 0.000000 0.031795 0.970233 0.240077 13.877400 -0.040495 -0.238751 0.970236 -4.354200 0.000000 0.000000 0.000000 1.000000
0.998551 -0.042537 0.032950 0.000000 0.033304 0.969594 0.242441 13.877400 -0.042261 -0.240992 0.969607 -4.354200 0.000000 0.000000 0.000000 1.000000
0.998451 -0.044113 0.033907 -0.000000 0.034631 0.969701 0.241829 13.877400 -0.043548 -0.240281 0.969726 -4.354200 0.000000 0.000000 0.000000 1.000000
0.998380 -0.045138 0.034644 0.000000 0.035585 0.970405 0.238847 13.877400 -0.044400 -0.237228 0.970439 -4.354200 0.000000 0.000000 0.000000 1.000000
0.998329 -0.046046 0.034920 -0.000000 0.036573 0.971273 0.235142 13.877400 -0.044744 -0.233472 0.971334 -4.354200 0.000000 0.000000 0.000000 1.000000
0.998300 -0.046898 0.034605 0.000000 0.037637 0.972082 0.231604 13.877400 -0.044501 -0.229908 0.972194 -4.354200 0.000000 0.000000 0.000000 1.000000
0.998302 -0.047539 0.033656 0.000000 0.038619 0.972769 0.228538 13.877400 -0.043604 -0.226850 0.972953 -4.354200 0.000000 0.000000 0.000000 1.000000
0.998342 -0.047773 0.032110 0.000000 0.039329 0.973450 0.225496 13.877400 -0.042030 -0.223859 0.973715 -4.354200 0.000000 0.000000 0.000000 1.000000
0.998391 -0.047744 0.030583 0.000000 0.039763 0.974093 0.222624 13.877400 -0.040420 -0.221050 0.974425 -4.354200 0.000000 0.000000 0.000000 1.000000
0.998430 -0.047680 0.029391 0.000000 0.040076 0.974716 0.219826 13.877400 -0.039129 -0.218303 0.975096 -4.354200 0.000000 0.000000 0.000000 1.000000
0.998468 -0.047380 0.028596 0.000000 0.040071 0.975366 0.216922 13.877400 -0.038169 -0.215443 0.975770 -4.354200 0.000000 0.000000 0.000000 1.000000
0.998497 -0.046979 0.028216 0.000000 0.039875 0.976025 0.213973 13.877400 -0.037592 -0.212526 0.976432 -4.354200 0.000000 0.000000 0.000000 1.000000
0.998523 -0.046635 0.027879 -0.000000 0.039720 0.976660 0.211088 13.877400 -0.037072 -0.209669 0.977069 -4.354200 0.000000 0.000000 0.000000 1.000000
0.998537 -0.046244 0.028031 0.000000 0.039392 0.977161 0.208815 13.877400 -0.037047 -0.207405 0.977553 -4.354200 0.000000 0.000000 0.000000 1.000000
0.998543 -0.045559 0.028932 -0.000000 0.038600 0.977553 0.207122 13.877400 -0.037719 -0.205703 0.977887 -4.354200 0.000000 0.000000 0.000000 1.000000
0.998541 -0.044814 0.030132 0.000000 0.037665 0.977806 0.206097 13.877400 -0.038700 -0.204661 0.978068 -4.354200 0.000000 0.000000 0.000000 1.000000
0.998542 -0.044013 0.031245 0.000000 0.036687 0.978029 0.205216 13.877400 -0.039591 -0.203771 0.978218 -4.354200 0.000000 0.000000 0.000000 1.000000
0.998561 -0.043195 0.031774 0.000000 0.035794 0.978143 0.204830 13.877400 -0.039927 -0.203398 0.978282 -4.354200 0.000000 0.000000 0.000000 1.000000
0.998592 -0.042226 0.032121 0.000000 0.034786 0.978238 0.204548 13.877400 -0.040059 -0.203142 0.978329 -4.354200 0.000000 0.000000 0.000000 1.000000
0.998627 -0.040932 0.032679 0.000000 0.033422 0.978374 0.204124 13.877400 -0.040327 -0.202752 0.978399 -4.354200 0.000000 0.000000 0.000000 1.000000
0.998662 -0.039735 0.033107 0.000000 0.032159 0.978399 0.204211 13.877400 -0.040506 -0.202873 0.978367 -4.354200 0.000000 0.000000 0.000000 1.000000
0.998686 -0.038567 0.033755 0.000000 0.030911 0.978578 0.203543 13.877400 -0.040882 -0.202233 0.978484 -4.354200 0.000000 0.000000 0.000000 1.000000
0.998712 -0.037288 0.034418 0.000000 0.029594 0.978967 0.201859 13.877400 -0.041221 -0.200580 0.978810 -4.354200 0.000000 0.000000 0.000000 1.000000
0.998736 -0.035967 0.035123 0.000000 0.028226 0.979338 0.200249 13.877400 -0.041599 -0.199005 0.979115 -4.354200 0.000000 0.000000 0.000000 1.000000
0.998755 -0.034640 0.035902 0.000000 0.026796 0.979504 0.199632 13.877400 -0.042082 -0.198422 0.979213 -4.354200 0.000000 0.000000 0.000000 1.000000
0.998784 -0.033413 0.036252 0.000000 0.025509 0.979471 0.199965 13.877400 -0.042190 -0.198797 0.979132 -4.354200 0.000000 0.000000 0.000000 1.000000
0.998838 -0.031605 0.036395 0.000000 0.023710 0.979530 0.199899 13.877400 -0.041968 -0.198804 0.979140 -4.354200 0.000000 0.000000 0.000000 1.000000
0.998896 -0.029659 0.036427 0.000000 0.021814 0.979664 0.199457 13.877400 -0.041602 -0.198442 0.979229 -4.354200 0.000000 0.000000 0.000000 1.000000
0.998969 -0.027556 0.036074 -0.000000 0.019903 0.980100 0.197505 13.877400 -0.040798 -0.196583 0.979638 -4.354200 0.000000 0.000000 0.000000 1.000000
0.999052 -0.025736 0.035100 0.000000 0.018352 0.980342 0.196449 13.877400 -0.039466 -0.195619 0.979886 -4.354200 0.000000 0.000000 0.000000 1.000000
0.999146 -0.023940 0.033687 0.000000 0.016879 0.980435 0.196118 13.877400 -0.037723 -0.195382 0.980001 -4.354200 0.000000 0.000000 0.000000 1.000000
0.999228 -0.022203 0.032405 0.000000 0.015411 0.980381 0.196506 13.877400 -0.036132 -0.195855 0.979967 -4.354200 0.000000 0.000000 0.000000 1.000000
0.999281 -0.020538 0.031867 0.000000 0.013847 0.980201 0.197519 13.877400 -0.035293 -0.196935 0.979781 -4.354200 0.000000 0.000000 0.000000 1.000000
0.999292 -0.018902 0.032517 0.000000 0.012070 0.979978 0.198742 13.877400 -0.035623 -0.198209 0.979512 -4.354200 0.000000 0.000000 0.000000 1.000000
0.999270 -0.017448 0.033984 0.000000 0.010300 0.979717 0.200120 13.877400 -0.036787 -0.199624 0.979182 -4.354200 0.000000 0.000000 0.000000 1.000000
0.999248 -0.016114 0.035269 0.000000 0.008677 0.979421 0.201643 13.877400 -0.037792 -0.201185 0.978824 -4.354200 0.000000 0.000000 0.000000 1.000000
0.999226 -0.014535 0.036550 -0.000000 0.006819 0.979162 0.202968 13.877400 -0.038739 -0.202562 0.978503 -4.354200 0.000000 0.000000 0.000000 1.000000
0.999195 -0.012959 0.037960 0.000000 0.004948 0.978966 0.203962 13.877400 -0.039805 -0.203610 0.978243 -4.354200 0.000000 0.000000 0.000000 1.000000
0.999141 -0.011214 0.039902 0.000000 0.002821 0.978871 0.204460 13.877400 -0.041352 -0.204172 0.978061 -4.354200 0.000000 0.000000 0.000000 1.000000
0.999049 -0.009905 0.042452 0.000000 0.001006 0.978824 0.204701 13.877400 -0.043581 -0.204463 0.977904 -4.354200 0.000000 0.000000 0.000000 1.000000
0.998978 -0.008731 0.044349 0.000000 -0.000515 0.978902 0.204330 13.877400 -0.045197 -0.204144 0.977897 -4.354200 0.000000 0.000000 0.000000 1.000000</float_array>
        <technique_common>
          <accessor source="#mixamorig_Neck-Matrix-animation-output-transform-array" count="71" stride="16">
            <param type="float4x4"/>
          </accessor>
        </technique_common>
      </source>
      <source id="mixamorig_Neck-Interpolations">
        <Name_array id="mixamorig_Neck-Interpolations-array" count="71">
 LINEAR LINEAR LINEAR LINEAR LINEAR LINEAR LINEAR LINEAR LINEAR LINEAR LINEAR
LINEAR LINEAR LINEAR LINEAR LINEAR LINEAR LINEAR LINEAR LINEAR LINEAR LINEAR LINEAR
LINEAR LINEAR LINEAR LINEAR LINEAR LINEAR LINEAR LINEAR LINEAR LINEAR LINEAR LINEAR
LINEAR LINEAR LINEAR LINEAR LINEAR LINEAR LINEAR LINEAR LINEAR LINEAR LINEAR LINEAR
LINEAR LINEAR LINEAR LINEAR LINEAR LINEAR LINEAR LINEAR LINEAR LINEAR LINEAR LINEAR
LINEAR LINEAR LINEAR LINEAR LINEAR LINEAR LINEAR LINEAR LINEAR LINEAR LINEAR LINEAR</Name_array>
        <technique_common>
          <accessor source="#mixamorig_Neck-Interpolations-array" count="71">
            <param type="name"/>
          </accessor>
        </technique_common>
      </source>
      <sampler id="mixamorig_Neck-Matrix-animation-transform">
        <input semantic="INPUT" source="#mixamorig_Neck-Matrix-animation-input"/>
        <input semantic="OUTPUT" source="#mixamorig_Neck-Matrix-animation-output-transform"/>
        <input semantic="INTERPOLATION" source="#mixamorig_Neck-Interpolations"/>
      </sampler>
      <channel source="#mixamorig_Neck-Matrix-animation-transform" target="mixamorig_Neck/matrix"/>
    </animation>
    <animation id="mixamorig_Neck1-anim" name="mixamorig_Neck1">
      <source id="mixamorig_Neck1-Matrix-animation-input">
        <float_array id="mixamorig_Neck1-Matrix-animation-input-array" count="71">

0.000000 0.033333 0.066667 0.100000 0.133333 0.166667 0.200000 0.233333 0.266667 0.300000 0.333333 0.366667 0.400000 0.433333 0.466667 0.500000
0.533333 0.566667 0.600000 0.633333 0.666667 0.700000 0.733333 0.766667 0.800000 0.833333 0.866667 0.900000 0.933333 0.966667 1.000000 1.033333
1.066667 1.100000 1.133333 1.166667 1.200000 1.233333 1.266667 1.300000 1.333333 1.366667 1.400000 1.433333 1.466667 1.500000 1.533333 1.566667
1.600000 1.633333 1.666667 1.700000 1.733333 1.766667 1.800000 1.833333 1.866667 1.900000 1.933333 1.966667 2.000000 2.033333 2.066667 2.100000
2.133333 2.166667 2.200000 2.233333 2.266667 2.300000 2.333333</float_array>
        <technique_common>
          <accessor source="#mixamorig_Neck1-Matrix-animation-input-array" count="71">
            <param name="TIME" type="float"/>
          </accessor>
        </technique_common>
      </source>
      <source id="mixamorig_Neck1-Matrix-animation-output-transform">
        <float_array id="mixamorig_Neck1-Matrix-animation-output-transform-array" count="1136">

1.000000 -0.000000 0.000000 0.000000 0.000000 1.000000 0.000000 4.340000 -0.000000 0.000000 1.000000 0.926900 0.000000 0.000000 0.000000 1.000000
1.000000 0.000000 0.000000 -0.000000 0.000000 1.000000 0.000000 4.340000 0.000000 0.000000 1.000000 0.926900 0.000000 0.000000 0.000000 1.000000
1.000000 -0.000000 0.000000 -0.000000 0.000000 1.000000 0.000000 4.340000 -0.000000 0.000000 1.000000 0.926900 0.000000 0.000000 0.000000 1.000000
1.000000 0.000000 0.000000 -0.000000 -0.000000 1.000000 -0.000000 4.340000 -0.000000 0.000000 1.000000 0.926900 0.000000 0.000000 0.000000 1.000000
1.000000 -0.000000 -0.000000 0.000000 -0.000000 1.000000 0.000000 4.340000 0.000000 0.000000 1.000000 0.926900 0.000000 0.000000 0.000000 1.000000
1.000000 0.000000 0.000000 0.000000 -0.000000 1.000000 -0.000000 4.340000 0.000000 -0.000000 1.000000 0.926900 0.000000 0.000000 0.000000 1.000000
1.000000 0.000000 0.000000 0.000000 -0.000000 1.000000 0.000000 4.340000 0.000000 0.000000 1.000000 0.926900 0.000000 0.000000 0.000000 1.000000
1.000000 0.000000 0.000000 0.000000 -0.000000 1.000000 0.000000 4.340000 0.000000 0.000000 1.000000 0.926900 0.000000 0.000000 0.000000 1.000000
1.000000 -0.000000 -0.000000 0.000000 0.000000 1.000000 0.000000 4.340000 0.000000 0.000000 1.000000 0.926900 0.000000 0.000000 0.000000 1.000000
1.000000 0.000000 0.000000 0.000000 0.000000 1.000000 0.000000 4.340000 -0.000000 0.000000 1.000000 0.926900 0.000000 0.000000 0.000000 1.000000
1.000000 -0.000000 -0.000000 0.000000 0.000000 1.000000 -0.000000 4.340000 -0.000000 -0.000000 1.000000 0.926900 0.000000 0.000000 0.000000 1.000000
1.000000 0.000000 -0.000000 0.000000 0.000000 1.000000 -0.000000 4.340000 -0.000000 -0.000000 1.000000 0.926900 0.000000 0.000000 0.000000 1.000000
1.000000 -0.000000 0.000000 -0.000000 0.000000 1.000000 0.000000 4.340000 0.000000 0.000000 1.000000 0.926900 0.000000 0.000000 0.000000 1.000000
1.000000 -0.000000 0.000000 0.000000 -0.000000 1.000000 0.000000 4.340000 0.000000 0.000000 1.000000 0.926900 0.000000 0.000000 0.000000 1.000000
1.000000 0.000000 -0.000000 0.000000 -0.000000 1.000000 0.000000 4.340000 0.000000 0.000000 1.000000 0.926900 0.000000 0.000000 0.000000 1.000000
1.000000 -0.000000 0.000000 -0.000000 -0.000000 1.000000 0.000000 4.340000 0.000000 0.000000 1.000000 0.926900 0.000000 0.000000 0.000000 1.000000
1.000000 -0.000000 0.000000 0.000000 -0.000000 1.000000 0.000000 4.340000 0.000000 -0.000000 1.000000 0.926900 0.000000 0.000000 0.000000 1.000000
1.000000 -0.000000 -0.000000 0.000000 -0.000000 1.000000 -0.000000 4.340000 -0.000000 0.000000 1.000000 0.926900 0.000000 0.000000 0.000000 1.000000
1.000000 0.000000 0.000000 0.000000 0.000000 1.000000 -0.000000 4.340000 0.000000 0.000000 1.000000 0.926900 0.000000 0.000000 0.000000 1.000000
1.000000 0.000000 0.000000 0.000000 0.000000 1.000000 0.000000 4.340000 0.000000 -0.000000 1.000000 0.926900 0.000000 0.000000 0.000000 1.000000
1.000000 -0.000000 0.000000 -0.000000 0.000000 1.000000 -0.000000 4.340000 0.000000 0.000000 1.000000 0.926900 0.000000 0.000000 0.000000 1.000000
1.000000 -0.000000 0.000000 -0.000000 0.000000 1.000000 0.000000 4.340000 0.000000 0.000000 1.000000 0.926900 0.000000 0.000000 0.000000 1.000000
1.000000 -0.000000 0.000000 -0.000000 -0.000000 1.000000 -0.000000 4.340000 -0.000000 -0.000000 1.000000 0.926900 0.000000 0.000000 0.000000 1.000000
1.000000 0.000000 0.000000 0.000000 0.000000 1.000000 0.000000 4.340000 0.000000 0.000000 1.000000 0.926900 0.000000 0.000000 0.000000 1.000000
1.000000 0.000000 0.000000 0.000000 -0.000000 1.000000 0.000000 4.340000 0.000000 -0.000000 1.000000 0.926900 0.000000 0.000000 0.000000 1.000000
1.000000 0.000000 -0.000000 0.000000 -0.000000 1.000000 0.000000 4.340000 0.000000 -0.000000 1.000000 0.926900 0.000000 0.000000 0.000000 1.000000
1.000000 0.000000 0.000000 0.000000 0.000000 1.000000 0.000000 4.340000 0.000000 -0.000000 1.000000 0.926900 0.000000 0.000000 0.000000 1.000000
1.000000 0.000000 0.000000 0.000000 0.000000 1.000000 0.000000 4.340000 -0.000000 -0.000000 1.000000 0.926900 0.000000 0.000000 0.000000 1.000000
1.000000 0.000000 0.000000 0.000000 -0.000000 1.000000 0.000000 4.340000 0.000000 -0.000000 1.000000 0.926900 0.000000 0.000000 0.000000 1.000000
1.000000 -0.000000 0.000000 0.000000 0.000000 1.000000 0.000000 4.340000 0.000000 0.000000 1.000000 0.926900 0.000000 0.000000 0.000000 1.000000
1.000000 -0.000000 0.000000 0.000000 -0.000000 1.000000 0.000000 4.340000 -0.000000 0.000000 1.000000 0.926900 0.000000 0.000000 0.000000 1.000000
1.000000 0.000000 -0.000000 -0.000000 0.000000 1.000000 0.000000 4.340000 0.000000 0.000000 1.000000 0.926900 0.000000 0.000000 0.000000 1.000000
1.000000 -0.000000 0.000000 0.000000 -0.000000 1.000000 0.000000 4.340000 -0.000000 0.000000 1.000000 0.926900 0.000000 0.000000 0.000000 1.000000
1.000000 0.000000 -0.000000 0.000000 -0.000000 1.000000 0.000000 4.340000 0.000000 0.000000 1.000000 0.926900 0.000000 0.000000 0.000000 1.000000
1.000000 -0.000000 -0.000000 0.000000 0.000000 1.000000 0.000000 4.340000 -0.000000 -0.000000 1.000000 0.926900 0.000000 0.000000 0.000000 1.000000
1.000000 0.000000 0.000000 0.000000 -0.000000 1.000000 -0.000000 4.340000 0.000000 0.000000 1.000000 0.926900 0.000000 0.000000 0.000000 1.000000
1.000000 -0.000000 0.000000 0.000000 0.000000 1.000000 0.000000 4.340000 -0.000000 0.000000 1.000000 0.926900 0.000000 0.000000 0.000000 1.000000
1.000000 0.000000 -0.000000 -0.000000 0.000000 1.000000 0.000000 4.340000 -0.000000 -0.000000 1.000000 0.926900 0.000000 0.000000 0.000000 1.000000
1.000000 -0.000000 0.000000 0.000000 0.000000 1.000000 -0.000000 4.340000 0.000000 -0.000000 1.000000 0.926900 0.000000 0.000000 0.000000 1.000000
1.000000 0.000000 0.000000 0.000000 -0.000000 1.000000 0.000000 4.340000 -0.000000 0.000000 1.000000 0.926900 0.000000 0.000000 0.000000 1.000000
1.000000 -0.000000 0.000000 0.000000 0.000000 1.000000 0.000000 4.340000 0.000000 0.000000 1.000000 0.926900 0.000000 0.000000 0.000000 1.000000
1.000000 -0.000000 -0.000000 -0.000000 -0.000000 1.000000 0.000000 4.340000 -0.000000 -0.000000 1.000000 0.926900 0.000000 0.000000 0.000000 1.000000
1.000000 0.000000 0.000000 -0.000000 0.000000 1.000000 -0.000000 4.340000 -0.000000 0.000000 1.000000 0.926900 0.000000 0.000000 0.000000 1.000000
1.000000 -0.000000 0.000000 0.000000 -0.000000 1.000000 0.000000 4.340000 0.000000 0.000000 1.000000 0.926900 0.000000 0.000000 0.000000 1.000000
1.000000 0.000000 0.000000 -0.000000 0.000000 1.000000 0.000000 4.340000 0.000000 0.000000 1.000000 0.926900 0.000000 0.000000 0.000000 1.000000
1.000000 0.000000 0.000000 0.000000 0.000000 1.000000 0.000000 4.340000 0.000000 0.000000 1.000000 0.926900 0.000000 0.000000 0.000000 1.000000
1.000000 0.000000 -0.000000 0.000000 0.000000 1.000000 0.000000 4.340000 -0.000000 0.000000 1.000000 0.926900 0.000000 0.000000 0.000000 1.000000
1.000000 -0.000000 -0.000000 -0.000000 0.000000 1.000000 0.000000 4.340000 0.000000 0.000000 1.000000 0.926900 0.000000 0.000000 0.000000 1.000000
1.000000 0.000000 0.000000 -0.000000 -0.000000 1.000000 -0.000000 4.340000 0.000000 -0.000000 1.000000 0.926900 0.000000 0.000000 0.000000 1.000000
1.000000 0.000000 0.000000 0.000000 -0.000000 1.000000 -0.000000 4.340000 0.000000 0.000000 1.000000 0.926900 0.000000 0.000000 0.000000 1.000000
1.000000 -0.000000 0.000000 0.000000 0.000000 1.000000 0.000000 4.340000 0.000000 0.000000 1.000000 0.926900 0.000000 0.000000 0.000000 1.000000
1.000000 0.000000 0.000000 -0.000000 0.000000 1.000000 0.000000 4.340000 0.000000 -0.000000 1.000000 0.926900 0.000000 0.000000 0.000000 1.000000
1.000000 -0.000000 -0.000000 0.000000 -0.000000 1.000000 0.000000 4.340000 0.000000 0.000000 1.000000 0.926900 0.000000 0.000000 0.000000 1.000000
1.000000 -0.000000 -0.000000 0.000000 0.000000 1.000000 0.000000 4.340000 0.000000 0.000000 1.000000 0.926900 0.000000 0.000000 0.000000 1.000000
1.000000 -0.000000 -0.000000 -0.000000 0.000000 1.000000 0.000000 4.340000 -0.000000 0.000000 1.000000 0.926900 0.000000 0.000000 0.000000 1.000000
1.000000 0.000000 -0.000000 -0.000000 -0.000000 1.000000 -0.000000 4.340000 -0.000000 0.000000 1.000000 0.926900 0.000000 0.000000 0.000000 1.000000
1.000000 -0.000000 -0.000000 -0.000000 0.000000 1.000000 0.000000 4.340000 0.000000 0.000000 1.000000 0.926900 0.000000 0.000000 0.000000 1.000000
1.000000 -0.000000 -0.000000 0.000000 0.000000 1.000000 -0.000000 4.340000 0.000000 0.000000 1.000000 0.926900 0.000000 0.000000 0.000000 1.000000
1.000000 0.000000 0.000000 0.000000 -0.000000 1.000000 -0.000000 4.340000 0.000000 -0.000000 1.000000 0.926900 0.000000 0.000000 0.000000 1.000000
1.000000 0.000000 0.000000 0.000000 -0.000000 1.000000 0.000000 4.340000 0.000000 -0.000000 1.000000 0.926900 0.000000 0.000000 0.000000 1.000000
1.000000 0.000000 0.000000 -0.000000 -0.000000 1.000000 0.000000 4.340000 0.000000 -0.000000 1.000000 0.926900 0.000000 0.000000 0.000000 1.000000
1.000000 -0.000000 0.000000 -0.000000 -0.000000 1.000000 -0.000000 4.340000 -0.000000 -0.000000 1.000000 0.926900 0.000000 0.000000 0.000000 1.000000
1.000000 -0.000000 0.000000 0.000000 -0.000000 1.000000 -0.000000 4.340000 -0.000000 -0.000000 1.000000 0.926900 0.000000 0.000000 0.000000 1.000000
1.000000 0.000000 -0.000000 0.000000 0.000000 1.000000 0.000000 4.340000 -0.000000 0.000000 1.000000 0.926900 0.000000 0.000000 0.000000 1.000000
1.000000 -0.000000 -0.000000 -0.000000 -0.000000 1.000000 0.000000 4.340000 0.000000 0.000000 1.000000 0.926900 0.000000 0.000000 0.000000 1.000000
1.000000 0.000000 0.000000 -0.000000 0.000000 1.000000 -0.000000 4.340000 0.000000 0.000000 1.000000 0.926900 0.000000 0.000000 0.000000 1.000000
1.000000 0.000000 0.000000 0.000000 0.000000 1.000000 0.000000 4.340000 0.000000 0.000000 1.000000 0.926900 0.000000 0.000000 0.000000 1.000000
1.000000 -0.000000 -0.000000 -0.000000 0.000000 1.000000 0.000000 4.340000 0.000000 0.000000 1.000000 0.926900 0.000000 0.000000 0.000000 1.000000
1.000000 0.000000 0.000000 0.000000 -0.000000 1.000000 0.000000 4.340000 0.000000 0.000000 1.000000 0.926900 0.000000 0.000000 0.000000 1.000000
1.000000 0.000000 0.000000 0.000000 -0.000000 1.000000 -0.000000 4.340000 -0.000000 -0.000000 1.000000 0.926900 0.000000 0.000000 0.000000 1.000000
1.000000 0.000000 0.000000 0.000000 -0.000000 1.000000 -0.000000 4.340000 0.000000 0.000000 1.000000 0.926900 0.000000 0.000000 0.000000 1.000000</float_array>
        <technique_common>
          <accessor source="#mixamorig_Neck1-Matrix-animation-output-transform-array" count="71" stride="16">
            <param type="float4x4"/>
          </accessor>
        </technique_common>
      </source>
      <source id="mixamorig_Neck1-Interpolations">
        <Name_array id="mixamorig_Neck1-Interpolations-array" count="71">
 LINEAR LINEAR LINEAR LINEAR LINEAR LINEAR LINEAR LINEAR LINEAR LINEAR LINEAR
LINEAR LINEAR LINEAR LINEAR LINEAR LINEAR LINEAR LINEAR LINEAR LINEAR LINEAR LINEAR
LINEAR LINEAR LINEAR LINEAR LINEAR LINEAR LINEAR LINEAR LINEAR LINEAR LINEAR LINEAR
LINEAR LINEAR LINEAR LINEAR LINEAR LINEAR LINEAR LINEAR LINEAR LINEAR LINEAR LINEAR
LINEAR LINEAR LINEAR LINEAR LINEAR LINEAR LINEAR LINEAR LINEAR LINEAR LINEAR LINEAR
LINEAR LINEAR LINEAR LINEAR LINEAR LINEAR LINEAR LINEAR LINEAR LINEAR LINEAR LINEAR</Name_array>
        <technique_common>
          <accessor source="#mixamorig_Neck1-Interpolations-array" count="71">
            <param type="name"/>
          </accessor>
        </technique_common>
      </source>
      <sampler id="mixamorig_Neck1-Matrix-animation-transform">
        <input semantic="INPUT" source="#mixamorig_Neck1-Matrix-animation-input"/>
        <input semantic="OUTPUT" source="#mixamorig_Neck1-Matrix-animation-output-transform"/>
        <input semantic="INTERPOLATION" source="#mixamorig_Neck1-Interpolations"/>
      </sampler>
      <channel source="#mixamorig_Neck1-Matrix-animation-transform" target="mixamorig_Neck1/matrix"/>
    </animation>
    <animation id="mixamorig_Head-anim" name="mixamorig_Head">
      <source id="mixamorig_Head-Matrix-animation-input">
        <float_array id="mixamorig_Head-Matrix-animation-input-array" count="71">

0.000000 0.033333 0.066667 0.100000 0.133333 0.166667 0.200000 0.233333 0.266667 0.300000 0.333333 0.366667 0.400000 0.433333 0.466667 0.500000
0.533333 0.566667 0.600000 0.633333 0.666667 0.700000 0.733333 0.766667 0.800000 0.833333 0.866667 0.900000 0.933333 0.966667 1.000000 1.033333
1.066667 1.100000 1.133333 1.166667 1.200000 1.233333 1.266667 1.300000 1.333333 1.366667 1.400000 1.433333 1.466667 1.500000 1.533333 1.566667
1.600000 1.633333 1.666667 1.700000 1.733333 1.766667 1.800000 1.833333 1.866667 1.900000 1.933333 1.966667 2.000000 2.033333 2.066667 2.100000
2.133333 2.166667 2.200000 2.233333 2.266667 2.300000 2.333333</float_array>
        <technique_common>
          <accessor source="#mixamorig_Head-Matrix-animation-input-array" count="71">
            <param name="TIME" type="float"/>
          </accessor>
        </technique_common>
      </source>
      <source id="mixamorig_Head-Matrix-animation-output-transform">
        <float_array id="mixamorig_Head-Matrix-animation-output-transform-array" count="1136">

0.999266 -0.033546 0.018500 0.000000 0.024930 0.936096 0.350860 4.026600 -0.029088 -0.350141 0.936245 0.858500 0.000000 0.000000 0.000000 1.000000
0.999274 -0.032385 0.020063 0.000000 0.023312 0.936344 0.350308 4.026600 -0.030131 -0.349586 0.936420 0.858500 0.000000 0.000000 0.000000 1.000000
0.999277 -0.031398 0.021438 0.000000 0.021910 0.936412 0.350219 4.026600 -0.031071 -0.349496 0.936423 0.858500 0.000000 0.000000 0.000000 1.000000
0.999284 -0.030314 0.022626 -0.000000 0.020478 0.936440 0.350230 4.026600 -0.031805 -0.349516 0.936390 0.858500 0.000000 0.000000 0.000000 1.000000
0.999293 -0.029084 0.023826 -0.000000 0.018909 0.936503 0.350148 4.026600 -0.032497 -0.349450 0.936391 0.858500 0.000000 0.000000 0.000000 1.000000
0.999305 -0.027814 0.024804 0.000000 0.017400 0.936791 0.349456 4.026600 -0.032956 -0.348782 0.936624 0.858500 0.000000 0.000000 0.000000 1.000000
0.999322 -0.026292 0.025760 0.000000 0.015680 0.937248 0.348312 4.026600 -0.033301 -0.347672 0.937025 0.858500 0.000000 0.000000 0.000000 1.000000
0.999338 -0.024954 0.026476 0.000000 0.014204 0.937559 0.347536 4.026600 -0.033495 -0.346929 0.937293 0.858500 0.000000 0.000000 0.000000 1.000000
0.999354 -0.023643 0.027078 -0.000000 0.012766 0.937588 0.347515 4.026600 -0.033604 -0.346944 0.937283 0.858500 0.000000 0.000000 0.000000 1.000000
0.999368 -0.022430 0.027569 -0.000000 0.011445 0.937476 0.347861 4.026600 -0.033648 -0.347326 0.937141 0.858500 0.000000 0.000000 0.000000 1.000000
0.999381 -0.021220 0.028076 0.000000 0.010138 0.937548 0.347707 4.026600 -0.033701 -0.347207 0.937183 0.858500 0.000000 0.000000 0.000000 1.000000
0.999390 -0.020205 0.028497 0.000000 0.009076 0.937931 0.346704 4.026600 -0.033733 -0.346234 0.937541 0.858500 0.000000 0.000000 0.000000 1.000000
0.999397 -0.019567 0.028700 0.000000 0.008449 0.938371 0.345525 4.026600 -0.033692 -0.345074 0.937970 0.858500 0.000000 0.000000 0.000000 1.000000
0.999407 -0.019339 0.028503 0.000000 0.008341 0.938756 0.344482 4.026600 -0.033419 -0.344040 0.938360 0.858500 0.000000 0.000000 0.000000 1.000000
0.999417 -0.019119 0.028280 0.000000 0.008243 0.939093 0.343563 4.026600 -0.033126 -0.343130 0.938704 0.858500 0.000000 0.000000 0.000000 1.000000
0.999428 -0.018403 0.028362 0.000000 0.007570 0.939390 0.342767 4.026600 -0.032951 -0.342356 0.938992 0.858500 0.000000 0.000000 0.000000 1.000000
0.999447 -0.016993 0.028568 -0.000000 0.006207 0.939746 0.341816 4.026600 -0.032655 -0.341450 0.939333 0.858500 0.000000 0.000000 0.000000 1.000000
0.999465 -0.016383 0.028305 0.000000 0.005771 0.940255 0.340423 4.026600 -0.032191 -0.340078 0.939846 0.858500 0.000000 0.000000 0.000000 1.000000
0.999479 -0.015904 0.028096 -0.000000 0.005460 0.940978 0.338424 4.026600 -0.031820 -0.338094 0.940574 0.858500 0.000000 0.000000 0.000000 1.000000
0.999473 -0.015345 0.028595 -0.000000 0.004849 0.941867 0.335952 4.026600 -0.032088 -0.335636 0.941445 0.858500 0.000000 0.000000 0.000000 1.000000
0.999435 -0.014875 0.030143 -0.000000 0.003989 0.942909 0.333026 4.026600 -0.033376 -0.332718 0.942436 0.858500 0.000000 0.000000 0.000000 1.000000
0.999361 -0.014446 0.032701 -0.000000 0.002841 0.943920 0.330163 4.026600 -0.035636 -0.329859 0.943357 0.858500 0.000000 0.000000 0.000000 1.000000
0.999274 -0.014038 0.035425 0.000000 0.001666 0.944870 0.327442 4.026600 -0.038069 -0.327145 0.944207 0.858500 0.000000 0.000000 0.000000 1.000000
0.999223 -0.013549 0.037006 -0.000000 0.000800 0.945822 0.324686 4.026600 -0.039400 -0.324404 0.945098 0.858500 0.000000 0.000000 0.000000 1.000000
0.999220 -0.013171 0.037228 -0.000000 0.000494 0.946835 0.321718 4.026600 -0.039486 -0.321449 0.946103 0.858500 0.000000 0.000000 0.000000 1.000000
0.999237 -0.012728 0.036915 0.000000 0.000310 0.947943 0.318440 4.026600 -0.039046 -0.318185 0.947224 0.858500 0.000000 0.000000 0.000000 1.000000
0.999274 -0.012388 0.036035 0.000000 0.000391 0.948958 0.315402 4.026600 -0.038103 -0.315159 0.948274 0.858500 0.000000 0.000000 0.000000 1.000000
0.999349 -0.012056 0.034004 0.000000 0.000801 0.949690 0.313191 4.026600 -0.036069 -0.312960 0.949081 0.858500 0.000000 0.000000 0.000000 1.000000
0.999457 -0.011953 0.030702 0.000000 0.001770 0.950005 0.312231 4.026600 -0.032899 -0.312007 0.949510 0.858500 0.000000 0.000000 0.000000 1.000000
0.999576 -0.012055 0.026513 0.000000 0.003182 0.950076 0.312003 4.026600 -0.028951 -0.311787 0.949711 0.858500 0.000000 0.000000 0.000000 1.000000
0.999657 -0.011841 0.023378 0.000000 0.003949 0.949969 0.312318 4.026600 -0.025906 -0.312118 0.949690 0.858500 0.000000 0.000000 0.000000 1.000000
0.999695 -0.011698 0.021753 0.000000 0.004288 0.949544 0.313603 4.026600 -0.024324 -0.313414 0.949305 0.858500 0.000000 0.000000 0.000000 1.000000
0.999691 -0.011660 0.021950 0.000000 0.004120 0.948656 0.316283 4.026600 -0.024511 -0.316095 0.948411 0.858500 0.000000 0.000000 0.000000 1.000000
0.999644 -0.011635 0.024005 0.000000 0.003328 0.947233 0.320527 4.026600 -0.026468 -0.320333 0.946935 0.858500 0.000000 0.000000 0.000000 1.000000
0.999556 -0.011623 0.027436 0.000000 0.002057 0.945505 0.325602 4.026600 -0.029725 -0.325401 0.945109 0.858500 0.000000 0.000000 0.000000 1.000000
0.999449 -0.011619 0.031102 0.000000 0.000675 0.943683 0.330849 4.026600 -0.033195 -0.330646 0.943171 0.858500 0.000000 0.000000 0.000000 1.000000
0.999346 -0.011621 0.034251 0.000000 -0.000555 0.941942 0.335776 4.026600 -0.036165 -0.335576 0.941319 0.858500 0.000000 0.000000 0.000000 1.000000
0.999284 -0.011626 0.036008 -0.000000 -0.001321 0.940327 0.340270 4.026600 -0.037815 -0.340073 0.939638 0.858500 0.000000 0.000000 0.000000 1.000000
0.999275 -0.011643 0.036257 -0.000000 -0.001530 0.939071 0.343720 4.026600 -0.038050 -0.343527 0.938372 0.858500 0.000000 0.000000 0.000000 1.000000
0.999277 -0.011690 0.036170 0.000000 -0.001552 0.938195 0.346104 4.026600 -0.037981 -0.345910 0.937499 0.858500 0.000000 0.000000 0.000000 1.000000
0.999282 -0.011730 0.036026 -0.000000 -0.001528 0.937622 0.347652 4.026600 -0.037857 -0.347458 0.936931 0.858500 0.000000 0.000000 0.000000 1.000000
0.999295 -0.011692 0.035668 -0.000000 -0.001481 0.937228 0.348713 4.026600 -0.037506 -0.348520 0.936550 0.858500 0.000000 0.000000 0.000000 1.000000
0.999315 -0.011583 0.035145 0.000000 -0.001435 0.936901 0.349591 4.026600 -0.036977 -0.349402 0.936243 0.858500 0.000000 0.000000 0.000000 1.000000
0.999329 -0.011518 0.034781 0.000000 -0.001399 0.936616 0.350354 4.026600 -0.036612 -0.350167 0.935971 0.858500 0.000000 0.000000 0.000000 1.000000
0.999328 -0.011670 0.034761 0.000000 -0.001271 0.936410 0.350906 4.026600 -0.036646 -0.350715 0.935765 0.858500 0.000000 0.000000 0.000000 1.000000
0.999311 -0.012061 0.035095 0.000000 -0.001046 0.936189 0.351496 4.026600 -0.037095 -0.351290 0.935531 0.858500 0.000000 0.000000 0.000000 1.000000
0.999285 -0.012618 0.035630 0.000000 -0.000741 0.935911 0.352236 4.026600 -0.037791 -0.352011 0.935233 0.858500 0.000000 0.000000 0.000000 1.000000
0.999259 -0.013205 0.036156 0.000000 -0.000398 0.935714 0.352759 4.026600 -0.038490 -0.352512 0.935015 0.858500 0.000000 0.000000 0.000000 1.000000
0.999252 -0.013835 0.036120 0.000000 0.000192 0.935608 0.353040 4.026600 -0.038678 -0.352769 0.934911 0.858500 0.000000 0.000000 0.000000 1.000000
0.999267 -0.014645 0.035370 0.000000 0.001215 0.935597 0.353068 4.026600 -0.038263 -0.352766 0.934929 0.858500 0.000000 0.000000 0.000000 1.000000
0.999280 -0.015403 0.034669 0.000000 0.002197 0.935826 0.352456 4.026600 -0.037873 -0.352126 0.935186 0.858500 0.000000 0.000000 0.000000 1.000000
0.999271 -0.016076 0.034630 0.000000 0.002848 0.935887 0.352290 4.026600 -0.038074 -0.351934 0.935250 0.858500 0.000000 0.000000 0.000000 1.000000
0.999268 -0.016763 0.034380 0.000000 0.003560 0.935705 0.352767 4.026600 -0.038083 -0.352386 0.935080 0.858500 0.000000 0.000000 0.000000 1.000000
0.999296 -0.017529 0.033167 -0.000000 0.004684 0.935504 0.353284 4.026600 -0.037220 -0.352880 0.934928 0.858500 0.000000 0.000000 0.000000 1.000000
0.999368 -0.018496 0.030350 -0.000000 0.006613 0.935779 0.352524 4.026600 -0.034921 -0.352100 0.935311 0.858500 0.000000 0.000000 0.000000 1.000000
0.999425 -0.019330 0.027873 -0.000000 0.008319 0.936319 0.351052 4.026600 -0.032884 -0.350618 0.935941 0.858500 0.000000 0.000000 0.000000 1.000000
0.999440 -0.020500 0.026440 0.000000 0.009910 0.936219 0.351278 4.026600 -0.031955 -0.350819 0.935898 0.858500 0.000000 0.000000 0.000000 1.000000
0.999429 -0.021790 0.025810 0.000000 0.011313 0.935909 0.352061 4.026600 -0.031827 -0.351568 0.935621 0.858500 0.000000 0.000000 0.000000 1.000000
0.999401 -0.023322 0.025558 0.000000 0.012777 0.935242 0.353777 4.026600 -0.032154 -0.353239 0.934980 0.858500 0.000000 0.000000 0.000000 1.000000
0.999349 -0.025032 0.025979 -0.000000 0.014189 0.934793 0.354908 4.026600 -0.033169 -0.354309 0.934540 0.858500 0.000000 0.000000 0.000000 1.000000
0.999275 -0.026931 0.026922 0.000000 0.015609 0.934556 0.355473 4.026600 -0.034734 -0.354795 0.934299 0.858500 0.000000 0.000000 0.000000 1.000000
0.999198 -0.028738 0.027875 -0.000000 0.016962 0.934541 0.355451 4.026600 -0.036265 -0.354693 0.934279 0.858500 0.000000 0.000000 0.000000 1.000000
0.999143 -0.030217 0.028273 0.000000 0.018225 0.934711 0.354940 4.026600 -0.037152 -0.354121 0.934461 0.858500 0.000000 0.000000 0.000000 1.000000
0.999133 -0.031037 0.027747 -0.000000 0.019205 0.934955 0.354247 4.026600 -0.036937 -0.353407 0.934740 0.858500 0.000000 0.000000 0.000000 1.000000
0.999152 -0.031361 0.026680 0.000000 0.019917 0.935249 0.353431 4.026600 -0.036036 -0.352600 0.935080 0.858500 0.000000 0.000000 0.000000 1.000000
0.999158 -0.031966 0.025721 0.000000 0.020857 0.935569 0.352527 4.026600 -0.035333 -0.351694 0.935448 0.858500 0.000000 0.000000 0.000000 1.000000
0.999165 -0.032539 0.024704 -0.000000 0.021780 0.935842 0.351746 4.026600 -0.034565 -0.350915 0.935769 0.858500 0.000000 0.000000 0.000000 1.000000
0.999177 -0.033010 0.023553 -0.000000 0.022647 0.936040 0.351163 4.026600 -0.033638 -0.350341 0.936018 0.858500 0.000000 0.000000 0.000000 1.000000
0.999197 -0.033500 0.021961 -0.000000 0.023675 0.936145 0.350815 4.026600 -0.032311 -0.350014 0.936187 0.858500 0.000000 0.000000 0.000000 1.000000
0.999237 -0.033587 0.019932 0.000000 0.024476 0.936217 0.350569 4.026600 -0.030436 -0.349814 0.936325 0.858500 0.000000 0.000000 0.000000 1.000000
0.999266 -0.033587 0.018402 0.000000 0.025002 0.936090 0.350871 4.026600 -0.029011 -0.350153 0.936243 0.858500 0.000000 0.000000 0.000000 1.000000</float_array>
        <technique_common>
          <accessor source="#mixamorig_Head-Matrix-animation-output-transform-array" count="71" stride="16">
            <param type="float4x4"/>
          </accessor>
        </technique_common>
      </source>
      <source id="mixamorig_Head-Interpolations">
        <Name_array id="mixamorig_Head-Interpolations-array" count="71">
 LINEAR LINEAR LINEAR LINEAR LINEAR LINEAR LINEAR LINEAR LINEAR LINEAR LINEAR
LINEAR LINEAR LINEAR LINEAR LINEAR LINEAR LINEAR LINEAR LINEAR LINEAR LINEAR LINEAR
LINEAR LINEAR LINEAR LINEAR LINEAR LINEAR LINEAR LINEAR LINEAR LINEAR LINEAR LINEAR
LINEAR LINEAR LINEAR LINEAR LINEAR LINEAR LINEAR LINEAR LINEAR LINEAR LINEAR LINEAR
LINEAR LINEAR LINEAR LINEAR LINEAR LINEAR LINEAR LINEAR LINEAR LINEAR LINEAR LINEAR
LINEAR LINEAR LINEAR LINEAR LINEAR LINEAR LINEAR LINEAR LINEAR LINEAR LINEAR LINEAR</Name_array>
        <technique_common>
          <accessor source="#mixamorig_Head-Interpolations-array" count="71">
            <param type="name"/>
          </accessor>
        </technique_common>
      </source>
      <sampler id="mixamorig_Head-Matrix-animation-transform">
        <input semantic="INPUT" source="#mixamorig_Head-Matrix-animation-input"/>
        <input semantic="OUTPUT" source="#mixamorig_Head-Matrix-animation-output-transform"/>
        <input semantic="INTERPOLATION" source="#mixamorig_Head-Interpolations"/>
      </sampler>
      <channel source="#mixamorig_Head-Matrix-animation-transform" target="mixamorig_Head/matrix"/>
    </animation>
    <animation id="mixamorig_LeftShoulder-anim" name="mixamorig_LeftShoulder">
      <source id="mixamorig_LeftShoulder-Matrix-animation-input">
        <float_array id="mixamorig_LeftShoulder-Matrix-animation-input-array" count="71">

0.000000 0.033333 0.066667 0.100000 0.133333 0.166667 0.200000 0.233333 0.266667 0.300000 0.333333 0.366667 0.400000 0.433333 0.466667 0.500000
0.533333 0.566667 0.600000 0.633333 0.666667 0.700000 0.733333 0.766667 0.800000 0.833333 0.866667 0.900000 0.933333 0.966667 1.000000 1.033333
1.066667 1.100000 1.133333 1.166667 1.200000 1.233333 1.266667 1.300000 1.333333 1.366667 1.400000 1.433333 1.466667 1.500000 1.533333 1.566667
1.600000 1.633333 1.666667 1.700000 1.733333 1.766667 1.800000 1.833333 1.866667 1.900000 1.933333 1.966667 2.000000 2.033333 2.066667 2.100000
2.133333 2.166667 2.200000 2.233333 2.266667 2.300000 2.333333</float_array>
        <technique_common>
          <accessor source="#mixamorig_LeftShoulder-Matrix-animation-input-array" count="71">
            <param name="TIME" type="float"/>
          </accessor>
        </technique_common>
      </source>
      <source id="mixamorig_LeftShoulder-Matrix-animation-output-transform">
        <float_array id="mixamorig_LeftShoulder-Matrix-animation-output-transform-array" count="1136">

-0.081178 0.850307 0.519988 6.144200 -0.084530 0.513957 -0.853641 10.187000 -0.993109 -0.113251 0.030154 -3.793200 0.000000 0.000000 0.000000 1.000000
-0.078672 0.853790 0.514640 6.144200 -0.081914 0.508958 -0.856885 10.187000 -0.993529 -0.109569 0.029896 -3.793200 0.000000 0.000000 0.000000 1.000000
-0.075712 0.857344 0.509145 6.144200 -0.078903 0.503858 -0.860175 10.187000 -0.994003 -0.105298 0.029499 -3.793200 0.000000 0.000000 0.000000 1.000000
-0.072066 0.860898 0.503647 6.144200 -0.075281 0.498825 -0.863427 10.187000 -0.994555 -0.100139 0.028861 -3.793200 0.000000 0.000000 0.000000 1.000000
-0.068252 0.863787 0.499213 6.144200 -0.071451 0.494862 -0.866029 10.187000 -0.995106 -0.094778 0.027943 -3.793200 0.000000 0.000000 0.000000 1.000000
-0.064576 0.865781 0.496240 6.144200 -0.067593 0.492341 -0.867774 10.187000 -0.995621 -0.089580 0.026727 -3.793200 0.000000 0.000000 0.000000 1.000000
-0.060739 0.866846 0.494862 6.144200 -0.063784 0.491393 -0.868599 10.187000 -0.996114 -0.084322 0.025444 -3.793200 0.000000 0.000000 0.000000 1.000000
-0.056521 0.867785 0.493715 6.144200 -0.059245 0.490719 -0.869301 10.187000 -0.996642 -0.078384 0.023676 -3.793200 0.000000 0.000000 0.000000 1.000000
-0.051347 0.868357 0.493274 6.144200 -0.054365 0.490763 -0.869595 10.187000 -0.997200 -0.071468 0.022009 -3.793200 0.000000 0.000000 0.000000 1.000000
-0.045014 0.868808 0.493099 6.144200 -0.049337 0.491063 -0.869726 10.187000 -0.997767 -0.063478 0.020759 -3.793200 0.000000 0.000000 0.000000 1.000000
-0.038431 0.869023 0.493277 6.144200 -0.043681 0.491709 -0.869663 10.187000 -0.998306 -0.054969 0.019063 -3.793200 0.000000 0.000000 0.000000 1.000000
-0.031615 0.868983 0.493831 6.144200 -0.038689 0.492644 -0.869371 10.187000 -0.998751 -0.046591 0.018045 -3.793200 0.000000 0.000000 0.000000 1.000000
-0.026329 0.868776 0.494505 6.144200 -0.033796 0.493620 -0.869021 10.187000 -0.999082 -0.039593 0.016365 -3.793200 0.000000 0.000000 0.000000 1.000000
-0.021378 0.868540 0.495158 6.144200 -0.029399 0.494511 -0.868674 10.187000 -0.999339 -0.033128 0.014962 -3.793200 0.000000 0.000000 0.000000 1.000000
-0.017334 0.868015 0.496236 6.144200 -0.025669 0.495760 -0.868080 10.187000 -0.999520 -0.027785 0.013688 -3.793200 0.000000 0.000000 0.000000 1.000000
-0.014018 0.867277 0.497628 6.144200 -0.022673 0.497273 -0.867298 10.187000 -0.999645 -0.023441 0.012692 -3.793200 0.000000 0.000000 0.000000 1.000000
-0.011713 0.866403 0.499208 6.144200 -0.020146 0.498937 -0.866404 10.187000 -0.999728 -0.020206 0.011611 -3.793200 0.000000 0.000000 0.000000 1.000000
-0.010088 0.865181 0.501358 6.144200 -0.018615 0.501134 -0.865169 10.187000 -0.999776 -0.018061 0.011050 -3.793200 0.000000 0.000000 0.000000 1.000000
-0.009229 0.864325 0.502848 6.144200 -0.017446 0.502654 -0.864312 10.187000 -0.999805 -0.016749 0.010441 -3.793200 0.000000 0.000000 0.000000 1.000000
-0.008973 0.863775 0.503798 6.144200 -0.016980 0.503614 -0.863762 10.187000 -0.999816 -0.016305 0.010147 -3.793200 0.000000 0.000000 0.000000 1.000000
-0.009856 0.863137 0.504874 6.144200 -0.017576 0.504671 -0.863133 10.187000 -0.999797 -0.017381 0.010196 -3.793200 0.000000 0.000000 0.000000 1.000000
-0.012170 0.862328 0.506204 6.144200 -0.018768 0.505956 -0.862355 10.187000 -0.999750 -0.019995 0.010027 -3.793200 0.000000 0.000000 0.000000 1.000000
-0.014651 0.861377 0.507755 6.144200 -0.019962 0.507456 -0.861446 10.187000 -0.999693 -0.022757 0.009760 -3.793200 0.000000 0.000000 0.000000 1.000000
-0.016139 0.860560 0.509093 6.144200 -0.021312 0.508748 -0.860652 10.187000 -0.999643 -0.024740 0.010129 -3.793200 0.000000 0.000000 0.000000 1.000000
-0.018256 0.859891 0.510151 6.144200 -0.022886 0.509743 -0.860023 10.187000 -0.999571 -0.027376 0.010373 -3.793200 0.000000 0.000000 0.000000 1.000000
-0.020772 0.859018 0.511523 6.144200 -0.024607 0.511039 -0.859205 10.187000 -0.999481 -0.030434 0.010523 -3.793200 0.000000 0.000000 0.000000 1.000000
-0.024105 0.857956 0.513157 6.144200 -0.026805 0.512567 -0.858229 10.187000 -0.999350 -0.034443 0.010642 -3.793200 0.000000 0.000000 0.000000 1.000000
-0.026646 0.856674 0.515170 6.144200 -0.029465 0.514456 -0.857010 10.187000 -0.999211 -0.038015 0.011534 -3.793200 0.000000 0.000000 0.000000 1.000000
-0.029816 0.855301 0.517272 6.144200 -0.031836 0.516427 -0.855739 10.187000 -0.999048 -0.041982 0.011832 -3.793200 0.000000 0.000000 0.000000 1.000000
-0.034577 0.853814 0.519428 6.144200 -0.034785 0.518396 -0.854433 10.187000 -0.998796 -0.047612 0.011775 -3.793200 0.000000 0.000000 0.000000 1.000000
-0.040392 0.851831 0.522257 6.144200 -0.038846 0.520950 -0.852703 10.187000 -0.998428 -0.054730 0.012048 -3.793200 0.000000 0.000000 0.000000 1.000000
-0.045309 0.849470 0.525688 6.144200 -0.042404 0.524119 -0.850589 10.187000 -0.998073 -0.060831 0.012273 -3.793200 0.000000 0.000000 0.000000 1.000000
-0.048071 0.847344 0.528865 6.144200 -0.045387 0.527077 -0.848605 10.187000 -0.997812 -0.064797 0.013121 -3.793200 0.000000 0.000000 0.000000 1.000000
-0.050764 0.845674 0.531279 6.144200 -0.047707 0.529305 -0.847089 10.187000 -0.997571 -0.068347 0.013475 -3.793200 0.000000 0.000000 0.000000 1.000000
-0.053470 0.844337 0.533137 6.144200 -0.050913 0.530902 -0.845903 10.187000 -0.997271 -0.072374 0.014601 -3.793200 0.000000 0.000000 0.000000 1.000000
-0.057000 0.843449 0.534176 6.144200 -0.053579 0.531691 -0.845242 10.187000 -0.996935 -0.076800 0.014885 -3.793200 0.000000 0.000000 0.000000 1.000000
-0.059110 0.842746 0.535056 6.144200 -0.056580 0.532303 -0.844661 10.187000 -0.996647 -0.080202 0.016218 -3.793200 0.000000 0.000000 0.000000 1.000000
-0.060113 0.841938 0.536215 6.144200 -0.058600 0.533283 -0.843905 10.187000 -0.996470 -0.082152 0.017281 -3.793200 0.000000 0.000000 0.000000 1.000000
-0.060899 0.841036 0.537541 6.144200 -0.060121 0.534472 -0.843045 10.187000 -0.996332 -0.083658 0.018015 -3.793200 0.000000 0.000000 0.000000 1.000000
-0.061846 0.840015 0.539028 6.144200 -0.061999 0.535785 -0.842075 10.187000 -0.996158 -0.085498 0.018944 -3.793200 0.000000 0.000000 0.000000 1.000000
-0.063215 0.838990 0.540462 6.144200 -0.064339 0.536993 -0.841130 10.187000 -0.995924 -0.087945 0.020034 -3.793200 0.000000 0.000000 0.000000 1.000000
-0.064540 0.837909 0.541981 6.144200 -0.066474 0.538297 -0.840129 10.187000 -0.995699 -0.090250 0.020958 -3.793200 0.000000 0.000000 0.000000 1.000000
-0.065211 0.836680 0.543796 6.144200 -0.068210 0.539944 -0.838933 10.187000 -0.995537 -0.091800 0.021859 -3.793200 0.000000 0.000000 0.000000 1.000000
-0.065956 0.835710 0.545196 6.144200 -0.069806 0.541182 -0.838003 10.187000 -0.995378 -0.093329 0.022644 -3.793200 0.000000 0.000000 0.000000 1.000000
-0.067604 0.835349 0.545547 6.144200 -0.071978 0.541290 -0.837750 10.187000 -0.995112 -0.095903 0.023534 -3.793200 0.000000 0.000000 0.000000 1.000000
-0.070466 0.835023 0.545684 6.144200 -0.074692 0.541091 -0.837640 10.187000 -0.994714 -0.099784 0.024241 -3.793200 0.000000 0.000000 0.000000 1.000000
-0.073335 0.834644 0.545886 6.144200 -0.077191 0.540968 -0.837493 10.187000 -0.994316 -0.103555 0.024755 -3.793200 0.000000 0.000000 0.000000 1.000000
-0.075917 0.834185 0.546234 6.144200 -0.079541 0.541002 -0.837251 10.187000 -0.993936 -0.107010 0.025281 -3.793200 0.000000 0.000000 0.000000 1.000000
-0.078052 0.834200 0.545911 6.144200 -0.081703 0.540387 -0.837440 10.187000 -0.993596 -0.109967 0.025978 -3.793200 0.000000 0.000000 0.000000 1.000000
-0.079998 0.834751 0.544785 6.144200 -0.083659 0.538986 -0.838150 10.187000 -0.993278 -0.112626 0.026716 -3.793200 0.000000 0.000000 0.000000 1.000000
-0.082064 0.835193 0.543800 6.144200 -0.085536 0.537725 -0.838770 10.187000 -0.992950 -0.115348 0.027311 -3.793200 0.000000 0.000000 0.000000 1.000000
-0.083796 0.835886 0.542469 6.144200 -0.086624 0.536212 -0.839626 10.187000 -0.992711 -0.117348 0.027475 -3.793200 0.000000 0.000000 0.000000 1.000000
-0.084270 0.837091 0.540535 6.144200 -0.087652 0.534134 -0.840844 10.187000 -0.992580 -0.118236 0.028361 -3.793200 0.000000 0.000000 0.000000 1.000000
-0.084579 0.838556 0.538211 6.144200 -0.088703 0.531665 -0.842297 10.187000 -0.992461 -0.118981 0.029414 -3.793200 0.000000 0.000000 0.000000 1.000000
-0.085736 0.839856 0.535995 6.144200 -0.089821 0.529270 -0.843686 10.187000 -0.992261 -0.120478 0.030059 -3.793200 0.000000 0.000000 0.000000 1.000000
-0.086328 0.840246 0.535289 6.144200 -0.092598 0.528202 -0.844055 10.187000 -0.991954 -0.122432 0.032207 -3.793200 0.000000 0.000000 0.000000 1.000000
-0.087237 0.840629 0.534540 6.144200 -0.095314 0.527081 -0.844453 10.187000 -0.991617 -0.124616 0.034142 -3.793200 0.000000 0.000000 0.000000 1.000000
-0.088081 0.841029 0.533771 6.144200 -0.097225 0.526037 -0.844886 10.187000 -0.991357 -0.126314 0.035436 -3.793200 0.000000 0.000000 0.000000 1.000000
-0.087551 0.842412 0.531674 6.144200 -0.097485 0.523916 -0.846173 10.187000 -0.991379 -0.125914 0.036253 -3.793200 0.000000 0.000000 0.000000 1.000000
-0.085918 0.843830 0.529688 6.144200 -0.097028 0.522040 -0.847384 10.187000 -0.991566 -0.124200 0.037022 -3.793200 0.000000 0.000000 0.000000 1.000000
-0.084640 0.845069 0.527916 6.144200 -0.096517 0.520372 -0.848467 10.187000 -0.991726 -0.122767 0.037519 -3.793200 0.000000 0.000000 0.000000 1.000000
-0.084048 0.846034 0.526462 6.144200 -0.096223 0.518972 -0.849358 10.187000 -0.991805 -0.122045 0.037789 -3.793200 0.000000 0.000000 0.000000 1.000000
-0.083219 0.846802 0.525358 6.144200 -0.095713 0.517957 -0.850035 10.187000 -0.991924 -0.121023 0.037945 -3.793200 0.000000 0.000000 0.000000 1.000000
-0.082104 0.847573 0.524288 6.144200 -0.094288 0.517099 -0.850716 10.187000 -0.992154 -0.119282 0.037460 -3.793200 0.000000 0.000000 0.000000 1.000000
-0.080732 0.848281 0.523355 6.144200 -0.092471 0.516431 -0.851322 10.187000 -0.992437 -0.117124 0.036749 -3.793200 0.000000 0.000000 0.000000 1.000000
-0.079879 0.848714 0.522784 6.144200 -0.091177 0.516041 -0.851698 10.187000 -0.992626 -0.115699 0.036163 -3.793200 0.000000 0.000000 0.000000 1.000000
-0.080548 0.848973 0.522262 6.144200 -0.089478 0.515690 -0.852090 10.187000 -0.992726 -0.115365 0.034427 -3.793200 0.000000 0.000000 0.000000 1.000000
-0.080713 0.849348 0.521625 6.144200 -0.088134 0.515201 -0.852526 10.187000 -0.992833 -0.114783 0.033273 -3.793200 0.000000 0.000000 0.000000 1.000000
-0.080411 0.849901 0.520771 6.144200 -0.086399 0.514553 -0.853094 10.187000 -0.993010 -0.113593 0.032055 -3.793200 0.000000 0.000000 0.000000 1.000000
-0.080579 0.850357 0.520000 6.144200 -0.084878 0.513948 -0.853612 10.187000 -0.993128 -0.112920 0.030763 -3.793200 0.000000 0.000000 0.000000 1.000000
-0.081103 0.850452 0.519763 6.144200 -0.084582 0.513727 -0.853774 10.187000 -0.993110 -0.113206 0.030268 -3.793200 0.000000 0.000000 0.000000 1.000000</float_array>
        <technique_common>
          <accessor source="#mixamorig_LeftShoulder-Matrix-animation-output-transform-array" count="71" stride="16">
            <param type="float4x4"/>
          </accessor>
        </technique_common>
      </source>
      <source id="mixamorig_LeftShoulder-Interpolations">
        <Name_array id="mixamorig_LeftShoulder-Interpolations-array" count="71">
 LINEAR LINEAR LINEAR LINEAR LINEAR LINEAR LINEAR LINEAR LINEAR LINEAR LINEAR
LINEAR LINEAR LINEAR LINEAR LINEAR LINEAR LINEAR LINEAR LINEAR LINEAR LINEAR LINEAR
LINEAR LINEAR LINEAR LINEAR LINEAR LINEAR LINEAR LINEAR LINEAR LINEAR LINEAR LINEAR
LINEAR LINEAR LINEAR LINEAR LINEAR LINEAR LINEAR LINEAR LINEAR LINEAR LINEAR LINEAR
LINEAR LINEAR LINEAR LINEAR LINEAR LINEAR LINEAR LINEAR LINEAR LINEAR LINEAR LINEAR
LINEAR LINEAR LINEAR LINEAR LINEAR LINEAR LINEAR LINEAR LINEAR LINEAR LINEAR LINEAR</Name_array>
        <technique_common>
          <accessor source="#mixamorig_LeftShoulder-Interpolations-array" count="71">
            <param type="name"/>
          </accessor>
        </technique_common>
      </source>
      <sampler id="mixamorig_LeftShoulder-Matrix-animation-transform">
        <input semantic="INPUT" source="#mixamorig_LeftShoulder-Matrix-animation-input"/>
        <input semantic="OUTPUT" source="#mixamorig_LeftShoulder-Matrix-animation-output-transform"/>
        <input semantic="INTERPOLATION" source="#mixamorig_LeftShoulder-Interpolations"/>
      </sampler>
      <channel source="#mixamorig_LeftShoulder-Matrix-animation-transform" target="mixamorig_LeftShoulder/matrix"/>
    </animation>
    <animation id="mixamorig_LeftArm-anim" name="mixamorig_LeftArm">
      <source id="mixamorig_LeftArm-Matrix-animation-input">
        <float_array id="mixamorig_LeftArm-Matrix-animation-input-array" count="71">

0.000000 0.033333 0.066667 0.100000 0.133333 0.166667 0.200000 0.233333 0.266667 0.300000 0.333333 0.366667 0.400000 0.433333 0.466667 0.500000
0.533333 0.566667 0.600000 0.633333 0.666667 0.700000 0.733333 0.766667 0.800000 0.833333 0.866667 0.900000 0.933333 0.966667 1.000000 1.033333
1.066667 1.100000 1.133333 1.166667 1.200000 1.233333 1.266667 1.300000 1.333333 1.366667 1.400000 1.433333 1.466667 1.500000 1.533333 1.566667
1.600000 1.633333 1.666667 1.700000 1.733333 1.766667 1.800000 1.833333 1.866667 1.900000 1.933333 1.966667 2.000000 2.033333 2.066667 2.100000
2.133333 2.166667 2.200000 2.233333 2.266667 2.300000 2.333333</float_array>
        <technique_common>
          <accessor source="#mixamorig_LeftArm-Matrix-animation-input-array" count="71">
            <param name="TIME" type="float"/>
          </accessor>
        </technique_common>
      </source>
      <source id="mixamorig_LeftArm-Matrix-animation-output-transform">
        <float_array id="mixamorig_LeftArm-Matrix-animation-output-transform-array" count="1136">

0.480431 -0.535307 -0.694718 0.000000 0.563009 0.795602 -0.223694 12.466000 0.672463 -0.283663 0.683614 0.000000 0.000000 0.000000 0.000000 1.000000
0.480474 -0.533194 -0.696311 -0.000000 0.565115 0.795384 -0.219113 12.466000 0.670664 -0.288218 0.683476 0.000000 0.000000 0.000000 0.000000 1.000000
0.481419 -0.530380 -0.697806 0.000000 0.566526 0.795773 -0.213994 12.466000 0.668793 -0.292305 0.683574 0.000000 0.000000 0.000000 0.000000 1.000000
0.482710 -0.527108 -0.699391 0.000000 0.567852 0.796349 -0.208258 12.466000 0.666734 -0.296623 0.683725 0.000000 0.000000 0.000000 0.000000 1.000000
0.484398 -0.523524 -0.700914 0.000000 0.568333 0.797408 -0.202825 12.466000 0.665099 -0.300105 0.683799 0.000000 0.000000 0.000000 0.000000 1.000000
0.486360 -0.519735 -0.702374 0.000000 0.567456 0.799143 -0.198405 12.466000 0.664415 -0.302070 0.683598 0.000000 0.000000 0.000000 0.000000 1.000000
0.489299 -0.515463 -0.703481 -0.000000 0.565188 0.801742 -0.194351 12.466000 0.664191 -0.302503 0.683624 0.000000 0.000000 0.000000 0.000000 1.000000
0.492674 -0.510622 -0.704654 0.000000 0.562157 0.804864 -0.190194 12.466000 0.664268 -0.302423 0.683585 0.000000 0.000000 0.000000 0.000000 1.000000
0.497192 -0.504734 -0.705722 0.000000 0.557896 0.808916 -0.185492 12.466000 0.664493 -0.301494 0.683776 0.000000 0.000000 0.000000 0.000000 1.000000
0.503117 -0.497544 -0.706629 0.000000 0.552693 0.813823 -0.179505 12.466000 0.664382 -0.300237 0.684437 0.000000 0.000000 0.000000 0.000000 1.000000
0.509419 -0.489270 -0.707889 -0.000000 0.546653 0.819316 -0.172895 12.466000 0.664577 -0.298893 0.684836 0.000000 0.000000 0.000000 0.000000 1.000000
0.516127 -0.480578 -0.708984 0.000000 0.540105 0.825050 -0.166066 12.466000 0.664755 -0.297215 0.685393 0.000000 0.000000 0.000000 0.000000 1.000000
0.521346 -0.473716 -0.709783 0.000000 0.534835 0.829518 -0.160784 12.466000 0.664944 -0.295793 0.685825 0.000000 0.000000 0.000000 0.000000 1.000000
0.525945 -0.467823 -0.710298 0.000000 0.530361 0.833275 -0.156110 12.466000 0.664905 -0.294609 0.686372 -0.000000 0.000000 0.000000 0.000000 1.000000
0.529543 -0.463065 -0.710742 0.000000 0.526573 0.836329 -0.152561 12.466000 0.665060 -0.293469 0.686710 0.000000 0.000000 0.000000 0.000000 1.000000
0.532648 -0.459202 -0.710929 -0.000000 0.523265 0.838898 -0.149814 12.466000 0.665191 -0.292206 0.687122 -0.000000 0.000000 0.000000 0.000000 1.000000
0.535111 -0.456310 -0.710941 -0.000000 0.520358 0.841003 -0.148126 12.466000 0.665495 -0.290680 0.687475 0.000000 0.000000 0.000000 0.000000 1.000000
0.537414 -0.454340 -0.710466 0.000000 0.517516 0.842857 -0.147541 12.466000 0.665855 -0.288387 0.688091 -0.000000 0.000000 0.000000 0.000000 1.000000
0.538366 -0.453374 -0.710362 0.000000 0.516010 0.843794 -0.147463 12.466000 0.666255 -0.287165 0.688216 0.000000 0.000000 0.000000 0.000000 1.000000
0.538625 -0.453414 -0.710140 -0.000000 0.515821 0.843890 -0.147573 12.466000 0.666192 -0.286819 0.688421 0.000000 0.000000 0.000000 0.000000 1.000000
0.538769 -0.454567 -0.709293 0.000000 0.516170 0.843513 -0.148510 12.466000 0.665806 -0.286103 0.689092 0.000000 0.000000 0.000000 0.000000 1.000000
0.538996 -0.456487 -0.707886 -0.000000 0.516879 0.842824 -0.149943 12.466000 0.665070 -0.285073 0.690228 0.000000 0.000000 0.000000 0.000000 1.000000
0.539664 -0.457985 -0.706408 0.000000 0.516755 0.842619 -0.151517 12.466000 0.664625 -0.283272 0.691398 -0.000000 0.000000 0.000000 0.000000 1.000000
0.540634 -0.458495 -0.705335 0.000000 0.515566 0.843102 -0.152871 12.466000 0.664760 -0.280999 0.692195 -0.000000 0.000000 0.000000 0.000000 1.000000
0.540704 -0.459703 -0.704494 0.000000 0.515445 0.842897 -0.154407 12.466000 0.664797 -0.279640 0.692709 0.000000 0.000000 0.000000 0.000000 1.000000
0.539985 -0.461572 -0.703824 -0.000000 0.515623 0.842342 -0.156819 12.466000 0.665244 -0.278228 0.692849 0.000000 0.000000 0.000000 0.000000 1.000000
0.538038 -0.464998 -0.703059 -0.000000 0.517370 0.840657 -0.160071 12.466000 0.665465 -0.277617 0.692882 -0.000000 0.000000 0.000000 0.000000 1.000000
0.536334 -0.468283 -0.702180 -0.000000 0.518697 0.839186 -0.163464 12.466000 0.665807 -0.276548 0.692981 0.000000 0.000000 0.000000 0.000000 1.000000
0.534153 -0.471838 -0.701462 -0.000000 0.520407 0.837427 -0.167013 12.466000 0.666226 -0.275835 0.692862 0.000000 0.000000 0.000000 0.000000 1.000000
0.529927 -0.477320 -0.700959 0.000000 0.523405 0.834437 -0.172517 12.466000 0.667252 -0.275464 0.692022 -0.000000 0.000000 0.000000 0.000000 1.000000
0.524216 -0.484882 -0.700062 0.000000 0.527444 0.830278 -0.180116 12.466000 0.668580 -0.274824 0.690994 -0.000000 0.000000 0.000000 0.000000 1.000000
0.520271 -0.490788 -0.698889 0.000000 0.529762 0.827357 -0.186635 12.466000 0.669829 -0.273144 0.690450 -0.000000 0.000000 0.000000 0.000000 1.000000
0.518891 -0.494046 -0.697618 0.000000 0.530008 0.826225 -0.190901 12.466000 0.670703 -0.270686 0.690569 0.000000 0.000000 0.000000 0.000000 1.000000
0.517682 -0.497196 -0.696277 0.000000 0.530523 0.825013 -0.194679 12.466000 0.671230 -0.268609 0.690868 -0.000000 0.000000 0.000000 0.000000 1.000000
0.515820 -0.501387 -0.694651 -0.000000 0.532262 0.822923 -0.198735 12.466000 0.671288 -0.267225 0.691349 -0.000000 0.000000 0.000000 0.000000 1.000000
0.513288 -0.505402 -0.693617 0.000000 0.534868 0.820435 -0.201996 12.466000 0.671157 -0.267312 0.691443 0.000000 0.000000 0.000000 0.000000 1.000000
0.512581 -0.507421 -0.692665 0.000000 0.536382 0.819159 -0.203156 12.466000 0.670489 -0.267399 0.692057 0.000000 0.000000 0.000000 0.000000 1.000000
0.513107 -0.508059 -0.691807 0.000000 0.536341 0.819050 -0.203706 12.466000 0.670119 -0.266521 0.692753 -0.000000 0.000000 0.000000 0.000000 1.000000
0.513669 -0.508321 -0.691198 0.000000 0.535408 0.819408 -0.204716 12.466000 0.670435 -0.264917 0.693063 0.000000 0.000000 0.000000 0.000000 1.000000
0.513743 -0.509017 -0.690630 0.000000 0.534387 0.819611 -0.206563 12.466000 0.671192 -0.262944 0.693081 0.000000 0.000000 0.000000 0.000000 1.000000
0.513293 -0.510438 -0.689916 0.000000 0.534176 0.819213 -0.208676 12.466000 0.671704 -0.261425 0.693160 0.000000 0.000000 0.000000 0.000000 1.000000
0.512915 -0.511708 -0.689255 0.000000 0.533892 0.818893 -0.210652 12.466000 0.672218 -0.259942 0.693219 0.000000 0.000000 0.000000 0.000000 1.000000
0.513026 -0.512485 -0.688595 0.000000 0.532811 0.819083 -0.212639 12.466000 0.672991 -0.257802 0.693269 -0.000000 0.000000 0.000000 0.000000 1.000000
0.512971 -0.513173 -0.688123 0.000000 0.532111 0.819131 -0.214204 12.466000 0.673587 -0.256277 0.693255 0.000000 0.000000 0.000000 0.000000 1.000000
0.511530 -0.514928 -0.687885 0.000000 0.533311 0.817954 -0.215709 12.466000 0.673733 -0.256515 0.693025 0.000000 0.000000 0.000000 0.000000 1.000000
0.509189 -0.517903 -0.687389 0.000000 0.535638 0.815848 -0.217910 12.466000 0.673661 -0.257234 0.692829 0.000000 0.000000 0.000000 0.000000 1.000000
0.507340 -0.520804 -0.686563 -0.000000 0.537336 0.814049 -0.220442 12.466000 0.673703 -0.257077 0.692846 0.000000 0.000000 0.000000 0.000000 1.000000
0.505889 -0.523384 -0.685672 0.000000 0.538401 0.812631 -0.223061 12.466000 0.673944 -0.256322 0.692891 0.000000 0.000000 0.000000 0.000000 1.000000
0.504472 -0.525578 -0.685037 0.000000 0.539814 0.811200 -0.224845 12.466000 0.673876 -0.256365 0.692942 0.000000 0.000000 0.000000 0.000000 1.000000
0.502439 -0.527727 -0.684879 -0.000000 0.541897 0.809443 -0.226164 12.466000 0.673723 -0.257500 0.692669 0.000000 0.000000 0.000000 0.000000 1.000000
0.499715 -0.530299 -0.684885 0.000000 0.544303 0.807322 -0.227959 12.466000 0.673809 -0.258871 0.692074 0.000000 0.000000 0.000000 0.000000 1.000000
0.496525 -0.532769 -0.685288 0.000000 0.547237 0.804955 -0.229302 12.466000 0.673791 -0.261161 0.691231 0.000000 0.000000 0.000000 0.000000 1.000000
0.493371 -0.534971 -0.685851 0.000000 0.550606 0.802492 -0.229870 12.466000 0.673363 -0.264222 0.690484 -0.000000 0.000000 0.000000 0.000000 1.000000
0.489888 -0.537123 -0.686664 -0.000000 0.554450 0.799789 -0.230049 12.466000 0.672752 -0.268022 0.689615 0.000000 0.000000 0.000000 0.000000 1.000000
0.486127 -0.539075 -0.687807 0.000000 0.558269 0.797097 -0.230159 12.466000 0.672322 -0.272095 0.688439 0.000000 0.000000 0.000000 0.000000 1.000000
0.483515 -0.541150 -0.688019 0.000000 0.561100 0.794894 -0.230890 12.466000 0.671848 -0.274408 0.687983 -0.000000 0.000000 0.000000 0.000000 1.000000
0.480672 -0.543575 -0.688100 0.000000 0.563676 0.792630 -0.232395 12.466000 0.671732 -0.276160 0.687395 -0.000000 0.000000 0.000000 0.000000 1.000000
0.478749 -0.545070 -0.688258 0.000000 0.565032 0.791297 -0.233639 12.466000 0.671966 -0.277033 0.686815 0.000000 0.000000 0.000000 0.000000 1.000000
0.477940 -0.544687 -0.689122 0.000000 0.566180 0.790839 -0.232411 12.466000 0.671576 -0.279089 0.686364 -0.000000 0.000000 0.000000 0.000000 1.000000
0.478469 -0.542967 -0.690112 0.000000 0.565986 0.791570 -0.230383 12.466000 0.671362 -0.280363 0.686054 -0.000000 0.000000 0.000000 0.000000 1.000000
0.478524 -0.541790 -0.690998 0.000000 0.566167 0.791894 -0.228822 12.466000 0.671170 -0.281723 0.685684 0.000000 0.000000 0.000000 0.000000 1.000000
0.477858 -0.541688 -0.691539 0.000000 0.566729 0.791598 -0.228452 12.466000 0.671171 -0.282747 0.685262 -0.000000 0.000000 0.000000 0.000000 1.000000
0.477978 -0.541150 -0.691877 0.000000 0.566628 0.791835 -0.227881 12.466000 0.671171 -0.283114 0.685110 0.000000 0.000000 0.000000 0.000000 1.000000
0.479053 -0.539373 -0.692521 0.000000 0.565652 0.792979 -0.226324 12.466000 0.671227 -0.283304 0.684977 0.000000 0.000000 0.000000 0.000000 1.000000
0.480527 -0.537213 -0.693178 0.000000 0.564243 0.794479 -0.224575 12.466000 0.671360 -0.283207 0.684887 0.000000 0.000000 0.000000 0.000000 1.000000
0.481327 -0.536223 -0.693390 0.000000 0.563380 0.795272 -0.223933 12.466000 0.671512 -0.282857 0.684882 -0.000000 0.000000 0.000000 0.000000 1.000000
0.480960 -0.536200 -0.693662 -0.000000 0.563347 0.795243 -0.224118 12.466000 0.671802 -0.282981 0.684546 0.000000 0.000000 0.000000 0.000000 1.000000
0.481004 -0.535991 -0.693793 0.000000 0.563232 0.795365 -0.223974 12.466000 0.671866 -0.283034 0.684461 0.000000 0.000000 0.000000 0.000000 1.000000
0.481340 -0.535113 -0.694238 0.000000 0.562567 0.795974 -0.223482 12.466000 0.672183 -0.282984 0.684171 -0.000000 0.000000 0.000000 0.000000 1.000000
0.481230 -0.534582 -0.694723 0.000000 0.562382 0.796207 -0.223115 12.466000 0.672417 -0.283330 0.683798 0.000000 0.000000 0.000000 0.000000 1.000000
0.480438 -0.535267 -0.694744 0.000000 0.562959 0.795637 -0.223695 12.466000 0.672500 -0.283641 0.683587 0.000000 0.000000 0.000000 0.000000 1.000000</float_array>
        <technique_common>
          <accessor source="#mixamorig_LeftArm-Matrix-animation-output-transform-array" count="71" stride="16">
            <param type="float4x4"/>
          </accessor>
        </technique_common>
      </source>
      <source id="mixamorig_LeftArm-Interpolations">
        <Name_array id="mixamorig_LeftArm-Interpolations-array" count="71">
 LINEAR LINEAR LINEAR LINEAR LINEAR LINEAR LINEAR LINEAR LINEAR LINEAR LINEAR
LINEAR LINEAR LINEAR LINEAR LINEAR LINEAR LINEAR LINEAR LINEAR LINEAR LINEAR LINEAR
LINEAR LINEAR LINEAR LINEAR LINEAR LINEAR LINEAR LINEAR LINEAR LINEAR LINEAR LINEAR
LINEAR LINEAR LINEAR LINEAR LINEAR LINEAR LINEAR LINEAR LINEAR LINEAR LINEAR LINEAR
LINEAR LINEAR LINEAR LINEAR LINEAR LINEAR LINEAR LINEAR LINEAR LINEAR LINEAR LINEAR
LINEAR LINEAR LINEAR LINEAR LINEAR LINEAR LINEAR LINEAR LINEAR LINEAR LINEAR LINEAR</Name_array>
        <technique_common>
          <accessor source="#mixamorig_LeftArm-Interpolations-array" count="71">
            <param type="name"/>
          </accessor>
        </technique_common>
      </source>
      <sampler id="mixamorig_LeftArm-Matrix-animation-transform">
        <input semantic="INPUT" source="#mixamorig_LeftArm-Matrix-animation-input"/>
        <input semantic="OUTPUT" source="#mixamorig_LeftArm-Matrix-animation-output-transform"/>
        <input semantic="INTERPOLATION" source="#mixamorig_LeftArm-Interpolations"/>
      </sampler>
      <channel source="#mixamorig_LeftArm-Matrix-animation-transform" target="mixamorig_LeftArm/matrix"/>
    </animation>
    <animation id="mixamorig_LeftForeArm-anim" name="mixamorig_LeftForeArm">
      <source id="mixamorig_LeftForeArm-Matrix-animation-input">
        <float_array id="mixamorig_LeftForeArm-Matrix-animation-input-array" count="71">

0.000000 0.033333 0.066667 0.100000 0.133333 0.166667 0.200000 0.233333 0.266667 0.300000 0.333333 0.366667 0.400000 0.433333 0.466667 0.500000
0.533333 0.566667 0.600000 0.633333 0.666667 0.700000 0.733333 0.766667 0.800000 0.833333 0.866667 0.900000 0.933333 0.966667 1.000000 1.033333
1.066667 1.100000 1.133333 1.166667 1.200000 1.233333 1.266667 1.300000 1.333333 1.366667 1.400000 1.433333 1.466667 1.500000 1.533333 1.566667
1.600000 1.633333 1.666667 1.700000 1.733333 1.766667 1.800000 1.833333 1.866667 1.900000 1.933333 1.966667 2.000000 2.033333 2.066667 2.100000
2.133333 2.166667 2.200000 2.233333 2.266667 2.300000 2.333333</float_array>
        <technique_common>
          <accessor source="#mixamorig_LeftForeArm-Matrix-animation-input-array" count="71">
            <param name="TIME" type="float"/>
          </accessor>
        </technique_common>
      </source>
      <source id="mixamorig_LeftForeArm-Matrix-animation-output-transform">
        <float_array id="mixamorig_LeftForeArm-Matrix-animation-output-transform-array" count="1136">

0.856016 -0.441436 -0.269016 -0.000000 0.466411 0.883927 0.033669 27.687000 0.222928 -0.154294 0.962547 0.000000 0.000000 0.000000 0.000000 1.000000
0.855931 -0.442731 -0.267156 -0.000000 0.467471 0.883362 0.033806 27.687000 0.221028 -0.153823 0.963060 0.000000 0.000000 0.000000 0.000000 1.000000
0.855055 -0.445586 -0.265206 -0.000000 0.470119 0.881951 0.033907 27.687000 0.218791 -0.153671 0.963595 0.000000 0.000000 0.000000 0.000000 1.000000
0.854079 -0.448663 -0.263154 0.000000 0.472978 0.880417 0.034011 27.687000 0.216426 -0.153515 0.964154 0.000000 0.000000 0.000000 0.000000 1.000000
0.853120 -0.451534 -0.261349 0.000000 0.475660 0.878968 0.034097 27.687000 0.214322 -0.153402 0.964642 0.000000 0.000000 0.000000 0.000000 1.000000
0.851984 -0.454018 -0.260750 0.000000 0.478158 0.877605 0.034268 27.687000 0.213277 -0.153876 0.964798 0.000000 0.000000 0.000000 0.000000 1.000000
0.850833 -0.456378 -0.260389 0.000000 0.480591 0.876264 0.034547 27.687000 0.212403 -0.154534 0.964885 0.000000 0.000000 0.000000 0.000000 1.000000
0.849400 -0.458926 -0.260590 0.000000 0.483325 0.874745 0.034894 27.687000 0.211936 -0.155589 0.964819 0.000000 0.000000 0.000000 0.000000 1.000000
0.847496 -0.462207 -0.260988 -0.000000 0.486822 0.872794 0.035130 27.687000 0.211552 -0.156828 0.964702 0.000000 0.000000 0.000000 0.000000 1.000000
0.845224 -0.466169 -0.261310 -0.000000 0.490915 0.870507 0.034935 27.687000 0.211186 -0.157809 0.964623 -0.000000 0.000000 0.000000 0.000000 1.000000
0.842623 -0.470604 -0.261760 -0.000000 0.495461 0.867945 0.034490 27.687000 0.210962 -0.158754 0.964517 0.000000 0.000000 0.000000 0.000000 1.000000
0.840094 -0.475169 -0.261642 -0.000000 0.499867 0.865465 0.033228 27.687000 0.210653 -0.158701 0.964593 0.000000 0.000000 0.000000 0.000000 1.000000
0.838096 -0.478297 -0.262350 0.000000 0.503144 0.863575 0.032923 27.687000 0.210812 -0.159592 0.964411 0.000000 0.000000 0.000000 0.000000 1.000000
0.836657 -0.480586 -0.262758 0.000000 0.505516 0.862199 0.032662 27.687000 0.210853 -0.160155 0.964309 0.000000 0.000000 0.000000 0.000000 1.000000
0.835755 -0.481825 -0.263360 0.000000 0.506817 0.861448 0.032301 27.687000 0.211308 -0.160471 0.964157 0.000000 0.000000 0.000000 0.000000 1.000000
0.835296 -0.482362 -0.263833 -0.000000 0.507376 0.861132 0.031960 27.687000 0.211779 -0.160558 0.964039 0.000000 0.000000 0.000000 0.000000 1.000000
0.835115 -0.482363 -0.264402 -0.000000 0.507419 0.861116 0.031706 27.687000 0.212387 -0.160641 0.963891 -0.000000 0.000000 0.000000 0.000000 1.000000
0.835157 -0.481840 -0.265221 0.000000 0.506974 0.861386 0.031493 27.687000 0.213283 -0.160762 0.963673 -0.000000 0.000000 0.000000 0.000000 1.000000
0.835640 -0.480777 -0.265629 0.000000 0.505917 0.862012 0.031354 27.687000 0.213901 -0.160587 0.963565 0.000000 0.000000 0.000000 0.000000 1.000000
0.836576 -0.479213 -0.265509 0.000000 0.504215 0.863020 0.031049 27.687000 0.214261 -0.159848 0.963608 0.000000 0.000000 0.000000 0.000000 1.000000
0.837715 -0.477434 -0.265124 0.000000 0.502217 0.864200 0.030612 27.687000 0.214505 -0.158794 0.963728 0.000000 0.000000 0.000000 0.000000 1.000000
0.838773 -0.475681 -0.264930 0.000000 0.500216 0.865385 0.029897 27.687000 0.215045 -0.157598 0.963804 0.000000 0.000000 0.000000 0.000000 1.000000
0.839166 -0.474838 -0.265198 -0.000000 0.499239 0.865972 0.029216 27.687000 0.215781 -0.156914 0.963751 0.000000 0.000000 0.000000 0.000000 1.000000
0.838843 -0.475418 -0.265179 0.000000 0.499766 0.865678 0.028912 27.687000 0.215814 -0.156780 0.963766 0.000000 0.000000 0.000000 0.000000 1.000000
0.838585 -0.475650 -0.265580 0.000000 0.500015 0.865542 0.028653 27.687000 0.216242 -0.156822 0.963663 0.000000 0.000000 0.000000 0.000000 1.000000
0.838066 -0.476132 -0.266353 -0.000000 0.500652 0.865173 0.028694 27.687000 0.216780 -0.157397 0.963448 -0.000000 0.000000 0.000000 0.000000 1.000000
0.838148 -0.475531 -0.267166 0.000000 0.500233 0.865406 0.028977 27.687000 0.217428 -0.157933 0.963215 0.000000 0.000000 0.000000 0.000000 1.000000
0.838163 -0.475260 -0.267602 0.000000 0.500074 0.865490 0.029188 27.687000 0.217735 -0.158285 0.963087 0.000000 0.000000 0.000000 0.000000 1.000000
0.838259 -0.474622 -0.268432 -0.000000 0.499583 0.865770 0.029304 27.687000 0.218492 -0.158668 0.962853 -0.000000 0.000000 0.000000 0.000000 1.000000
0.839180 -0.472143 -0.269924 0.000000 0.497437 0.866981 0.030011 27.687000 0.219850 -0.159455 0.962414 0.000000 0.000000 0.000000 0.000000 1.000000
0.841494 -0.467077 -0.271526 0.000000 0.492812 0.869567 0.031466 27.687000 0.221413 -0.160290 0.961917 0.000000 0.000000 0.000000 0.000000 1.000000
0.843641 -0.462441 -0.272796 -0.000000 0.488382 0.872040 0.032083 27.687000 0.223052 -0.160295 0.961537 0.000000 0.000000 0.000000 0.000000 1.000000
0.845053 -0.459682 -0.273089 -0.000000 0.485453 0.873694 0.031538 27.687000 0.224099 -0.159223 0.961472 -0.000000 0.000000 0.000000 0.000000 1.000000
0.846358 -0.457075 -0.273425 0.000000 0.482803 0.875163 0.031482 27.687000 0.224901 -0.158655 0.961378 0.000000 0.000000 0.000000 0.000000 1.000000
0.848490 -0.453530 -0.272720 -0.000000 0.478998 0.877254 0.031402 27.687000 0.225003 -0.157276 0.961581 -0.000000 0.000000 0.000000 0.000000 1.000000
0.850345 -0.450291 -0.272310 -0.000000 0.475492 0.879173 0.031028 27.687000 0.225436 -0.155866 0.961709 0.000000 0.000000 0.000000 0.000000 1.000000
0.851530 -0.448961 -0.270796 0.000000 0.473446 0.880338 0.029230 27.687000 0.225269 -0.153098 0.962193 0.000000 0.000000 0.000000 0.000000 1.000000
0.851600 -0.449126 -0.270303 -0.000000 0.473344 0.880419 0.028417 27.687000 0.225217 -0.152146 0.962356 0.000000 0.000000 0.000000 0.000000 1.000000
0.850989 -0.449976 -0.270815 -0.000000 0.474340 0.879878 0.028559 27.687000 0.225433 -0.152762 0.962208 -0.000000 0.000000 0.000000 0.000000 1.000000
0.850368 -0.450651 -0.271640 -0.000000 0.475260 0.879370 0.028925 27.687000 0.225837 -0.153696 0.961964 0.000000 0.000000 0.000000 0.000000 1.000000
0.850091 -0.450700 -0.272424 -0.000000 0.475544 0.879202 0.029365 27.687000 0.226281 -0.154513 0.961729 0.000000 0.000000 0.000000 0.000000 1.000000
0.849687 -0.450926 -0.273309 0.000000 0.475992 0.878949 0.029650 27.687000 0.226855 -0.155286 0.961469 -0.000000 0.000000 0.000000 0.000000 1.000000
0.848941 -0.451732 -0.274295 0.000000 0.477086 0.878343 0.030045 27.687000 0.227353 -0.156369 0.961176 0.000000 0.000000 0.000000 0.000000 1.000000
0.848179 -0.452724 -0.275016 -0.000000 0.478273 0.877692 0.030213 27.687000 0.227701 -0.157159 0.960965 0.000000 0.000000 0.000000 0.000000 1.000000
0.848197 -0.452749 -0.274919 -0.000000 0.478186 0.877753 0.029806 27.687000 0.227816 -0.156744 0.961005 0.000000 0.000000 0.000000 0.000000 1.000000
0.848849 -0.451731 -0.274581 -0.000000 0.476955 0.878439 0.029298 27.687000 0.227968 -0.155832 0.961117 -0.000000 0.000000 0.000000 0.000000 1.000000
0.849316 -0.450926 -0.274460 0.000000 0.476086 0.878913 0.029232 27.687000 0.228045 -0.155493 0.961154 0.000000 0.000000 0.000000 0.000000 1.000000
0.849655 -0.450343 -0.274367 0.000000 0.475460 0.879253 0.029200 27.687000 0.228088 -0.155260 0.961182 0.000000 0.000000 0.000000 0.000000 1.000000
0.849959 -0.449801 -0.274317 0.000000 0.474889 0.879561 0.029197 27.687000 0.228145 -0.155087 0.961196 -0.000000 0.000000 0.000000 0.000000 1.000000
0.850395 -0.449278 -0.273822 0.000000 0.474321 0.879860 0.029427 27.687000 0.227704 -0.154904 0.961330 -0.000000 0.000000 0.000000 0.000000 1.000000
0.851025 -0.448104 -0.273787 -0.000000 0.473218 0.880437 0.029927 27.687000 0.227642 -0.155030 0.961325 -0.000000 0.000000 0.000000 0.000000 1.000000
0.851832 -0.446584 -0.273760 0.000000 0.471775 0.881192 0.030491 27.687000 0.227618 -0.155126 0.961315 -0.000000 0.000000 0.000000 0.000000 1.000000
0.853116 -0.444736 -0.272768 -0.000000 0.469769 0.882252 0.030788 27.687000 0.226957 -0.154403 0.961587 0.000000 0.000000 0.000000 0.000000 1.000000
0.854886 -0.442068 -0.271561 -0.000000 0.466852 0.883793 0.030963 27.687000 0.226316 -0.153249 0.961923 0.000000 0.000000 0.000000 0.000000 1.000000
0.856603 -0.439192 -0.270816 0.000000 0.463682 0.885472 0.030645 27.687000 0.226341 -0.151823 0.962143 0.000000 0.000000 0.000000 0.000000 1.000000
0.858631 -0.435949 -0.269632 -0.000000 0.459953 0.887441 0.029857 27.687000 0.226266 -0.149654 0.962501 -0.000000 0.000000 0.000000 0.000000 1.000000
0.860551 -0.432667 -0.268795 -0.000000 0.456368 0.889298 0.029607 27.687000 0.226229 -0.148148 0.962742 0.000000 0.000000 0.000000 0.000000 1.000000
0.861626 -0.430671 -0.268557 0.000000 0.454268 0.890373 0.029609 27.687000 0.226364 -0.147509 0.962809 0.000000 0.000000 0.000000 0.000000 1.000000
0.862131 -0.430481 -0.267238 0.000000 0.453709 0.890679 0.028950 27.687000 0.225561 -0.146207 0.963196 0.000000 0.000000 0.000000 0.000000 1.000000
0.861785 -0.431759 -0.266292 -0.000000 0.454773 0.890152 0.028483 27.687000 0.224743 -0.145649 0.963471 0.000000 0.000000 0.000000 0.000000 1.000000
0.861527 -0.432731 -0.265548 -0.000000 0.455593 0.889741 0.028196 27.687000 0.224068 -0.145273 0.963685 0.000000 0.000000 0.000000 0.000000 1.000000
0.861522 -0.432966 -0.265182 -0.000000 0.455828 0.889614 0.028409 27.687000 0.223609 -0.145353 0.963780 -0.000000 0.000000 0.000000 0.000000 1.000000
0.861132 -0.433766 -0.265137 0.000000 0.456719 0.889147 0.028716 27.687000 0.223290 -0.145822 0.963783 0.000000 0.000000 0.000000 0.000000 1.000000
0.860197 -0.435664 -0.265060 0.000000 0.458692 0.888128 0.028822 27.687000 0.222851 -0.146374 0.963801 0.000000 0.000000 0.000000 0.000000 1.000000
0.858949 -0.437980 -0.265292 -0.000000 0.461212 0.886809 0.029223 27.687000 0.222465 -0.147457 0.963725 0.000000 0.000000 0.000000 0.000000 1.000000
0.858063 -0.439371 -0.265859 -0.000000 0.462956 0.885868 0.030169 27.687000 0.222261 -0.148968 0.963540 0.000000 0.000000 0.000000 0.000000 1.000000
0.857473 -0.439773 -0.267095 0.000000 0.463882 0.885336 0.031523 27.687000 0.222606 -0.150931 0.963154 0.000000 0.000000 0.000000 0.000000 1.000000
0.856971 -0.440355 -0.267747 0.000000 0.464756 0.884852 0.032243 27.687000 0.222718 -0.152069 0.962950 -0.000000 0.000000 0.000000 0.000000 1.000000
0.856146 -0.441459 -0.268565 -0.000000 0.466244 0.884034 0.033170 27.687000 0.222777 -0.153615 0.962690 0.000000 0.000000 0.000000 0.000000 1.000000
0.855582 -0.442060 -0.269373 0.000000 0.467104 0.883563 0.033626 27.687000 0.223143 -0.154595 0.962449 0.000000 0.000000 0.000000 0.000000 1.000000
0.855904 -0.441412 -0.269413 0.000000 0.466473 0.883891 0.033765 27.687000 0.223227 -0.154573 0.962433 0.000000 0.000000 0.000000 0.000000 1.000000</float_array>
        <technique_common>
          <accessor source="#mixamorig_LeftForeArm-Matrix-animation-output-transform-array" count="71" stride="16">
            <param type="float4x4"/>
          </accessor>
        </technique_common>
      </source>
      <source id="mixamorig_LeftForeArm-Interpolations">
        <Name_array id="mixamorig_LeftForeArm-Interpolations-array" count="71">
 LINEAR LINEAR LINEAR LINEAR LINEAR LINEAR LINEAR LINEAR LINEAR LINEAR LINEAR
LINEAR LINEAR LINEAR LINEAR LINEAR LINEAR LINEAR LINEAR LINEAR LINEAR LINEAR LINEAR
LINEAR LINEAR LINEAR LINEAR LINEAR LINEAR LINEAR LINEAR LINEAR LINEAR LINEAR LINEAR
LINEAR LINEAR LINEAR LINEAR LINEAR LINEAR LINEAR LINEAR LINEAR LINEAR LINEAR LINEAR
LINEAR LINEAR LINEAR LINEAR LINEAR LINEAR LINEAR LINEAR LINEAR LINEAR LINEAR LINEAR
LINEAR LINEAR LINEAR LINEAR LINEAR LINEAR LINEAR LINEAR LINEAR LINEAR LINEAR LINEAR</Name_array>
        <technique_common>
          <accessor source="#mixamorig_LeftForeArm-Interpolations-array" count="71">
            <param type="name"/>
          </accessor>
        </technique_common>
      </source>
      <sampler id="mixamorig_LeftForeArm-Matrix-animation-transform">
        <input semantic="INPUT" source="#mixamorig_LeftForeArm-Matrix-animation-input"/>
        <input semantic="OUTPUT" source="#mixamorig_LeftForeArm-Matrix-animation-output-transform"/>
        <input semantic="INTERPOLATION" source="#mixamorig_LeftForeArm-Interpolations"/>
      </sampler>
      <channel source="#mixamorig_LeftForeArm-Matrix-animation-transform" target="mixamorig_LeftForeArm/matrix"/>
    </animation>
    <animation id="mixamorig_LeftHand-anim" name="mixamorig_LeftHand">
      <source id="mixamorig_LeftHand-Matrix-animation-input">
        <float_array id="mixamorig_LeftHand-Matrix-animation-input-array" count="71">

0.000000 0.033333 0.066667 0.100000 0.133333 0.166667 0.200000 0.233333 0.266667 0.300000 0.333333 0.366667 0.400000 0.433333 0.466667 0.500000
0.533333 0.566667 0.600000 0.633333 0.666667 0.700000 0.733333 0.766667 0.800000 0.833333 0.866667 0.900000 0.933333 0.966667 1.000000 1.033333
1.066667 1.100000 1.133333 1.166667 1.200000 1.233333 1.266667 1.300000 1.333333 1.366667 1.400000 1.433333 1.466667 1.500000 1.533333 1.566667
1.600000 1.633333 1.666667 1.700000 1.733333 1.766667 1.800000 1.833333 1.866667 1.900000 1.933333 1.966667 2.000000 2.033333 2.066667 2.100000
2.133333 2.166667 2.200000 2.233333 2.266667 2.300000 2.333333</float_array>
        <technique_common>
          <accessor source="#mixamorig_LeftHand-Matrix-animation-input-array" count="71">
            <param name="TIME" type="float"/>
          </accessor>
        </technique_common>
      </source>
      <source id="mixamorig_LeftHand-Matrix-animation-output-transform">
        <float_array id="mixamorig_LeftHand-Matrix-animation-output-transform-array" count="1136">

0.974886 -0.178710 0.132892 -0.000000 0.039421 0.725771 0.686806 27.894800 -0.219188 -0.664319 0.714589 0.000000 0.000000 0.000000 0.000000 1.000000
0.974965 -0.177447 0.133997 0.000000 0.037742 0.725941 0.686721 27.894800 -0.219130 -0.664472 0.714464 -0.000000 0.000000 0.000000 0.000000 1.000000
0.975177 -0.175271 0.135316 -0.000000 0.035201 0.726045 0.686746 27.894800 -0.218612 -0.664935 0.714192 0.000000 0.000000 0.000000 0.000000 1.000000
0.975405 -0.172924 0.136687 0.000000 0.032533 0.726261 0.686648 27.894800 -0.218008 -0.665313 0.714024 0.000000 0.000000 0.000000 0.000000 1.000000
0.975596 -0.170894 0.137865 0.000000 0.030241 0.726479 0.686523 27.894800 -0.217479 -0.665601 0.713918 0.000000 0.000000 0.000000 0.000000 1.000000
0.975543 -0.169933 0.139426 0.000000 0.028561 0.726914 0.686134 27.894800 -0.217947 -0.665371 0.713989 0.000000 0.000000 0.000000 0.000000 1.000000
0.975565 -0.168961 0.140449 0.000000 0.027262 0.727384 0.685688 27.894800 -0.218015 -0.665104 0.714217 0.000000 0.000000 0.000000 0.000000 1.000000
0.975529 -0.168136 0.141683 0.000000 0.025986 0.728038 0.685045 27.894800 -0.218331 -0.664599 0.714591 0.000000 0.000000 0.000000 0.000000 1.000000
0.975555 -0.166934 0.142918 0.000000 0.024440 0.728732 0.684362 27.894800 -0.218393 -0.664140 0.714998 0.000000 0.000000 0.000000 0.000000 1.000000
0.975804 -0.164847 0.143639 0.000000 0.022525 0.729240 0.683887 27.894800 -0.217484 -0.664105 0.715308 -0.000000 0.000000 0.000000 0.000000 1.000000
0.976058 -0.162615 0.144453 0.000000 0.020446 0.729777 0.683380 27.894800 -0.216547 -0.664065 0.715629 -0.000000 0.000000 0.000000 0.000000 1.000000
0.976384 -0.160250 0.144891 -0.000000 0.018400 0.729914 0.683292 27.894800 -0.215256 -0.664489 0.715625 0.000000 0.000000 0.000000 0.000000 1.000000
0.976598 -0.158658 0.145206 0.000000 0.017081 0.730226 0.682992 27.894800 -0.214395 -0.664528 0.715848 0.000000 0.000000 0.000000 0.000000 1.000000
0.976841 -0.157285 0.145064 0.000000 0.016184 0.730342 0.682890 27.894800 -0.213355 -0.664727 0.715973 0.000000 0.000000 0.000000 0.000000 1.000000
0.976989 -0.156650 0.144753 0.000000 0.015918 0.730327 0.682912 27.894800 -0.212695 -0.664894 0.716015 0.000000 0.000000 0.000000 0.000000 1.000000
0.977139 -0.156298 0.144117 -0.000000 0.016048 0.730168 0.683079 27.894800 -0.211993 -0.665151 0.715984 -0.000000 0.000000 0.000000 0.000000 1.000000
0.977236 -0.156347 0.143409 0.000000 0.016504 0.729931 0.683322 27.894800 -0.211514 -0.665400 0.715895 0.000000 0.000000 0.000000 0.000000 1.000000
0.977291 -0.156781 0.142555 0.000000 0.017319 0.729587 0.683669 27.894800 -0.211193 -0.665675 0.715734 0.000000 0.000000 0.000000 0.000000 1.000000
0.977290 -0.157416 0.141860 0.000000 0.018191 0.729300 0.683952 27.894800 -0.211124 -0.665839 0.715601 -0.000000 0.000000 0.000000 0.000000 1.000000
0.977386 -0.157806 0.140760 0.000000 0.019099 0.728808 0.684452 27.894800 -0.210598 -0.666286 0.715340 0.000000 0.000000 0.000000 0.000000 1.000000
0.977655 -0.157794 0.138892 0.000000 0.020123 0.727933 0.685353 27.894800 -0.209249 -0.667244 0.714843 0.000000 0.000000 0.000000 0.000000 1.000000
0.978091 -0.157283 0.136380 0.000000 0.021123 0.726715 0.686615 27.894800 -0.207102 -0.668691 0.714116 0.000000 0.000000 0.000000 0.000000 1.000000
0.978476 -0.156604 0.134388 0.000000 0.021719 0.725761 0.687604 27.894800 -0.205215 -0.669885 0.713541 -0.000000 0.000000 0.000000 0.000000 1.000000
0.978742 -0.155746 0.133445 -0.000000 0.021651 0.725470 0.687913 27.894800 -0.203950 -0.670400 0.713420 0.000000 0.000000 0.000000 0.000000 1.000000
0.978925 -0.155084 0.132872 0.000000 0.021492 0.725249 0.688151 27.894800 -0.203087 -0.670792 0.713298 0.000000 0.000000 0.000000 0.000000 1.000000
0.979000 -0.154865 0.132575 0.000000 0.021527 0.725218 0.688183 27.894800 -0.202721 -0.670877 0.713322 -0.000000 0.000000 0.000000 0.000000 1.000000
0.979064 -0.154842 0.132130 0.000000 0.021809 0.725171 0.688223 27.894800 -0.202383 -0.670933 0.713366 -0.000000 0.000000 0.000000 0.000000 1.000000
0.979145 -0.154698 0.131695 0.000000 0.021982 0.725092 0.688301 27.894800 -0.201970 -0.671051 0.713371 0.000000 0.000000 0.000000 0.000000 1.000000
0.979207 -0.154791 0.131124 -0.000000 0.022432 0.725020 0.688363 27.894800 -0.201620 -0.671108 0.713417 0.000000 0.000000 0.000000 0.000000 1.000000
0.978936 -0.156658 0.130929 0.000000 0.023999 0.725131 0.688192 27.894800 -0.202752 -0.670554 0.713617 -0.000000 0.000000 0.000000 0.000000 1.000000
0.978378 -0.160442 0.130515 0.000000 0.027171 0.725287 0.687910 27.894800 -0.205031 -0.669490 0.713965 0.000000 0.000000 0.000000 0.000000 1.000000
0.977944 -0.163858 0.129523 -0.000000 0.030347 0.725010 0.688070 27.894800 -0.206651 -0.668963 0.713992 0.000000 0.000000 0.000000 0.000000 1.000000
0.977749 -0.165955 0.128317 -0.000000 0.032570 0.724359 0.688653 27.894800 -0.207233 -0.669151 0.713646 0.000000 0.000000 0.000000 0.000000 1.000000
0.977646 -0.167557 0.127019 0.000000 0.034505 0.723769 0.689179 27.894800 -0.207409 -0.669390 0.713371 0.000000 0.000000 0.000000 0.000000 1.000000
0.977568 -0.169329 0.125252 -0.000000 0.036791 0.722827 0.690049 27.894800 -0.207381 -0.669961 0.712843 0.000000 0.000000 0.000000 0.000000 1.000000
0.977549 -0.170638 0.123612 0.000000 0.038613 0.721794 0.691030 27.894800 -0.207139 -0.670743 0.712178 -0.000000 0.000000 0.000000 0.000000 1.000000
0.977840 -0.170358 0.121683 -0.000000 0.039317 0.720330 0.692517 27.894800 -0.205627 -0.672386 0.711065 0.000000 0.000000 0.000000 0.000000 1.000000
0.978159 -0.169353 0.120520 -0.000000 0.039190 0.719676 0.693203 27.894800 -0.204131 -0.673340 0.710594 0.000000 0.000000 0.000000 0.000000 1.000000
0.978318 -0.168589 0.120299 0.000000 0.038803 0.719765 0.693132 27.894800 -0.203441 -0.673436 0.710701 0.000000 0.000000 0.000000 0.000000 1.000000
0.978317 -0.168500 0.120429 0.000000 0.038731 0.720051 0.692839 27.894800 -0.203458 -0.673152 0.710965 -0.000000 0.000000 0.000000 0.000000 1.000000
0.978263 -0.168748 0.120522 0.000000 0.038934 0.720328 0.692540 27.894800 -0.203681 -0.672793 0.711241 0.000000 0.000000 0.000000 0.000000 1.000000
0.978240 -0.168781 0.120660 0.000000 0.038938 0.720582 0.692276 27.894800 -0.203788 -0.672514 0.711474 0.000000 0.000000 0.000000 0.000000 1.000000
0.978217 -0.168729 0.120922 0.000000 0.038827 0.720958 0.691890 27.894800 -0.203921 -0.672124 0.711805 0.000000 0.000000 0.000000 0.000000 1.000000
0.978265 -0.168330 0.121090 0.000000 0.038501 0.721259 0.691595 27.894800 -0.203753 -0.671901 0.712063 0.000000 0.000000 0.000000 0.000000 1.000000
0.978264 -0.168312 0.121120 0.000000 0.038458 0.721231 0.691626 27.894800 -0.203764 -0.671935 0.712027 -0.000000 0.000000 0.000000 0.000000 1.000000
0.978260 -0.168666 0.120660 0.000000 0.038950 0.720906 0.691937 27.894800 -0.203691 -0.672195 0.711803 -0.000000 0.000000 0.000000 0.000000 1.000000
0.978288 -0.168921 0.120075 -0.000000 0.039484 0.720671 0.692152 27.894800 -0.203453 -0.672384 0.711693 -0.000000 0.000000 0.000000 0.000000 1.000000
0.978235 -0.169472 0.119728 0.000000 0.040083 0.720478 0.692319 27.894800 -0.203590 -0.672451 0.711590 -0.000000 0.000000 0.000000 0.000000 1.000000
0.978184 -0.169855 0.119603 0.000000 0.040430 0.720384 0.692396 27.894800 -0.203767 -0.672455 0.711536 -0.000000 0.000000 0.000000 0.000000 1.000000
0.978123 -0.170073 0.119795 0.000000 0.040466 0.720412 0.692365 27.894800 -0.204054 -0.672371 0.711533 -0.000000 0.000000 0.000000 0.000000 1.000000
0.977916 -0.170918 0.120279 0.000000 0.040799 0.720551 0.692200 27.894800 -0.204977 -0.672007 0.711612 -0.000000 0.000000 0.000000 0.000000 1.000000
0.977650 -0.171948 0.120974 0.000000 0.041131 0.720721 0.692004 27.894800 -0.206177 -0.671562 0.711685 0.000000 0.000000 0.000000 0.000000 1.000000
0.977368 -0.173078 0.121635 0.000000 0.041523 0.720761 0.691939 27.894800 -0.207429 -0.671229 0.711635 0.000000 0.000000 0.000000 0.000000 1.000000
0.977058 -0.174588 0.121972 0.000000 0.042392 0.720676 0.691975 27.894800 -0.208713 -0.670929 0.711543 -0.000000 0.000000 0.000000 0.000000 1.000000
0.976746 -0.176282 0.122031 0.000000 0.043495 0.720265 0.692334 27.894800 -0.209941 -0.670926 0.711184 0.000000 0.000000 0.000000 0.000000 1.000000
0.976554 -0.177939 0.121158 -0.000000 0.045088 0.719399 0.693133 27.894800 -0.210496 -0.671419 0.710555 -0.000000 0.000000 0.000000 0.000000 1.000000
0.976238 -0.179993 0.120672 0.000000 0.046799 0.718835 0.693604 27.894800 -0.211587 -0.671475 0.710178 -0.000000 0.000000 0.000000 0.000000 1.000000
0.975851 -0.181848 0.121024 0.000000 0.047888 0.718659 0.693712 27.894800 -0.213125 -0.671164 0.710012 0.000000 0.000000 0.000000 0.000000 1.000000
0.975753 -0.182073 0.121474 0.000000 0.047754 0.718714 0.693664 27.894800 -0.213602 -0.671043 0.709982 0.000000 0.000000 0.000000 0.000000 1.000000
0.975663 -0.181794 0.122604 0.000000 0.046870 0.719121 0.693303 27.894800 -0.214205 -0.670683 0.710141 0.000000 0.000000 0.000000 0.000000 1.000000
0.975580 -0.181486 0.123717 0.000000 0.045976 0.719520 0.692948 27.894800 -0.214777 -0.670338 0.710294 0.000000 0.000000 0.000000 0.000000 1.000000
0.975378 -0.181806 0.124838 0.000000 0.045570 0.719984 0.692493 27.894800 -0.215781 -0.669753 0.710541 -0.000000 0.000000 0.000000 0.000000 1.000000
0.975238 -0.181778 0.125969 0.000000 0.044927 0.720545 0.691951 27.894800 -0.216548 -0.669157 0.710870 0.000000 0.000000 0.000000 0.000000 1.000000
0.975330 -0.180711 0.126787 -0.000000 0.043721 0.721095 0.691456 27.894800 -0.216380 -0.668854 0.711206 0.000000 0.000000 0.000000 0.000000 1.000000
0.975404 -0.179507 0.127920 -0.000000 0.042272 0.721903 0.690702 27.894800 -0.216331 -0.668307 0.711735 0.000000 0.000000 0.000000 0.000000 1.000000
0.975336 -0.179027 0.129110 -0.000000 0.041356 0.722791 0.689829 27.894800 -0.216817 -0.667475 0.712367 0.000000 0.000000 0.000000 0.000000 1.000000
0.975252 -0.178905 0.129908 -0.000000 0.040956 0.723582 0.689023 27.894800 -0.217268 -0.666650 0.713002 -0.000000 0.000000 0.000000 0.000000 1.000000
0.975198 -0.178673 0.130632 -0.000000 0.040457 0.724156 0.688448 27.894800 -0.217605 -0.666088 0.713425 -0.000000 0.000000 0.000000 0.000000 1.000000
0.975094 -0.178410 0.131759 0.000000 0.039741 0.725004 0.687597 27.894800 -0.218200 -0.665236 0.714038 -0.000000 0.000000 0.000000 0.000000 1.000000
0.974938 -0.178473 0.132826 -0.000000 0.039237 0.725614 0.686982 27.894800 -0.218988 -0.664553 0.714432 0.000000 0.000000 0.000000 0.000000 1.000000
0.974834 -0.178777 0.133181 0.000000 0.039257 0.725737 0.686851 27.894800 -0.219447 -0.664338 0.714491 -0.000000 0.000000 0.000000 0.000000 1.000000</float_array>
        <technique_common>
          <accessor source="#mixamorig_LeftHand-Matrix-animation-output-transform-array" count="71" stride="16">
            <param type="float4x4"/>
          </accessor>
        </technique_common>
      </source>
      <source id="mixamorig_LeftHand-Interpolations">
        <Name_array id="mixamorig_LeftHand-Interpolations-array" count="71">
 LINEAR LINEAR LINEAR LINEAR LINEAR LINEAR LINEAR LINEAR LINEAR LINEAR LINEAR
LINEAR LINEAR LINEAR LINEAR LINEAR LINEAR LINEAR LINEAR LINEAR LINEAR LINEAR LINEAR
LINEAR LINEAR LINEAR LINEAR LINEAR LINEAR LINEAR LINEAR LINEAR LINEAR LINEAR LINEAR
LINEAR LINEAR LINEAR LINEAR LINEAR LINEAR LINEAR LINEAR LINEAR LINEAR LINEAR LINEAR
LINEAR LINEAR LINEAR LINEAR LINEAR LINEAR LINEAR LINEAR LINEAR LINEAR LINEAR LINEAR
LINEAR LINEAR LINEAR LINEAR LINEAR LINEAR LINEAR LINEAR LINEAR LINEAR LINEAR LINEAR</Name_array>
        <technique_common>
          <accessor source="#mixamorig_LeftHand-Interpolations-array" count="71">
            <param type="name"/>
          </accessor>
        </technique_common>
      </source>
      <sampler id="mixamorig_LeftHand-Matrix-animation-transform">
        <input semantic="INPUT" source="#mixamorig_LeftHand-Matrix-animation-input"/>
        <input semantic="OUTPUT" source="#mixamorig_LeftHand-Matrix-animation-output-transform"/>
        <input semantic="INTERPOLATION" source="#mixamorig_LeftHand-Interpolations"/>
      </sampler>
      <channel source="#mixamorig_LeftHand-Matrix-animation-transform" target="mixamorig_LeftHand/matrix"/>
    </animation>
    <animation id="mixamorig_LeftHandThumb1-anim" name="mixamorig_LeftHandThumb1">
      <source id="mixamorig_LeftHandThumb1-Matrix-animation-input">
        <float_array id="mixamorig_LeftHandThumb1-Matrix-animation-input-array" count="71">

0.000000 0.033333 0.066667 0.100000 0.133333 0.166667 0.200000 0.233333 0.266667 0.300000 0.333333 0.366667 0.400000 0.433333 0.466667 0.500000
0.533333 0.566667 0.600000 0.633333 0.666667 0.700000 0.733333 0.766667 0.800000 0.833333 0.866667 0.900000 0.933333 0.966667 1.000000 1.033333
1.066667 1.100000 1.133333 1.166667 1.200000 1.233333 1.266667 1.300000 1.333333 1.366667 1.400000 1.433333 1.466667 1.500000 1.533333 1.566667
1.600000 1.633333 1.666667 1.700000 1.733333 1.766667 1.800000 1.833333 1.866667 1.900000 1.933333 1.966667 2.000000 2.033333 2.066667 2.100000
2.133333 2.166667 2.200000 2.233333 2.266667 2.300000 2.333333</float_array>
        <technique_common>
          <accessor source="#mixamorig_LeftHandThumb1-Matrix-animation-input-array" count="71">
            <param name="TIME" type="float"/>
          </accessor>
        </technique_common>
      </source>
      <source id="mixamorig_LeftHandThumb1-Matrix-animation-output-transform">
        <float_array id="mixamorig_LeftHandThumb1-Matrix-animation-output-transform-array" count="1136">

0.810779 -0.584292 0.035213 -2.330000 0.575254 0.806476 0.136674 2.421000 -0.108256 -0.090556 0.989990 1.429600 0.000000 0.000000 0.000000 1.000000
0.810989 -0.584000 0.035216 -2.330000 0.574970 0.806687 0.136623 2.421000 -0.108196 -0.090552 0.989997 1.429600 0.000000 0.000000 0.000000 1.000000
0.811407 -0.583451 0.034697 -2.330000 0.574461 0.807035 0.136706 2.421000 -0.107763 -0.090992 0.990004 1.429600 0.000000 0.000000 0.000000 1.000000
0.811477 -0.583356 0.034671 -2.330000 0.574372 0.807103 0.136679 2.421000 -0.107716 -0.090998 0.990008 1.429600 0.000000 0.000000 0.000000 1.000000
0.810715 -0.584365 0.035480 -2.330000 0.575316 0.806451 0.136561 2.421000 -0.108414 -0.090300 0.989996 1.429600 0.000000 0.000000 0.000000 1.000000
0.810669 -0.584379 0.036304 -2.330000 0.575272 0.806509 0.136405 2.421000 -0.108992 -0.089694 0.989988 1.429600 0.000000 0.000000 0.000000 1.000000
0.809635 -0.585737 0.037463 -2.330000 0.576536 0.805632 0.136250 2.421000 -0.109988 -0.088714 0.989966 1.429600 0.000000 0.000000 0.000000 1.000000
0.809022 -0.586468 0.039214 -2.330000 0.577146 0.805251 0.135916 2.421000 -0.111288 -0.087327 0.989944 1.429600 0.000000 0.000000 0.000000 1.000000
0.808917 -0.586595 0.039500 -2.330000 0.577251 0.805182 0.135881 2.421000 -0.111512 -0.087115 0.989937 1.429600 0.000000 0.000000 0.000000 1.000000
0.809511 -0.585706 0.040504 -2.330000 0.576310 0.805902 0.135605 2.421000 -0.112067 -0.086431 0.989935 1.429600 0.000000 0.000000 0.000000 1.000000
0.808292 -0.587274 0.042104 -2.330000 0.577756 0.804899 0.135411 2.421000 -0.113413 -0.085126 0.989895 1.429600 0.000000 0.000000 0.000000 1.000000
0.808529 -0.586857 0.043359 -2.330000 0.577267 0.805299 0.135116 2.421000 -0.114210 -0.084216 0.989881 1.429600 0.000000 0.000000 0.000000 1.000000
0.807778 -0.587853 0.043846 -2.330000 0.578219 0.804617 0.135105 2.421000 -0.114701 -0.083783 0.989861 1.429600 0.000000 0.000000 0.000000 1.000000
0.807312 -0.588432 0.044663 -2.330000 0.578740 0.804261 0.134997 2.421000 -0.115357 -0.083136 0.989839 1.429600 0.000000 0.000000 0.000000 1.000000
0.809042 -0.586145 0.043411 -2.330000 0.576555 0.805810 0.135109 2.421000 -0.114174 -0.084281 0.989879 1.429600 0.000000 0.000000 0.000000 1.000000
0.809065 -0.586080 0.043860 -2.330000 0.576464 0.805893 0.135007 2.421000 -0.114471 -0.083946 0.989873 1.429600 0.000000 0.000000 0.000000 1.000000
0.808088 -0.587330 0.045146 -2.330000 0.577618 0.805091 0.134853 2.421000 -0.115549 -0.082896 0.989837 1.429600 0.000000 0.000000 0.000000 1.000000
0.808982 -0.586117 0.044876 -2.330000 0.576440 0.805946 0.134788 2.421000 -0.115169 -0.083173 0.989858 1.429600 0.000000 0.000000 0.000000 1.000000
0.808263 -0.587115 0.044794 -2.330000 0.577432 0.805223 0.134864 2.421000 -0.115250 -0.083140 0.989851 1.429600 0.000000 0.000000 0.000000 1.000000
0.810282 -0.584360 0.044350 -2.330000 0.574738 0.807167 0.134747 2.421000 -0.114538 -0.083694 0.989887 1.429600 0.000000 0.000000 0.000000 1.000000
0.810756 -0.583766 0.043502 -2.330000 0.574207 0.807529 0.134845 2.421000 -0.113847 -0.084347 0.989911 1.429600 0.000000 0.000000 0.000000 1.000000
0.810714 -0.583833 0.043371 -2.330000 0.574278 0.807468 0.134911 2.421000 -0.113786 -0.084467 0.989908 1.429600 0.000000 0.000000 0.000000 1.000000
0.810900 -0.583626 0.042683 -2.330000 0.574119 0.807564 0.135013 2.421000 -0.113267 -0.084977 0.989924 1.429600 0.000000 0.000000 0.000000 1.000000
0.811864 -0.582296 0.042520 -2.330000 0.572812 0.808498 0.134975 2.421000 -0.112973 -0.085225 0.989936 1.429600 0.000000 0.000000 0.000000 1.000000
0.812373 -0.581609 0.042209 -2.330000 0.572152 0.808961 0.135000 2.421000 -0.112662 -0.085520 0.989946 1.429600 0.000000 0.000000 0.000000 1.000000
0.813848 -0.579675 0.040343 -2.330000 0.570360 0.810182 0.135257 2.421000 -0.111090 -0.087069 0.989989 1.429600 0.000000 0.000000 0.000000 1.000000
0.814472 -0.578836 0.039810 -2.330000 0.569563 0.810731 0.135324 2.421000 -0.110606 -0.087543 0.990001 1.429600 0.000000 0.000000 0.000000 1.000000
0.814417 -0.578855 0.040648 -2.330000 0.569526 0.810784 0.135168 2.421000 -0.111199 -0.086933 0.989989 1.429600 0.000000 0.000000 0.000000 1.000000
0.814016 -0.579399 0.040912 -2.330000 0.570040 0.810414 0.135215 2.421000 -0.111499 -0.086746 0.989971 1.429600 0.000000 0.000000 0.000000 1.000000
0.813615 -0.579918 0.041542 -2.330000 0.570512 0.810098 0.135123 2.421000 -0.112013 -0.086238 0.989958 1.429600 0.000000 0.000000 0.000000 1.000000
0.813235 -0.580357 0.042834 -2.330000 0.570863 0.809887 0.134901 2.421000 -0.112981 -0.085254 0.989933 1.429600 0.000000 0.000000 0.000000 1.000000
0.812364 -0.581509 0.043715 -2.330000 0.571944 0.809137 0.134820 2.421000 -0.113770 -0.084520 0.989905 1.429600 0.000000 0.000000 0.000000 1.000000
0.812661 -0.581108 0.043536 -2.330000 0.571562 0.809411 0.134796 2.421000 -0.113570 -0.084660 0.989916 1.429600 0.000000 0.000000 0.000000 1.000000
0.812467 -0.581419 0.043007 -2.330000 0.571905 0.809151 0.134906 2.421000 -0.113236 -0.085011 0.989925 1.429600 0.000000 0.000000 0.000000 1.000000
0.814993 -0.578061 0.040408 -2.330000 0.568755 0.811322 0.135181 2.421000 -0.110926 -0.087189 0.989997 1.429600 0.000000 0.000000 0.000000 1.000000
0.816870 -0.575503 0.038977 -2.330000 0.566321 0.813002 0.135308 2.421000 -0.109559 -0.088456 0.990037 1.429600 0.000000 0.000000 0.000000 1.000000
0.817610 -0.574444 0.039084 -2.330000 0.565267 0.813748 0.135231 2.421000 -0.109487 -0.088474 0.990043 1.429600 0.000000 0.000000 0.000000 1.000000
0.816041 -0.576615 0.039886 -2.330000 0.567362 0.812297 0.135181 2.421000 -0.110347 -0.087683 0.990018 1.429600 0.000000 0.000000 0.000000 1.000000
0.815561 -0.577290 0.039960 -2.330000 0.568019 0.811825 0.135255 2.421000 -0.110522 -0.087610 0.990005 1.429600 0.000000 0.000000 0.000000 1.000000
0.815232 -0.577741 0.040161 -2.330000 0.568450 0.811524 0.135256 2.421000 -0.110735 -0.087435 0.989996 1.429600 0.000000 0.000000 0.000000 1.000000
0.813981 -0.579477 0.040524 -2.330000 0.570147 0.810334 0.135244 2.421000 -0.111209 -0.086981 0.989983 1.429600 0.000000 0.000000 0.000000 1.000000
0.813093 -0.580665 0.041330 -2.330000 0.571272 0.809559 0.135143 2.421000 -0.111932 -0.086273 0.989964 1.429600 0.000000 0.000000 0.000000 1.000000
0.813201 -0.580521 0.041239 -2.330000 0.571135 0.809654 0.135153 2.421000 -0.111848 -0.086353 0.989966 1.429600 0.000000 0.000000 0.000000 1.000000
0.812763 -0.581063 0.042218 -2.330000 0.571609 0.809347 0.134979 2.421000 -0.112601 -0.085574 0.989949 1.429600 0.000000 0.000000 0.000000 1.000000
0.813511 -0.580066 0.041516 -2.330000 0.570671 0.809999 0.135040 2.421000 -0.111960 -0.086164 0.989970 1.429600 0.000000 0.000000 0.000000 1.000000
0.813800 -0.579709 0.040831 -2.330000 0.570362 0.810198 0.135155 2.421000 -0.111432 -0.086701 0.989983 1.429600 0.000000 0.000000 0.000000 1.000000
0.814873 -0.578317 0.039124 -2.330000 0.569096 0.811042 0.135425 2.421000 -0.110050 -0.088089 0.990015 1.429600 0.000000 0.000000 0.000000 1.000000
0.815582 -0.577354 0.038582 -2.330000 0.568181 0.811676 0.135470 2.421000 -0.109530 -0.088566 0.990030 1.429600 0.000000 0.000000 0.000000 1.000000
0.814296 -0.579173 0.038470 -2.330000 0.569985 0.810387 0.135609 2.421000 -0.109717 -0.088499 0.990015 1.429600 0.000000 0.000000 0.000000 1.000000
0.814402 -0.579049 0.038097 -2.330000 0.569890 0.810446 0.135657 2.421000 -0.109428 -0.088768 0.990023 1.429600 0.000000 0.000000 0.000000 1.000000
0.813760 -0.579956 0.038018 -2.330000 0.570793 0.809800 0.135718 2.421000 -0.109498 -0.088741 0.990018 1.429600 0.000000 0.000000 0.000000 1.000000
0.812964 -0.581027 0.038695 -2.330000 0.571810 0.809099 0.135620 2.421000 -0.110107 -0.088128 0.990005 1.429600 0.000000 0.000000 0.000000 1.000000
0.810265 -0.584676 0.040301 -2.330000 0.575317 0.806633 0.135475 2.421000 -0.111717 -0.086584 0.989961 1.429600 0.000000 0.000000 0.000000 1.000000
0.809144 -0.586066 0.042579 -2.330000 0.576545 0.805815 0.135123 2.421000 -0.113502 -0.084785 0.989914 1.429600 0.000000 0.000000 0.000000 1.000000
0.806058 -0.590127 0.044945 -2.330000 0.580417 0.803069 0.134894 2.421000 -0.115699 -0.082645 0.989840 1.429600 0.000000 0.000000 0.000000 1.000000
0.804668 -0.591940 0.046004 -2.330000 0.582147 0.801832 0.134795 2.421000 -0.116678 -0.081685 0.989805 1.429600 0.000000 0.000000 0.000000 1.000000
0.804674 -0.592022 0.044823 -2.330000 0.582299 0.801682 0.135036 2.421000 -0.115879 -0.082560 0.989826 1.429600 0.000000 0.000000 0.000000 1.000000
0.806183 -0.590104 0.042964 -2.330000 0.580513 0.802931 0.135300 2.421000 -0.114338 -0.084135 0.989873 1.429600 0.000000 0.000000 0.000000 1.000000
0.806418 -0.589877 0.041647 -2.330000 0.580368 0.802991 0.135568 2.421000 -0.113411 -0.085154 0.989892 1.429600 0.000000 0.000000 0.000000 1.000000
0.806748 -0.589485 0.040807 -2.330000 0.580036 0.803210 0.135689 2.421000 -0.112764 -0.085797 0.989911 1.429600 0.000000 0.000000 0.000000 1.000000
0.806442 -0.590012 0.039214 -2.330000 0.580662 0.802702 0.136020 2.421000 -0.111730 -0.086922 0.989930 1.429600 0.000000 0.000000 0.000000 1.000000
0.807996 -0.587975 0.037791 -2.330000 0.578741 0.804060 0.136185 2.421000 -0.110460 -0.088166 0.989962 1.429600 0.000000 0.000000 0.000000 1.000000
0.808006 -0.587987 0.037396 -2.330000 0.578779 0.804019 0.136262 2.421000 -0.110187 -0.088457 0.989967 1.429600 0.000000 0.000000 0.000000 1.000000
0.808491 -0.587328 0.037259 -2.330000 0.578140 0.804484 0.136232 2.421000 -0.109987 -0.088601 0.989976 1.429600 0.000000 0.000000 0.000000 1.000000
0.808524 -0.587284 0.037234 -2.330000 0.578096 0.804512 0.136256 2.421000 -0.109976 -0.088642 0.989974 1.429600 0.000000 0.000000 0.000000 1.000000
0.809981 -0.585367 0.035711 -2.330000 0.576304 0.805765 0.136445 2.421000 -0.108645 -0.089938 0.990004 1.429600 0.000000 0.000000 0.000000 1.000000
0.809984 -0.585396 0.035174 -2.330000 0.576366 0.805697 0.136581 2.421000 -0.108294 -0.090356 0.990004 1.429600 0.000000 0.000000 0.000000 1.000000
0.810970 -0.584023 0.035285 -2.330000 0.574993 0.806682 0.136557 2.421000 -0.108216 -0.090455 0.990004 1.429600 0.000000 0.000000 0.000000 1.000000
0.811262 -0.583640 0.034899 -2.330000 0.574638 0.806920 0.136645 2.421000 -0.107912 -0.090801 0.990005 1.429600 0.000000 0.000000 0.000000 1.000000
0.811209 -0.583728 0.034654 -2.330000 0.574741 0.806836 0.136703 2.421000 -0.107757 -0.090978 0.990006 1.429600 0.000000 0.000000 0.000000 1.000000
0.810815 -0.584244 0.035194 -2.330000 0.575215 0.806513 0.136617 2.421000 -0.108202 -0.090527 0.989999 1.429600 0.000000 0.000000 0.000000 1.000000</float_array>
        <technique_common>
          <accessor source="#mixamorig_LeftHandThumb1-Matrix-animation-output-transform-array" count="71" stride="16">
            <param type="float4x4"/>
          </accessor>
        </technique_common>
      </source>
      <source id="mixamorig_LeftHandThumb1-Interpolations">
        <Name_array id="mixamorig_LeftHandThumb1-Interpolations-array" count="71">
 LINEAR LINEAR LINEAR LINEAR LINEAR LINEAR LINEAR LINEAR LINEAR LINEAR LINEAR
LINEAR LINEAR LINEAR LINEAR LINEAR LINEAR LINEAR LINEAR LINEAR LINEAR LINEAR LINEAR
LINEAR LINEAR LINEAR LINEAR LINEAR LINEAR LINEAR LINEAR LINEAR LINEAR LINEAR LINEAR
LINEAR LINEAR LINEAR LINEAR LINEAR LINEAR LINEAR LINEAR LINEAR LINEAR LINEAR LINEAR
LINEAR LINEAR LINEAR LINEAR LINEAR LINEAR LINEAR LINEAR LINEAR LINEAR LINEAR LINEAR
LINEAR LINEAR LINEAR LINEAR LINEAR LINEAR LINEAR LINEAR LINEAR LINEAR LINEAR LINEAR</Name_array>
        <technique_common>
          <accessor source="#mixamorig_LeftHandThumb1-Interpolations-array" count="71">
            <param type="name"/>
          </accessor>
        </technique_common>
      </source>
      <sampler id="mixamorig_LeftHandThumb1-Matrix-animation-transform">
        <input semantic="INPUT" source="#mixamorig_LeftHandThumb1-Matrix-animation-input"/>
        <input semantic="OUTPUT" source="#mixamorig_LeftHandThumb1-Matrix-animation-output-transform"/>
        <input semantic="INTERPOLATION" source="#mixamorig_LeftHandThumb1-Interpolations"/>
      </sampler>
      <channel source="#mixamorig_LeftHandThumb1-Matrix-animation-transform" target="mixamorig_LeftHandThumb1/matrix"/>
    </animation>
    <animation id="mixamorig_LeftHandThumb2-anim" name="mixamorig_LeftHandThumb2">
      <source id="mixamorig_LeftHandThumb2-Matrix-animation-input">
        <float_array id="mixamorig_LeftHandThumb2-Matrix-animation-input-array" count="71">

0.000000 0.033333 0.066667 0.100000 0.133333 0.166667 0.200000 0.233333 0.266667 0.300000 0.333333 0.366667 0.400000 0.433333 0.466667 0.500000
0.533333 0.566667 0.600000 0.633333 0.666667 0.700000 0.733333 0.766667 0.800000 0.833333 0.866667 0.900000 0.933333 0.966667 1.000000 1.033333
1.066667 1.100000 1.133333 1.166667 1.200000 1.233333 1.266667 1.300000 1.333333 1.366667 1.400000 1.433333 1.466667 1.500000 1.533333 1.566667
1.600000 1.633333 1.666667 1.700000 1.733333 1.766667 1.800000 1.833333 1.866667 1.900000 1.933333 1.966667 2.000000 2.033333 2.066667 2.100000
2.133333 2.166667 2.200000 2.233333 2.266667 2.300000 2.333333</float_array>
        <technique_common>
          <accessor source="#mixamorig_LeftHandThumb2-Matrix-animation-input-array" count="71">
            <param name="TIME" type="float"/>
          </accessor>
        </technique_common>
      </source>
      <source id="mixamorig_LeftHandThumb2-Matrix-animation-output-transform">
        <float_array id="mixamorig_LeftHandThumb2-Matrix-animation-output-transform-array" count="1136">

0.888573 0.453240 -0.070789 0.000000 -0.456182 0.856790 -0.240434 4.513900 -0.048323 0.245936 0.968081 0.000000 0.000000 0.000000 0.000000 1.000000
0.888786 0.452858 -0.070566 0.000000 -0.455758 0.857011 -0.240450 4.513900 -0.048414 0.245870 0.968093 0.000000 0.000000 0.000000 0.000000 1.000000
0.888812 0.452867 -0.070183 0.000000 -0.455663 0.857006 -0.240649 4.513900 -0.048834 0.245871 0.968072 0.000000 0.000000 0.000000 0.000000 1.000000
0.888661 0.453167 -0.070154 0.000000 -0.455943 0.856841 -0.240707 4.513900 -0.048970 0.245893 0.968059 -0.000000 0.000000 0.000000 0.000000 1.000000
0.889004 0.452504 -0.070087 0.000000 -0.455335 0.857433 -0.239748 4.513900 -0.048392 0.245050 0.968302 0.000000 0.000000 0.000000 0.000000 1.000000
0.889271 0.451977 -0.070099 0.000000 -0.454857 0.857838 -0.239205 4.513900 -0.047981 0.244603 0.968435 0.000000 0.000000 0.000000 0.000000 1.000000
0.889687 0.451142 -0.070199 0.000000 -0.454136 0.858563 -0.237972 4.513900 -0.047089 0.243600 0.968732 -0.000000 0.000000 0.000000 0.000000 1.000000
0.890334 0.449903 -0.069948 -0.000000 -0.452956 0.859625 -0.236381 4.513900 -0.046219 0.242141 0.969140 0.000000 0.000000 0.000000 0.000000 1.000000
0.890410 0.449776 -0.069796 0.000000 -0.452804 0.859749 -0.236221 4.513900 -0.046240 0.241938 0.969189 0.000000 0.000000 0.000000 0.000000 1.000000
0.891397 0.448044 -0.068315 0.000000 -0.450838 0.861136 -0.234925 4.513900 -0.046429 0.240210 0.969610 0.000000 0.000000 0.000000 0.000000 1.000000
0.892021 0.446819 -0.068199 0.000000 -0.449703 0.862171 -0.233300 4.513900 -0.045444 0.238778 0.970010 -0.000000 0.000000 0.000000 0.000000 1.000000
0.892703 0.445588 -0.067320 0.000000 -0.448360 0.863185 -0.232133 4.513900 -0.045326 0.237409 0.970352 -0.000000 0.000000 0.000000 0.000000 1.000000
0.892845 0.445275 -0.067516 0.000000 -0.448129 0.863453 -0.231581 4.513900 -0.044820 0.237022 0.970470 0.000000 0.000000 0.000000 0.000000 1.000000
0.893002 0.444951 -0.067579 0.000000 -0.447857 0.863750 -0.230997 4.513900 -0.044411 0.236546 0.970605 -0.000000 0.000000 0.000000 0.000000 1.000000
0.893040 0.445037 -0.066498 -0.000000 -0.447635 0.863578 -0.232070 4.513900 -0.045854 0.237015 0.970423 -0.000000 0.000000 0.000000 0.000000 1.000000
0.892997 0.445114 -0.066565 -0.000000 -0.447731 0.863562 -0.231943 4.513900 -0.045758 0.236927 0.970449 0.000000 0.000000 0.000000 0.000000 1.000000
0.893162 0.444729 -0.066917 0.000000 -0.447486 0.863938 -0.231012 4.513900 -0.044925 0.236276 0.970647 0.000000 0.000000 0.000000 0.000000 1.000000
0.893400 0.444358 -0.066196 0.000000 -0.446959 0.864218 -0.230986 4.513900 -0.045432 0.235950 0.970703 0.000000 0.000000 0.000000 0.000000 1.000000
0.893012 0.445003 -0.067105 -0.000000 -0.447784 0.863724 -0.231236 4.513900 -0.044941 0.236545 0.970581 -0.000000 0.000000 0.000000 0.000000 1.000000
0.893212 0.444797 -0.065783 0.000000 -0.447246 0.863842 -0.231837 4.513900 -0.046294 0.236500 0.970528 -0.000000 0.000000 0.000000 0.000000 1.000000
0.892840 0.445511 -0.066004 -0.000000 -0.447949 0.863257 -0.232657 4.513900 -0.046673 0.237292 0.970317 0.000000 0.000000 0.000000 0.000000 1.000000
0.892729 0.445698 -0.066241 0.000000 -0.448183 0.863117 -0.232726 4.513900 -0.046552 0.237449 0.970284 0.000000 0.000000 0.000000 0.000000 1.000000
0.892253 0.446595 -0.066616 0.000000 -0.449092 0.862382 -0.233695 4.513900 -0.046919 0.238432 0.970025 0.000000 0.000000 0.000000 0.000000 1.000000
0.892226 0.446730 -0.066067 0.000000 -0.449068 0.862259 -0.234195 4.513900 -0.047655 0.238624 0.969942 0.000000 0.000000 0.000000 0.000000 1.000000
0.892251 0.446731 -0.065722 -0.000000 -0.448973 0.862235 -0.234467 4.513900 -0.048076 0.238711 0.969900 0.000000 0.000000 0.000000 0.000000 1.000000
0.891623 0.448002 -0.065587 0.000000 -0.450073 0.861140 -0.236374 4.513900 -0.049417 0.240275 0.969446 0.000000 0.000000 0.000000 0.000000 1.000000
0.891368 0.448523 -0.065504 0.000000 -0.450518 0.860703 -0.237116 4.513900 -0.049972 0.240868 0.969271 0.000000 0.000000 0.000000 0.000000 1.000000
0.891623 0.448058 -0.065212 0.000000 -0.450027 0.861109 -0.236573 4.513900 -0.049843 0.240282 0.969423 0.000000 0.000000 0.000000 0.000000 1.000000
0.891410 0.448430 -0.065562 -0.000000 -0.450459 0.860828 -0.236775 4.513900 -0.049740 0.240597 0.969350 0.000000 0.000000 0.000000 0.000000 1.000000
0.891515 0.448204 -0.065683 -0.000000 -0.450294 0.861043 -0.236305 4.513900 -0.049357 0.240246 0.969456 0.000000 0.000000 0.000000 0.000000 1.000000
0.892269 0.446803 -0.064982 0.000000 -0.448847 0.862191 -0.234867 4.513900 -0.048913 0.238732 0.969853 0.000000 0.000000 0.000000 0.000000 1.000000
0.892414 0.446471 -0.065278 -0.000000 -0.448632 0.862501 -0.234137 4.513900 -0.048233 0.238233 0.970010 0.000000 0.000000 0.000000 0.000000 1.000000
0.892554 0.446229 -0.065009 0.000000 -0.448340 0.862681 -0.234035 4.513900 -0.048351 0.238036 0.970052 0.000000 0.000000 0.000000 0.000000 1.000000
0.892143 0.446957 -0.065651 0.000000 -0.449169 0.862103 -0.234578 4.513900 -0.048248 0.238765 0.969878 0.000000 0.000000 0.000000 0.000000 1.000000
0.891795 0.447800 -0.064622 -0.000000 -0.449631 0.861287 -0.236676 4.513900 -0.050326 0.240123 0.969437 0.000000 0.000000 0.000000 0.000000 1.000000
0.891912 0.447750 -0.063345 0.000000 -0.449225 0.861225 -0.237674 4.513900 -0.051865 0.240441 0.969277 -0.000000 0.000000 0.000000 0.000000 1.000000
0.891927 0.447785 -0.062892 0.000000 -0.449136 0.861200 -0.237931 4.513900 -0.052380 0.240464 0.969244 0.000000 0.000000 0.000000 0.000000 1.000000
0.891966 0.447575 -0.063827 0.000000 -0.449208 0.861426 -0.236976 4.513900 -0.051082 0.240046 0.969417 0.000000 0.000000 0.000000 0.000000 1.000000
0.891683 0.448066 -0.064329 0.000000 -0.449791 0.861063 -0.237189 4.513900 -0.050885 0.240432 0.969331 0.000000 0.000000 0.000000 0.000000 1.000000
0.891398 0.448555 -0.064866 -0.000000 -0.450379 0.860687 -0.237437 4.513900 -0.050674 0.240865 0.969235 0.000000 0.000000 0.000000 0.000000 1.000000
0.891311 0.448589 -0.065823 0.000000 -0.450674 0.860706 -0.236808 4.513900 -0.049575 0.240734 0.969324 0.000000 0.000000 0.000000 0.000000 1.000000
0.891360 0.448416 -0.066336 0.000000 -0.450665 0.860901 -0.236114 4.513900 -0.048768 0.240358 0.969458 0.000000 0.000000 0.000000 0.000000 1.000000
0.891416 0.448306 -0.066327 0.000000 -0.450557 0.860960 -0.236106 4.513900 -0.048743 0.240353 0.969461 0.000000 0.000000 0.000000 0.000000 1.000000
0.891789 0.447605 -0.066051 -0.000000 -0.449861 0.861585 -0.235150 4.513900 -0.048346 0.239418 0.969712 0.000000 0.000000 0.000000 0.000000 1.000000
0.891631 0.447950 -0.065842 -0.000000 -0.450112 0.861278 -0.235796 4.513900 -0.048917 0.239879 0.969570 0.000000 0.000000 0.000000 0.000000 1.000000
0.891392 0.448413 -0.065922 -0.000000 -0.450548 0.860882 -0.236409 4.513900 -0.049258 0.240434 0.969415 0.000000 0.000000 0.000000 0.000000 1.000000
0.890717 0.449730 -0.066079 -0.000000 -0.451766 0.859750 -0.238195 4.513900 -0.050312 0.242017 0.968967 0.000000 0.000000 0.000000 0.000000 1.000000
0.890660 0.449891 -0.065740 0.000000 -0.451814 0.859590 -0.238683 4.513900 -0.050872 0.242288 0.968870 -0.000000 0.000000 0.000000 0.000000 1.000000
0.889981 0.451004 -0.067305 0.000000 -0.453247 0.858733 -0.239048 4.513900 -0.050014 0.243254 0.968672 0.000000 0.000000 0.000000 0.000000 1.000000
0.889874 0.451197 -0.067416 0.000000 -0.453449 0.858564 -0.239273 4.513900 -0.050078 0.243492 0.968609 0.000000 0.000000 0.000000 0.000000 1.000000
0.889630 0.451575 -0.068104 0.000000 -0.453979 0.858277 -0.239299 4.513900 -0.049609 0.243806 0.968554 -0.000000 0.000000 0.000000 0.000000 1.000000
0.889904 0.451005 -0.068305 0.000000 -0.453525 0.858775 -0.238372 4.513900 -0.048849 0.243106 0.968769 0.000000 0.000000 0.000000 0.000000 1.000000
0.890069 0.450450 -0.069793 0.000000 -0.453442 0.859343 -0.236475 4.513900 -0.046544 0.242126 0.969128 0.000000 0.000000 0.000000 0.000000 1.000000
0.890913 0.448835 -0.069432 0.000000 -0.451897 0.860740 -0.234341 4.513900 -0.045418 0.240153 0.969672 0.000000 0.000000 0.000000 0.000000 1.000000
0.891751 0.447045 -0.070227 -0.000000 -0.450495 0.862301 -0.231282 4.513900 -0.042836 0.237883 0.970349 -0.000000 0.000000 0.000000 0.000000 1.000000
0.892014 0.446440 -0.070725 -0.000000 -0.450083 0.862850 -0.230033 4.513900 -0.041671 0.237025 0.970610 0.000000 0.000000 0.000000 0.000000 1.000000
0.891522 0.447339 -0.071250 -0.000000 -0.451033 0.862088 -0.231028 4.513900 -0.041924 0.238103 0.970335 0.000000 0.000000 0.000000 0.000000 1.000000
0.891237 0.448005 -0.070621 0.000000 -0.451457 0.861433 -0.232635 4.513900 -0.043386 0.239215 0.969997 0.000000 0.000000 0.000000 0.000000 1.000000
0.890444 0.449463 -0.071358 0.000000 -0.452973 0.860221 -0.234167 4.513900 -0.043866 0.240836 0.969574 0.000000 0.000000 0.000000 0.000000 1.000000
0.890170 0.449978 -0.071529 0.000000 -0.453482 0.859774 -0.234825 4.513900 -0.044167 0.241471 0.969402 -0.000000 0.000000 0.000000 0.000000 1.000000
0.889104 0.451846 -0.072998 0.000000 -0.455569 0.858236 -0.236407 4.513900 -0.044170 0.243447 0.968908 0.000000 0.000000 0.000000 0.000000 1.000000
0.888928 0.452307 -0.072279 0.000000 -0.455779 0.857768 -0.237694 4.513900 -0.045513 0.244236 0.968647 0.000000 0.000000 0.000000 0.000000 1.000000
0.888357 0.453316 -0.072988 0.000000 -0.456888 0.856959 -0.238483 4.513900 -0.045561 0.245206 0.968400 0.000000 0.000000 0.000000 0.000000 1.000000
0.888260 0.453517 -0.072917 0.000000 -0.457049 0.856781 -0.238813 4.513900 -0.045832 0.245455 0.968324 0.000000 0.000000 0.000000 0.000000 1.000000
0.888143 0.453739 -0.072961 0.000000 -0.457265 0.856614 -0.239000 4.513900 -0.045944 0.245629 0.968274 -0.000000 0.000000 0.000000 0.000000 1.000000
0.887548 0.454919 -0.072848 0.000000 -0.458292 0.855579 -0.240734 4.513900 -0.047187 0.247049 0.967853 0.000000 0.000000 0.000000 0.000000 1.000000
0.887568 0.454903 -0.072712 0.000000 -0.458232 0.855550 -0.240952 4.513900 -0.047401 0.247180 0.967809 -0.000000 0.000000 0.000000 0.000000 1.000000
0.888220 0.453879 -0.071124 -0.000000 -0.456863 0.856327 -0.240789 4.513900 -0.048384 0.246368 0.967968 0.000000 0.000000 0.000000 0.000000 1.000000
0.888168 0.454015 -0.070913 0.000000 -0.456922 0.856185 -0.241183 4.513900 -0.048786 0.246613 0.967885 -0.000000 0.000000 0.000000 0.000000 1.000000
0.888210 0.453933 -0.070908 0.000000 -0.456842 0.856226 -0.241190 4.513900 -0.048771 0.246621 0.967884 0.000000 0.000000 0.000000 0.000000 1.000000
0.888571 0.453244 -0.070789 0.000000 -0.456188 0.856793 -0.240415 4.513900 -0.048315 0.245919 0.968086 0.000000 0.000000 0.000000 0.000000 1.000000</float_array>
        <technique_common>
          <accessor source="#mixamorig_LeftHandThumb2-Matrix-animation-output-transform-array" count="71" stride="16">
            <param type="float4x4"/>
          </accessor>
        </technique_common>
      </source>
      <source id="mixamorig_LeftHandThumb2-Interpolations">
        <Name_array id="mixamorig_LeftHandThumb2-Interpolations-array" count="71">
 LINEAR LINEAR LINEAR LINEAR LINEAR LINEAR LINEAR LINEAR LINEAR LINEAR LINEAR
LINEAR LINEAR LINEAR LINEAR LINEAR LINEAR LINEAR LINEAR LINEAR LINEAR LINEAR LINEAR
LINEAR LINEAR LINEAR LINEAR LINEAR LINEAR LINEAR LINEAR LINEAR LINEAR LINEAR LINEAR
LINEAR LINEAR LINEAR LINEAR LINEAR LINEAR LINEAR LINEAR LINEAR LINEAR LINEAR LINEAR
LINEAR LINEAR LINEAR LINEAR LINEAR LINEAR LINEAR LINEAR LINEAR LINEAR LINEAR LINEAR
LINEAR LINEAR LINEAR LINEAR LINEAR LINEAR LINEAR LINEAR LINEAR LINEAR LINEAR LINEAR</Name_array>
        <technique_common>
          <accessor source="#mixamorig_LeftHandThumb2-Interpolations-array" count="71">
            <param type="name"/>
          </accessor>
        </technique_common>
      </source>
      <sampler id="mixamorig_LeftHandThumb2-Matrix-animation-transform">
        <input semantic="INPUT" source="#mixamorig_LeftHandThumb2-Matrix-animation-input"/>
        <input semantic="OUTPUT" source="#mixamorig_LeftHandThumb2-Matrix-animation-output-transform"/>
        <input semantic="INTERPOLATION" source="#mixamorig_LeftHandThumb2-Interpolations"/>
      </sampler>
      <channel source="#mixamorig_LeftHandThumb2-Matrix-animation-transform" target="mixamorig_LeftHandThumb2/matrix"/>
    </animation>
    <animation id="mixamorig_LeftHandThumb3-anim" name="mixamorig_LeftHandThumb3">
      <source id="mixamorig_LeftHandThumb3-Matrix-animation-input">
        <float_array id="mixamorig_LeftHandThumb3-Matrix-animation-input-array" count="71">

0.000000 0.033333 0.066667 0.100000 0.133333 0.166667 0.200000 0.233333 0.266667 0.300000 0.333333 0.366667 0.400000 0.433333 0.466667 0.500000
0.533333 0.566667 0.600000 0.633333 0.666667 0.700000 0.733333 0.766667 0.800000 0.833333 0.866667 0.900000 0.933333 0.966667 1.000000 1.033333
1.066667 1.100000 1.133333 1.166667 1.200000 1.233333 1.266667 1.300000 1.333333 1.366667 1.400000 1.433333 1.466667 1.500000 1.533333 1.566667
1.600000 1.633333 1.666667 1.700000 1.733333 1.766667 1.800000 1.833333 1.866667 1.900000 1.933333 1.966667 2.000000 2.033333 2.066667 2.100000
2.133333 2.166667 2.200000 2.233333 2.266667 2.300000 2.333333</float_array>
        <technique_common>
          <accessor source="#mixamorig_LeftHandThumb3-Matrix-animation-input-array" count="71">
            <param name="TIME" type="float"/>
          </accessor>
        </technique_common>
      </source>
      <source id="mixamorig_LeftHandThumb3-Matrix-animation-output-transform">
        <float_array id="mixamorig_LeftHandThumb3-Matrix-animation-output-transform-array" count="1136">

1.000000 0.000000 -0.000199 0.000000 -0.000000 1.000000 0.000000 5.178700 0.000199 -0.000000 1.000000 0.000000 0.000000 0.000000 0.000000 1.000000
1.000000 0.000000 -0.000199 0.000000 -0.000000 1.000000 0.000000 5.178700 0.000199 -0.000000 1.000000 -0.000000 0.000000 0.000000 0.000000 1.000000
1.000000 -0.000000 -0.000199 -0.000000 0.000000 1.000000 0.000000 5.178700 0.000199 -0.000000 1.000000 0.000000 0.000000 0.000000 0.000000 1.000000
1.000000 -0.000000 -0.000199 -0.000000 0.000000 1.000000 0.000000 5.178700 0.000199 -0.000000 1.000000 0.000000 0.000000 0.000000 0.000000 1.000000
1.000000 -0.000000 -0.000199 0.000000 0.000000 1.000000 -0.000000 5.178700 0.000199 0.000000 1.000000 -0.000000 0.000000 0.000000 0.000000 1.000000
1.000000 0.000000 -0.000199 0.000000 -0.000000 1.000000 -0.000000 5.178700 0.000199 0.000000 1.000000 -0.000000 0.000000 0.000000 0.000000 1.000000
1.000000 -0.000000 -0.000199 0.000000 0.000000 1.000000 -0.000000 5.178700 0.000199 0.000000 1.000000 0.000000 0.000000 0.000000 0.000000 1.000000
1.000000 -0.000000 -0.000199 -0.000000 0.000000 1.000000 -0.000000 5.178700 0.000199 0.000000 1.000000 0.000000 0.000000 0.000000 0.000000 1.000000
1.000000 0.000000 -0.000199 0.000000 -0.000000 1.000000 0.000000 5.178700 0.000199 -0.000000 1.000000 0.000000 0.000000 0.000000 0.000000 1.000000
1.000000 0.000000 -0.000199 0.000000 -0.000000 1.000000 0.000000 5.178700 0.000199 -0.000000 1.000000 0.000000 0.000000 0.000000 0.000000 1.000000
1.000000 0.000000 -0.000199 0.000000 -0.000000 1.000000 -0.000000 5.178700 0.000199 0.000000 1.000000 -0.000000 0.000000 0.000000 0.000000 1.000000
1.000000 0.000000 -0.000199 0.000000 -0.000000 1.000000 0.000000 5.178700 0.000199 -0.000000 1.000000 -0.000000 0.000000 0.000000 0.000000 1.000000
1.000000 0.000000 -0.000199 -0.000000 -0.000000 1.000000 -0.000000 5.178700 0.000199 0.000000 1.000000 0.000000 0.000000 0.000000 0.000000 1.000000
1.000000 -0.000000 -0.000199 0.000000 0.000000 1.000000 0.000000 5.178700 0.000199 -0.000000 1.000000 0.000000 0.000000 0.000000 0.000000 1.000000
1.000000 0.000000 -0.000199 0.000000 -0.000000 1.000000 0.000000 5.178700 0.000199 -0.000000 1.000000 -0.000000 0.000000 0.000000 0.000000 1.000000
1.000000 0.000000 -0.000199 0.000000 -0.000000 1.000000 0.000000 5.178700 0.000199 -0.000000 1.000000 0.000000 0.000000 0.000000 0.000000 1.000000
1.000000 0.000000 -0.000199 0.000000 -0.000000 1.000000 0.000000 5.178700 0.000199 -0.000000 1.000000 -0.000000 0.000000 0.000000 0.000000 1.000000
1.000000 0.000000 -0.000199 -0.000000 -0.000000 1.000000 -0.000000 5.178700 0.000199 0.000000 1.000000 0.000000 0.000000 0.000000 0.000000 1.000000
1.000000 0.000000 -0.000199 -0.000000 -0.000000 1.000000 -0.000000 5.178700 0.000199 0.000000 1.000000 -0.000000 0.000000 0.000000 0.000000 1.000000
1.000000 0.000000 -0.000199 0.000000 -0.000000 1.000000 -0.000000 5.178700 0.000199 0.000000 1.000000 0.000000 0.000000 0.000000 0.000000 1.000000
1.000000 0.000000 -0.000199 0.000000 -0.000000 1.000000 0.000000 5.178700 0.000199 -0.000000 1.000000 -0.000000 0.000000 0.000000 0.000000 1.000000
1.000000 0.000000 -0.000199 0.000000 -0.000000 1.000000 -0.000000 5.178700 0.000199 0.000000 1.000000 -0.000000 0.000000 0.000000 0.000000 1.000000
1.000000 0.000000 -0.000199 0.000000 -0.000000 1.000000 -0.000000 5.178700 0.000199 0.000000 1.000000 0.000000 0.000000 0.000000 0.000000 1.000000
1.000000 0.000000 -0.000199 0.000000 -0.000000 1.000000 -0.000000 5.178700 0.000199 0.000000 1.000000 0.000000 0.000000 0.000000 0.000000 1.000000
1.000000 0.000000 -0.000199 0.000000 -0.000000 1.000000 -0.000000 5.178700 0.000199 0.000000 1.000000 0.000000 0.000000 0.000000 0.000000 1.000000
1.000000 0.000000 -0.000199 0.000000 -0.000000 1.000000 0.000000 5.178700 0.000199 -0.000000 1.000000 0.000000 0.000000 0.000000 0.000000 1.000000
1.000000 -0.000000 -0.000199 -0.000000 0.000000 1.000000 -0.000000 5.178700 0.000199 0.000000 1.000000 -0.000000 0.000000 0.000000 0.000000 1.000000
1.000000 0.000000 -0.000199 -0.000000 -0.000000 1.000000 -0.000000 5.178700 0.000199 0.000000 1.000000 0.000000 0.000000 0.000000 0.000000 1.000000
1.000000 -0.000000 -0.000199 0.000000 0.000000 1.000000 -0.000000 5.178700 0.000199 0.000000 1.000000 -0.000000 0.000000 0.000000 0.000000 1.000000
1.000000 -0.000000 -0.000199 0.000000 0.000000 1.000000 0.000000 5.178700 0.000199 -0.000000 1.000000 0.000000 0.000000 0.000000 0.000000 1.000000
1.000000 0.000000 -0.000199 0.000000 -0.000000 1.000000 -0.000000 5.178700 0.000199 0.000000 1.000000 0.000000 0.000000 0.000000 0.000000 1.000000
1.000000 0.000000 -0.000199 0.000000 -0.000000 1.000000 -0.000000 5.178700 0.000199 0.000000 1.000000 -0.000000 0.000000 0.000000 0.000000 1.000000
1.000000 0.000000 -0.000199 0.000000 -0.000000 1.000000 -0.000000 5.178700 0.000199 0.000000 1.000000 0.000000 0.000000 0.000000 0.000000 1.000000
1.000000 0.000000 -0.000199 0.000000 -0.000000 1.000000 -0.000000 5.178700 0.000199 0.000000 1.000000 -0.000000 0.000000 0.000000 0.000000 1.000000
1.000000 0.000000 -0.000199 0.000000 -0.000000 1.000000 -0.000000 5.178700 0.000199 0.000000 1.000000 0.000000 0.000000 0.000000 0.000000 1.000000
1.000000 0.000000 -0.000199 -0.000000 -0.000000 1.000000 0.000000 5.178700 0.000199 -0.000000 1.000000 0.000000 0.000000 0.000000 0.000000 1.000000
1.000000 -0.000000 -0.000199 -0.000000 0.000000 1.000000 0.000000 5.178700 0.000199 -0.000000 1.000000 -0.000000 0.000000 0.000000 0.000000 1.000000
1.000000 0.000000 -0.000199 0.000000 -0.000000 1.000000 -0.000000 5.178700 0.000199 0.000000 1.000000 0.000000 0.000000 0.000000 0.000000 1.000000
1.000000 0.000000 -0.000199 0.000000 -0.000000 1.000000 -0.000000 5.178700 0.000199 0.000000 1.000000 0.000000 0.000000 0.000000 0.000000 1.000000
1.000000 0.000000 -0.000199 0.000000 -0.000000 1.000000 0.000000 5.178700 0.000199 -0.000000 1.000000 -0.000000 0.000000 0.000000 0.000000 1.000000
1.000000 -0.000000 -0.000199 0.000000 0.000000 1.000000 -0.000000 5.178700 0.000199 0.000000 1.000000 0.000000 0.000000 0.000000 0.000000 1.000000
1.000000 0.000000 -0.000199 0.000000 -0.000000 1.000000 -0.000000 5.178700 0.000199 0.000000 1.000000 -0.000000 0.000000 0.000000 0.000000 1.000000
1.000000 -0.000000 -0.000199 0.000000 0.000000 1.000000 0.000000 5.178700 0.000199 -0.000000 1.000000 0.000000 0.000000 0.000000 0.000000 1.000000
1.000000 -0.000000 -0.000199 0.000000 0.000000 1.000000 0.000000 5.178700 0.000199 -0.000000 1.000000 -0.000000 0.000000 0.000000 0.000000 1.000000
1.000000 -0.000000 -0.000199 0.000000 0.000000 1.000000 0.000000 5.178700 0.000199 -0.000000 1.000000 0.000000 0.000000 0.000000 0.000000 1.000000
1.000000 0.000000 -0.000199 -0.000000 -0.000000 1.000000 -0.000000 5.178700 0.000199 0.000000 1.000000 0.000000 0.000000 0.000000 0.000000 1.000000
1.000000 0.000000 -0.000199 0.000000 -0.000000 1.000000 -0.000000 5.178700 0.000199 0.000000 1.000000 0.000000 0.000000 0.000000 0.000000 1.000000
1.000000 -0.000000 -0.000199 0.000000 0.000000 1.000000 -0.000000 5.178700 0.000199 0.000000 1.000000 0.000000 0.000000 0.000000 0.000000 1.000000
1.000000 0.000000 -0.000199 -0.000000 -0.000000 1.000000 0.000000 5.178700 0.000199 -0.000000 1.000000 0.000000 0.000000 0.000000 0.000000 1.000000
1.000000 -0.000000 -0.000199 0.000000 0.000000 1.000000 -0.000000 5.178700 0.000199 0.000000 1.000000 -0.000000 0.000000 0.000000 0.000000 1.000000
1.000000 -0.000000 -0.000199 0.000000 0.000000 1.000000 0.000000 5.178700 0.000199 -0.000000 1.000000 0.000000 0.000000 0.000000 0.000000 1.000000
1.000000 -0.000000 -0.000199 0.000000 0.000000 1.000000 -0.000000 5.178700 0.000199 0.000000 1.000000 -0.000000 0.000000 0.000000 0.000000 1.000000
1.000000 -0.000000 -0.000199 -0.000000 0.000000 1.000000 0.000000 5.178700 0.000199 -0.000000 1.000000 -0.000000 0.000000 0.000000 0.000000 1.000000
1.000000 -0.000000 -0.000199 0.000000 0.000000 1.000000 0.000000 5.178700 0.000199 -0.000000 1.000000 -0.000000 0.000000 0.000000 0.000000 1.000000
1.000000 0.000000 -0.000199 -0.000000 -0.000000 1.000000 -0.000000 5.178700 0.000199 0.000000 1.000000 0.000000 0.000000 0.000000 0.000000 1.000000
1.000000 0.000000 -0.000199 0.000000 -0.000000 1.000000 0.000000 5.178700 0.000199 -0.000000 1.000000 -0.000000 0.000000 0.000000 0.000000 1.000000
1.000000 0.000000 -0.000199 0.000000 -0.000000 1.000000 0.000000 5.178700 0.000199 -0.000000 1.000000 -0.000000 0.000000 0.000000 0.000000 1.000000
1.000000 0.000000 -0.000199 0.000000 -0.000000 1.000000 -0.000000 5.178700 0.000199 0.000000 1.000000 0.000000 0.000000 0.000000 0.000000 1.000000
1.000000 0.000000 -0.000199 0.000000 -0.000000 1.000000 0.000000 5.178700 0.000199 -0.000000 1.000000 0.000000 0.000000 0.000000 0.000000 1.000000
1.000000 0.000000 -0.000199 0.000000 -0.000000 1.000000 -0.000000 5.178700 0.000199 0.000000 1.000000 -0.000000 0.000000 0.000000 0.000000 1.000000
1.000000 0.000000 -0.000199 0.000000 -0.000000 1.000000 -0.000000 5.178700 0.000199 0.000000 1.000000 -0.000000 0.000000 0.000000 0.000000 1.000000
1.000000 0.000000 -0.000199 -0.000000 -0.000000 1.000000 0.000000 5.178700 0.000199 -0.000000 1.000000 0.000000 0.000000 0.000000 0.000000 1.000000
1.000000 -0.000000 -0.000199 0.000000 0.000000 1.000000 0.000000 5.178700 0.000199 -0.000000 1.000000 0.000000 0.000000 0.000000 0.000000 1.000000
1.000000 0.000000 -0.000199 -0.000000 -0.000000 1.000000 0.000000 5.178700 0.000199 -0.000000 1.000000 0.000000 0.000000 0.000000 0.000000 1.000000
1.000000 0.000000 -0.000199 0.000000 -0.000000 1.000000 -0.000000 5.178700 0.000199 0.000000 1.000000 0.000000 0.000000 0.000000 0.000000 1.000000
1.000000 0.000000 -0.000199 0.000000 -0.000000 1.000000 0.000000 5.178700 0.000199 -0.000000 1.000000 -0.000000 0.000000 0.000000 0.000000 1.000000
1.000000 0.000000 -0.000199 -0.000000 -0.000000 1.000000 0.000000 5.178700 0.000199 -0.000000 1.000000 0.000000 0.000000 0.000000 0.000000 1.000000
1.000000 0.000000 -0.000199 -0.000000 -0.000000 1.000000 -0.000000 5.178700 0.000199 0.000000 1.000000 -0.000000 0.000000 0.000000 0.000000 1.000000
1.000000 0.000000 -0.000199 0.000000 -0.000000 1.000000 -0.000000 5.178700 0.000199 0.000000 1.000000 0.000000 0.000000 0.000000 0.000000 1.000000
1.000000 -0.000000 -0.000199 0.000000 0.000000 1.000000 -0.000000 5.178700 0.000199 0.000000 1.000000 0.000000 0.000000 0.000000 0.000000 1.000000
1.000000 0.000000 -0.000199 0.000000 -0.000000 1.000000 -0.000000 5.178700 0.000199 0.000000 1.000000 0.000000 0.000000 0.000000 0.000000 1.000000</float_array>
        <technique_common>
          <accessor source="#mixamorig_LeftHandThumb3-Matrix-animation-output-transform-array" count="71" stride="16">
            <param type="float4x4"/>
          </accessor>
        </technique_common>
      </source>
      <source id="mixamorig_LeftHandThumb3-Interpolations">
        <Name_array id="mixamorig_LeftHandThumb3-Interpolations-array" count="71">
 LINEAR LINEAR LINEAR LINEAR LINEAR LINEAR LINEAR LINEAR LINEAR LINEAR LINEAR
LINEAR LINEAR LINEAR LINEAR LINEAR LINEAR LINEAR LINEAR LINEAR LINEAR LINEAR LINEAR
LINEAR LINEAR LINEAR LINEAR LINEAR LINEAR LINEAR LINEAR LINEAR LINEAR LINEAR LINEAR
LINEAR LINEAR LINEAR LINEAR LINEAR LINEAR LINEAR LINEAR LINEAR LINEAR LINEAR LINEAR
LINEAR LINEAR LINEAR LINEAR LINEAR LINEAR LINEAR LINEAR LINEAR LINEAR LINEAR LINEAR
LINEAR LINEAR LINEAR LINEAR LINEAR LINEAR LINEAR LINEAR LINEAR LINEAR LINEAR LINEAR</Name_array>
        <technique_common>
          <accessor source="#mixamorig_LeftHandThumb3-Interpolations-array" count="71">
            <param type="name"/>
          </accessor>
        </technique_common>
      </source>
      <sampler id="mixamorig_LeftHandThumb3-Matrix-animation-transform">
        <input semantic="INPUT" source="#mixamorig_LeftHandThumb3-Matrix-animation-input"/>
        <input semantic="OUTPUT" source="#mixamorig_LeftHandThumb3-Matrix-animation-output-transform"/>
        <input semantic="INTERPOLATION" source="#mixamorig_LeftHandThumb3-Interpolations"/>
      </sampler>
      <channel source="#mixamorig_LeftHandThumb3-Matrix-animation-transform" target="mixamorig_LeftHandThumb3/matrix"/>
    </animation>
    <animation id="mixamorig_LeftHandIndex1-anim" name="mixamorig_LeftHandIndex1">
      <source id="mixamorig_LeftHandIndex1-Matrix-animation-input">
        <float_array id="mixamorig_LeftHandIndex1-Matrix-animation-input-array" count="71">

0.000000 0.033333 0.066667 0.100000 0.133333 0.166667 0.200000 0.233333 0.266667 0.300000 0.333333 0.366667 0.400000 0.433333 0.466667 0.500000
0.533333 0.566667 0.600000 0.633333 0.666667 0.700000 0.733333 0.766667 0.800000 0.833333 0.866667 0.900000 0.933333 0.966667 1.000000 1.033333
1.066667 1.100000 1.133333 1.166667 1.200000 1.233333 1.266667 1.300000 1.333333 1.366667 1.400000 1.433333 1.466667 1.500000 1.533333 1.566667
1.600000 1.633333 1.666667 1.700000 1.733333 1.766667 1.800000 1.833333 1.866667 1.900000 1.933333 1.966667 2.000000 2.033333 2.066667 2.100000
2.133333 2.166667 2.200000 2.233333 2.266667 2.300000 2.333333</float_array>
        <technique_common>
          <accessor source="#mixamorig_LeftHandIndex1-Matrix-animation-input-array" count="71">
            <param name="TIME" type="float"/>
          </accessor>
        </technique_common>
      </source>
      <source id="mixamorig_LeftHandIndex1-Matrix-animation-output-transform">
        <float_array id="mixamorig_LeftHandIndex1-Matrix-animation-output-transform-array" count="1136">

0.989109 -0.147143 -0.003414 -2.202200 0.054309 0.386436 -0.920716 10.514800 0.136797 0.910503 0.390218 0.265500 0.000000 0.000000 0.000000 1.000000
0.989108 -0.147151 -0.003513 -2.202200 0.054313 0.387047 -0.920459 10.514800 0.136806 0.910242 0.390823 0.265500 0.000000 0.000000 0.000000 1.000000
0.989110 -0.147142 -0.003400 -2.202200 0.054309 0.386347 -0.920753 10.514800 0.136795 0.910541 0.390130 0.265500 0.000000 0.000000 0.000000 1.000000
0.989108 -0.147151 -0.003505 -2.202200 0.054313 0.386999 -0.920479 10.514800 0.136806 0.910263 0.390776 0.265500 0.000000 0.000000 0.000000 1.000000
0.989109 -0.147143 -0.003416 -2.202200 0.054309 0.386449 -0.920711 10.514800 0.136797 0.910498 0.390231 0.265500 0.000000 0.000000 0.000000 1.000000
0.989107 -0.147155 -0.003553 -2.202200 0.054315 0.387297 -0.920354 10.514800 0.136810 0.910136 0.391071 0.265500 0.000000 0.000000 0.000000 1.000000
0.989108 -0.147148 -0.003465 -2.202200 0.054311 0.386749 -0.920584 10.514800 0.136802 0.910369 0.390529 0.265500 0.000000 0.000000 0.000000 1.000000
0.989126 -0.147021 -0.003702 -2.202200 0.054353 0.388832 -0.919704 10.514800 0.136655 0.909502 0.392595 0.265500 0.000000 0.000000 0.000000 1.000000
0.989127 -0.147019 -0.003706 -2.202200 0.054354 0.388868 -0.919689 10.514800 0.136653 0.909487 0.392631 0.265500 0.000000 0.000000 0.000000 1.000000
0.989147 -0.146885 -0.003685 -2.202200 0.054726 0.391575 -0.918517 10.514800 0.136359 0.908347 0.395364 0.265500 0.000000 0.000000 0.000000 1.000000
0.989151 -0.146859 -0.003648 -2.202200 0.054829 0.392104 -0.918285 10.514800 0.136288 0.908123 0.395902 0.265500 0.000000 0.000000 0.000000 1.000000
0.989174 -0.146704 -0.003692 -2.202200 0.055188 0.395186 -0.916942 10.514800 0.135978 0.906811 0.399003 0.265500 0.000000 0.000000 0.000000 1.000000
0.989170 -0.146736 -0.003426 -2.202200 0.055331 0.394408 -0.917268 10.514800 0.135948 0.907145 0.398255 0.265500 0.000000 0.000000 0.000000 1.000000
0.989160 -0.146800 -0.003452 -2.202200 0.055458 0.395245 -0.916900 10.514800 0.135965 0.906770 0.399102 0.265500 0.000000 0.000000 0.000000 1.000000
0.989156 -0.146832 -0.003409 -2.202200 0.055521 0.395311 -0.916868 10.514800 0.135973 0.906736 0.399176 0.265500 0.000000 0.000000 0.000000 1.000000
0.989149 -0.146874 -0.003511 -2.202200 0.055576 0.396195 -0.916483 10.514800 0.135998 0.906343 0.400058 0.265500 0.000000 0.000000 0.000000 1.000000
0.989144 -0.146907 -0.003656 -2.202200 0.055602 0.397175 -0.916057 10.514800 0.136027 0.905909 0.401031 0.265500 0.000000 0.000000 0.000000 1.000000
0.989143 -0.146908 -0.003725 -2.202200 0.055579 0.397445 -0.915941 10.514800 0.136039 0.905790 0.401295 0.265500 0.000000 0.000000 0.000000 1.000000
0.989151 -0.146858 -0.003634 -2.202200 0.055488 0.396411 -0.916395 10.514800 0.136021 0.906251 0.400259 0.265500 0.000000 0.000000 0.000000 1.000000
0.989164 -0.146757 -0.004223 -2.202200 0.055206 0.398437 -0.915533 10.514800 0.136043 0.905379 0.402221 0.265500 0.000000 0.000000 0.000000 1.000000
0.989166 -0.146740 -0.004167 -2.202200 0.055097 0.397414 -0.915984 10.514800 0.136068 0.905831 0.401194 0.265500 0.000000 0.000000 0.000000 1.000000
0.989167 -0.146734 -0.004228 -2.202200 0.055037 0.397412 -0.915988 10.514800 0.136087 0.905832 0.401183 0.265500 0.000000 0.000000 0.000000 1.000000
0.989181 -0.146648 -0.003962 -2.202200 0.054988 0.395673 -0.916744 10.514800 0.136006 0.906608 0.399456 0.265500 0.000000 0.000000 0.000000 1.000000
0.989218 -0.146398 -0.004043 -2.202200 0.055008 0.396991 -0.916173 10.514800 0.135731 0.906072 0.400763 0.265500 0.000000 0.000000 0.000000 1.000000
0.989235 -0.146283 -0.003974 -2.202200 0.054999 0.396823 -0.916246 10.514800 0.135608 0.906164 0.400596 0.265500 0.000000 0.000000 0.000000 1.000000
0.989248 -0.146195 -0.003858 -2.202200 0.054995 0.396317 -0.916465 10.514800 0.135512 0.906400 0.400095 0.265500 0.000000 0.000000 0.000000 1.000000
0.989270 -0.146055 -0.003717 -2.202200 0.055014 0.395954 -0.916621 10.514800 0.135348 0.906580 0.399741 0.265500 0.000000 0.000000 0.000000 1.000000
0.989302 -0.145833 -0.003768 -2.202200 0.055077 0.397302 -0.916034 10.514800 0.135086 0.906026 0.401083 0.265500 0.000000 0.000000 0.000000 1.000000
0.989310 -0.145785 -0.003634 -2.202200 0.055104 0.396781 -0.916258 10.514800 0.135019 0.906262 0.400573 0.265500 0.000000 0.000000 0.000000 1.000000
0.989312 -0.145775 -0.003507 -2.202200 0.055139 0.396252 -0.916485 10.514800 0.134990 0.906495 0.400055 0.265500 0.000000 0.000000 0.000000 1.000000
0.989307 -0.145801 -0.003604 -2.202200 0.055194 0.397153 -0.916091 10.514800 0.134998 0.906097 0.400954 0.265500 0.000000 0.000000 0.000000 1.000000
0.989302 -0.145835 -0.003711 -2.202200 0.055264 0.398197 -0.915634 10.514800 0.135009 0.905633 0.401996 0.265500 0.000000 0.000000 0.000000 1.000000
0.989298 -0.145866 -0.003564 -2.202200 0.055380 0.397973 -0.915724 10.514800 0.134992 0.905727 0.401792 0.265500 0.000000 0.000000 0.000000 1.000000
0.989291 -0.145919 -0.003230 -2.202200 0.055566 0.397003 -0.916134 10.514800 0.134964 0.906144 0.400860 0.265500 0.000000 0.000000 0.000000 1.000000
0.989290 -0.145927 -0.003304 -2.202200 0.055618 0.397786 -0.915791 10.514800 0.134953 0.905799 0.401642 0.265500 0.000000 0.000000 0.000000 1.000000
0.989292 -0.145913 -0.003381 -2.202200 0.055581 0.398055 -0.915676 10.514800 0.134955 0.905683 0.401902 0.265500 0.000000 0.000000 0.000000 1.000000
0.989292 -0.145898 -0.003798 -2.202200 0.055384 0.399363 -0.915119 10.514800 0.135031 0.905109 0.403167 0.265500 0.000000 0.000000 0.000000 1.000000
0.989269 -0.146060 -0.003699 -2.202200 0.055176 0.396910 -0.916198 10.514800 0.135288 0.906162 0.400710 0.265500 0.000000 0.000000 0.000000 1.000000
0.989264 -0.146091 -0.003728 -2.202200 0.055076 0.396336 -0.916452 10.514800 0.135363 0.906408 0.400127 0.265500 0.000000 0.000000 0.000000 1.000000
0.989267 -0.146072 -0.003819 -2.202200 0.055034 0.396672 -0.916309 10.514800 0.135362 0.906264 0.400453 0.265500 0.000000 0.000000 0.000000 1.000000
0.989254 -0.146159 -0.003712 -2.202200 0.054988 0.395459 -0.916836 10.514800 0.135472 0.906780 0.399247 0.265500 0.000000 0.000000 0.000000 1.000000
0.989244 -0.146227 -0.003666 -2.202200 0.054995 0.395043 -0.917015 10.514800 0.135541 0.906950 0.398835 0.265500 0.000000 0.000000 0.000000 1.000000
0.989231 -0.146314 -0.003708 -2.202200 0.055062 0.395508 -0.916810 10.514800 0.135608 0.906733 0.399306 0.265500 0.000000 0.000000 0.000000 1.000000
0.989204 -0.146495 -0.003912 -2.202200 0.055290 0.397801 -0.915804 10.514800 0.135717 0.905701 0.401606 0.265500 0.000000 0.000000 0.000000 1.000000
0.989190 -0.146586 -0.003973 -2.202200 0.055392 0.398609 -0.915447 10.514800 0.135776 0.905331 0.402419 0.265500 0.000000 0.000000 0.000000 1.000000
0.989183 -0.146637 -0.003860 -2.202200 0.055410 0.397888 -0.915759 10.514800 0.135820 0.905639 0.401709 0.265500 0.000000 0.000000 0.000000 1.000000
0.989175 -0.146687 -0.003858 -2.202200 0.055398 0.397658 -0.915860 10.514800 0.135879 0.905732 0.401480 0.265500 0.000000 0.000000 0.000000 1.000000
0.989169 -0.146732 -0.003931 -2.202200 0.055369 0.397797 -0.915801 10.514800 0.135941 0.905664 0.401613 0.265500 0.000000 0.000000 0.000000 1.000000
0.989170 -0.146733 -0.003597 -2.202200 0.055319 0.395397 -0.916843 10.514800 0.135953 0.906714 0.399232 0.265500 0.000000 0.000000 0.000000 1.000000
0.989168 -0.146743 -0.003616 -2.202200 0.055295 0.395325 -0.916876 10.514800 0.135975 0.906744 0.399157 0.265500 0.000000 0.000000 0.000000 1.000000
0.989170 -0.146732 -0.003427 -2.202200 0.055285 0.394120 -0.917395 10.514800 0.135962 0.907270 0.397964 0.265500 0.000000 0.000000 0.000000 1.000000
0.989162 -0.146785 -0.003459 -2.202200 0.055309 0.394333 -0.917302 10.514800 0.136010 0.907169 0.398178 0.265500 0.000000 0.000000 0.000000 1.000000
0.989123 -0.147051 -0.003328 -2.202200 0.055356 0.393119 -0.917820 10.514800 0.136274 0.907653 0.396984 0.265500 0.000000 0.000000 0.000000 1.000000
0.989101 -0.147197 -0.003521 -2.202200 0.055571 0.395344 -0.916851 10.514800 0.136350 0.906662 0.399215 0.265500 0.000000 0.000000 0.000000 1.000000
0.989042 -0.147590 -0.003556 -2.202200 0.055692 0.395296 -0.916864 10.514800 0.136726 0.906619 0.399183 0.265500 0.000000 0.000000 0.000000 1.000000
0.989031 -0.147665 -0.003485 -2.202200 0.055717 0.394824 -0.917066 10.514800 0.136795 0.906813 0.398721 0.265500 0.000000 0.000000 0.000000 1.000000
0.989041 -0.147604 -0.003351 -2.202200 0.055683 0.393936 -0.917450 10.514800 0.136739 0.907209 0.397837 0.265500 0.000000 0.000000 0.000000 1.000000
0.989057 -0.147494 -0.003436 -2.202200 0.055596 0.394180 -0.917350 10.514800 0.136657 0.907121 0.398067 0.265500 0.000000 0.000000 0.000000 1.000000
0.989096 -0.147232 -0.003317 -2.202200 0.055291 0.392127 -0.918248 10.514800 0.136496 0.908053 0.395992 0.265500 0.000000 0.000000 0.000000 1.000000
0.989118 -0.147084 -0.003480 -2.202200 0.055036 0.391840 -0.918386 10.514800 0.136444 0.908200 0.395671 0.265500 0.000000 0.000000 0.000000 1.000000
0.989098 -0.147221 -0.003477 -2.202200 0.054617 0.388665 -0.919759 10.514800 0.136759 0.909541 0.392468 0.265500 0.000000 0.000000 0.000000 1.000000
0.989093 -0.147246 -0.003611 -2.202200 0.054555 0.389010 -0.919617 10.514800 0.136815 0.909390 0.392800 0.265500 0.000000 0.000000 0.000000 1.000000
0.989095 -0.147240 -0.003455 -2.202200 0.054537 0.387944 -0.920068 10.514800 0.136811 0.909846 0.391744 0.265500 0.000000 0.000000 0.000000 1.000000
0.989100 -0.147207 -0.003405 -2.202200 0.054495 0.387446 -0.920280 10.514800 0.136791 0.910064 0.391244 0.265500 0.000000 0.000000 0.000000 1.000000
0.989110 -0.147144 -0.003272 -2.202200 0.054441 0.386429 -0.920711 10.514800 0.136741 0.910506 0.390231 0.265500 0.000000 0.000000 0.000000 1.000000
0.989121 -0.147066 -0.003276 -2.202200 0.054378 0.386241 -0.920793 10.514800 0.136683 0.910598 0.390037 0.265500 0.000000 0.000000 0.000000 1.000000
0.989145 -0.146911 -0.003159 -2.202200 0.054258 0.385129 -0.921266 10.514800 0.136560 0.911094 0.388919 0.265500 0.000000 0.000000 0.000000 1.000000
0.989197 -0.146553 -0.003243 -2.202200 0.054155 0.385909 -0.920946 10.514800 0.136219 0.910822 0.389677 0.265500 0.000000 0.000000 0.000000 1.000000
0.989233 -0.146310 -0.003254 -2.202200 0.054068 0.386047 -0.920893 10.514800 0.135993 0.910802 0.389802 0.265500 0.000000 0.000000 0.000000 1.000000
0.989230 -0.146338 -0.003162 -2.202200 0.054022 0.385090 -0.921297 10.514800 0.136039 0.911203 0.388848 0.265500 0.000000 0.000000 0.000000 1.000000
0.989169 -0.146743 -0.003296 -2.202200 0.054262 0.386450 -0.920713 10.514800 0.136382 0.910562 0.390227 0.265500 0.000000 0.000000 0.000000 1.000000</float_array>
        <technique_common>
          <accessor source="#mixamorig_LeftHandIndex1-Matrix-animation-output-transform-array" count="71" stride="16">
            <param type="float4x4"/>
          </accessor>
        </technique_common>
      </source>
      <source id="mixamorig_LeftHandIndex1-Interpolations">
        <Name_array id="mixamorig_LeftHandIndex1-Interpolations-array" count="71">
 LINEAR LINEAR LINEAR LINEAR LINEAR LINEAR LINEAR LINEAR LINEAR LINEAR LINEAR
LINEAR LINEAR LINEAR LINEAR LINEAR LINEAR LINEAR LINEAR LINEAR LINEAR LINEAR LINEAR
LINEAR LINEAR LINEAR LINEAR LINEAR LINEAR LINEAR LINEAR LINEAR LINEAR LINEAR LINEAR
LINEAR LINEAR LINEAR LINEAR LINEAR LINEAR LINEAR LINEAR LINEAR LINEAR LINEAR LINEAR
LINEAR LINEAR LINEAR LINEAR LINEAR LINEAR LINEAR LINEAR LINEAR LINEAR LINEAR LINEAR
LINEAR LINEAR LINEAR LINEAR LINEAR LINEAR LINEAR LINEAR LINEAR LINEAR LINEAR LINEAR</Name_array>
        <technique_common>
          <accessor source="#mixamorig_LeftHandIndex1-Interpolations-array" count="71">
            <param type="name"/>
          </accessor>
        </technique_common>
      </source>
      <sampler id="mixamorig_LeftHandIndex1-Matrix-animation-transform">
        <input semantic="INPUT" source="#mixamorig_LeftHandIndex1-Matrix-animation-input"/>
        <input semantic="OUTPUT" source="#mixamorig_LeftHandIndex1-Matrix-animation-output-transform"/>
        <input semantic="INTERPOLATION" source="#mixamorig_LeftHandIndex1-Interpolations"/>
      </sampler>
      <channel source="#mixamorig_LeftHandIndex1-Matrix-animation-transform" target="mixamorig_LeftHandIndex1/matrix"/>
    </animation>
    <animation id="mixamorig_LeftHandIndex2-anim" name="mixamorig_LeftHandIndex2">
      <source id="mixamorig_LeftHandIndex2-Matrix-animation-input">
        <float_array id="mixamorig_LeftHandIndex2-Matrix-animation-input-array" count="71">

0.000000 0.033333 0.066667 0.100000 0.133333 0.166667 0.200000 0.233333 0.266667 0.300000 0.333333 0.366667 0.400000 0.433333 0.466667 0.500000
0.533333 0.566667 0.600000 0.633333 0.666667 0.700000 0.733333 0.766667 0.800000 0.833333 0.866667 0.900000 0.933333 0.966667 1.000000 1.033333
1.066667 1.100000 1.133333 1.166667 1.200000 1.233333 1.266667 1.300000 1.333333 1.366667 1.400000 1.433333 1.466667 1.500000 1.533333 1.566667
1.600000 1.633333 1.666667 1.700000 1.733333 1.766667 1.800000 1.833333 1.866667 1.900000 1.933333 1.966667 2.000000 2.033333 2.066667 2.100000
2.133333 2.166667 2.200000 2.233333 2.266667 2.300000 2.333333</float_array>
        <technique_common>
          <accessor source="#mixamorig_LeftHandIndex2-Matrix-animation-input-array" count="71">
            <param name="TIME" type="float"/>
          </accessor>
        </technique_common>
      </source>
      <source id="mixamorig_LeftHandIndex2-Matrix-animation-output-transform">
        <float_array id="mixamorig_LeftHandIndex2-Matrix-animation-output-transform-array" count="1136">

0.995240 -0.012662 -0.096631 0.000000 -0.047201 0.804846 -0.591603 5.549300 0.085264 0.593348 0.800417 0.000000 0.000000 0.000000 0.000000 1.000000
0.995240 -0.012755 -0.096614 0.000000 -0.047214 0.804167 -0.592525 5.549300 0.085252 0.594266 0.799738 -0.000000 0.000000 0.000000 0.000000 1.000000
0.995240 -0.012777 -0.096610 0.000000 -0.047217 0.804006 -0.592744 5.549300 0.085249 0.594484 0.799575 0.000000 0.000000 0.000000 0.000000 1.000000
0.995240 -0.012772 -0.096611 -0.000000 -0.047216 0.804043 -0.592693 5.549300 0.085250 0.594433 0.799613 0.000000 0.000000 0.000000 0.000000 1.000000
0.995240 -0.012768 -0.096612 0.000000 -0.047215 0.804076 -0.592648 5.549300 0.085250 0.594389 0.799646 0.000000 0.000000 0.000000 0.000000 1.000000
0.995240 -0.012824 -0.096602 -0.000000 -0.047224 0.803662 -0.593210 5.549300 0.085243 0.594948 0.799231 -0.000000 0.000000 0.000000 0.000000 1.000000
0.995240 -0.012735 -0.096618 0.000000 -0.047211 0.804314 -0.592326 5.549300 0.085254 0.594068 0.799885 0.000000 0.000000 0.000000 0.000000 1.000000
0.995240 -0.012700 -0.096624 0.000000 -0.047206 0.804572 -0.591976 5.549300 0.085259 0.593719 0.800143 0.000000 0.000000 0.000000 0.000000 1.000000
0.995240 -0.012636 -0.096635 0.000000 -0.047196 0.805045 -0.591333 5.549300 0.085268 0.593079 0.800617 0.000000 0.000000 0.000000 0.000000 1.000000
0.995240 -0.012738 -0.096617 0.000000 -0.047211 0.804295 -0.592351 5.549300 0.085254 0.594093 0.799865 0.000000 0.000000 0.000000 0.000000 1.000000
0.995240 -0.012738 -0.096617 0.000000 -0.047212 0.804289 -0.592359 5.549300 0.085254 0.594101 0.799860 0.000000 0.000000 0.000000 0.000000 1.000000
0.995241 -0.012856 -0.096596 -0.000000 -0.047229 0.803425 -0.593530 5.549300 0.085238 0.595268 0.798994 0.000000 0.000000 0.000000 0.000000 1.000000
0.995241 -0.012864 -0.096595 -0.000000 -0.047230 0.803364 -0.593612 5.549300 0.085237 0.595349 0.798933 -0.000000 0.000000 0.000000 0.000000 1.000000
0.995241 -0.012863 -0.096595 0.000000 -0.047230 0.803372 -0.593602 5.549300 0.085237 0.595339 0.798941 -0.000000 0.000000 0.000000 0.000000 1.000000
0.995240 -0.012747 -0.096616 0.000000 -0.047212 0.804232 -0.592438 5.549300 0.085253 0.594179 0.799802 0.000000 0.000000 0.000000 0.000000 1.000000
0.995240 -0.012723 -0.096620 -0.000000 -0.047209 0.804405 -0.592202 5.549300 0.085256 0.593945 0.799976 0.000000 0.000000 0.000000 0.000000 1.000000
0.995240 -0.012720 -0.096620 0.000000 -0.047209 0.804422 -0.592180 5.549300 0.085256 0.593922 0.799992 -0.000000 0.000000 0.000000 0.000000 1.000000
0.995240 -0.012714 -0.096622 0.000000 -0.047208 0.804473 -0.592110 5.549300 0.085257 0.593853 0.800044 -0.000000 0.000000 0.000000 0.000000 1.000000
0.995240 -0.012714 -0.096622 0.000000 -0.047208 0.804468 -0.592118 5.549300 0.085257 0.593861 0.800038 0.000000 0.000000 0.000000 0.000000 1.000000
0.995240 -0.012829 -0.096601 0.000000 -0.047225 0.803622 -0.593264 5.549300 0.085242 0.595002 0.799191 0.000000 0.000000 0.000000 0.000000 1.000000
0.995240 -0.012644 -0.096634 -0.000000 -0.047198 0.804982 -0.591419 5.549300 0.085266 0.593165 0.800553 -0.000000 0.000000 0.000000 0.000000 1.000000
0.995239 -0.012587 -0.096644 -0.000000 -0.047189 0.805401 -0.590849 5.549300 0.085274 0.592596 0.800973 0.000000 0.000000 0.000000 0.000000 1.000000
0.995239 -0.012587 -0.096644 0.000000 -0.047189 0.805400 -0.590850 5.549300 0.085274 0.592598 0.800972 0.000000 0.000000 0.000000 0.000000 1.000000
0.995239 -0.012582 -0.096645 0.000000 -0.047189 0.805435 -0.590803 5.549300 0.085275 0.592551 0.801007 0.000000 0.000000 0.000000 0.000000 1.000000
0.995239 -0.012528 -0.096654 0.000000 -0.047180 0.805831 -0.590263 5.549300 0.085282 0.592013 0.801404 -0.000000 0.000000 0.000000 0.000000 1.000000
0.995239 -0.012509 -0.096658 0.000000 -0.047177 0.805975 -0.590066 5.549300 0.085285 0.591817 0.801548 0.000000 0.000000 0.000000 0.000000 1.000000
0.995239 -0.012563 -0.096648 0.000000 -0.047186 0.805580 -0.590605 5.549300 0.085278 0.592354 0.801152 0.000000 0.000000 0.000000 0.000000 1.000000
0.995239 -0.012579 -0.096645 -0.000000 -0.047187 0.805460 -0.590769 5.549300 0.085275 0.592517 0.801032 0.000000 0.000000 0.000000 0.000000 1.000000
0.995239 -0.012453 -0.096667 0.000000 -0.047169 0.806381 -0.589512 5.549300 0.085292 0.591265 0.801955 -0.000000 0.000000 0.000000 0.000000 1.000000
0.995239 -0.012425 -0.096672 0.000000 -0.047165 0.806585 -0.589234 5.549300 0.085296 0.590988 0.802158 0.000000 0.000000 0.000000 0.000000 1.000000
0.995239 -0.012556 -0.096650 -0.000000 -0.047185 0.805628 -0.590539 5.549300 0.085278 0.592288 0.801200 0.000000 0.000000 0.000000 0.000000 1.000000
0.995239 -0.012503 -0.096659 0.000000 -0.047176 0.806019 -0.590007 5.549300 0.085286 0.591758 0.801591 0.000000 0.000000 0.000000 0.000000 1.000000
0.995239 -0.012486 -0.096662 -0.000000 -0.047174 0.806139 -0.589843 5.549300 0.085288 0.591595 0.801712 0.000000 0.000000 0.000000 0.000000 1.000000
0.995239 -0.012488 -0.096661 -0.000000 -0.047175 0.806128 -0.589858 5.549300 0.085287 0.591610 0.801701 -0.000000 0.000000 0.000000 0.000000 1.000000
0.995239 -0.012436 -0.096670 0.000000 -0.047167 0.806507 -0.589341 5.549300 0.085294 0.591094 0.802080 0.000000 0.000000 0.000000 0.000000 1.000000
0.995239 -0.012419 -0.096673 -0.000000 -0.047164 0.806630 -0.589172 5.549300 0.085297 0.590926 0.802204 0.000000 0.000000 0.000000 0.000000 1.000000
0.995239 -0.012416 -0.096674 -0.000000 -0.047164 0.806651 -0.589143 5.549300 0.085297 0.590897 0.802225 -0.000000 0.000000 0.000000 0.000000 1.000000
0.995239 -0.012411 -0.096675 -0.000000 -0.047163 0.806686 -0.589096 5.549300 0.085298 0.590850 0.802260 0.000000 0.000000 0.000000 0.000000 1.000000
0.995239 -0.012406 -0.096676 0.000000 -0.047163 0.806724 -0.589044 5.549300 0.085298 0.590798 0.802298 0.000000 0.000000 0.000000 0.000000 1.000000
0.995239 -0.012401 -0.096676 0.000000 -0.047162 0.806761 -0.588993 5.549300 0.085299 0.590748 0.802335 0.000000 0.000000 0.000000 0.000000 1.000000
0.995239 -0.012396 -0.096677 0.000000 -0.047161 0.806796 -0.588945 5.549300 0.085299 0.590700 0.802370 0.000000 0.000000 0.000000 0.000000 1.000000
0.995239 -0.012392 -0.096678 0.000000 -0.047160 0.806827 -0.588902 5.549300 0.085300 0.590657 0.802401 0.000000 0.000000 0.000000 0.000000 1.000000
0.995239 -0.012390 -0.096678 0.000000 -0.047160 0.806837 -0.588888 5.549300 0.085300 0.590644 0.802411 0.000000 0.000000 0.000000 0.000000 1.000000
0.995239 -0.012479 -0.096663 -0.000000 -0.047173 0.806190 -0.589774 5.549300 0.085288 0.591526 0.801763 0.000000 0.000000 0.000000 0.000000 1.000000
0.995240 -0.012627 -0.096637 -0.000000 -0.047195 0.805109 -0.591246 5.549300 0.085269 0.592992 0.800681 0.000000 0.000000 0.000000 0.000000 1.000000
0.995240 -0.012671 -0.096629 -0.000000 -0.047201 0.804783 -0.591689 5.549300 0.085263 0.593434 0.800354 0.000000 0.000000 0.000000 0.000000 1.000000
0.995240 -0.012668 -0.096630 0.000000 -0.047201 0.804806 -0.591658 5.549300 0.085263 0.593403 0.800377 0.000000 0.000000 0.000000 0.000000 1.000000
0.995240 -0.012778 -0.096610 0.000000 -0.047217 0.804001 -0.592750 5.549300 0.085249 0.594490 0.799571 0.000000 0.000000 0.000000 0.000000 1.000000
0.995240 -0.012721 -0.096620 0.000000 -0.047209 0.804418 -0.592186 5.549300 0.085256 0.593928 0.799988 0.000000 0.000000 0.000000 0.000000 1.000000
0.995240 -0.012772 -0.096611 0.000000 -0.047216 0.804046 -0.592690 5.549300 0.085250 0.594430 0.799616 0.000000 0.000000 0.000000 0.000000 1.000000
0.995240 -0.012715 -0.096622 0.000000 -0.047208 0.804465 -0.592121 5.549300 0.085257 0.593863 0.800036 0.000000 0.000000 0.000000 0.000000 1.000000
0.995240 -0.012701 -0.096624 0.000000 -0.047206 0.804563 -0.591989 5.549300 0.085259 0.593732 0.800133 0.000000 0.000000 0.000000 0.000000 1.000000
0.995240 -0.012702 -0.096624 0.000000 -0.047206 0.804555 -0.591999 5.549300 0.085259 0.593742 0.800125 -0.000000 0.000000 0.000000 0.000000 1.000000
0.995240 -0.012642 -0.096634 0.000000 -0.047198 0.804995 -0.591401 5.549300 0.085267 0.593146 0.800567 -0.000000 0.000000 0.000000 0.000000 1.000000
0.995240 -0.012693 -0.096625 -0.000000 -0.047205 0.804622 -0.591908 5.549300 0.085260 0.593651 0.800193 0.000000 0.000000 0.000000 0.000000 1.000000
0.995240 -0.012687 -0.096626 0.000000 -0.047204 0.804667 -0.591846 5.549300 0.085261 0.593590 0.800238 -0.000000 0.000000 0.000000 0.000000 1.000000
0.995240 -0.012713 -0.096622 0.000000 -0.047207 0.804482 -0.592098 5.549300 0.085258 0.593841 0.800052 0.000000 0.000000 0.000000 0.000000 1.000000
0.995241 -0.012847 -0.096598 0.000000 -0.047227 0.803496 -0.593434 5.549300 0.085240 0.595171 0.799065 -0.000000 0.000000 0.000000 0.000000 1.000000
0.995240 -0.012807 -0.096605 -0.000000 -0.047221 0.803789 -0.593037 5.549300 0.085245 0.594777 0.799359 0.000000 0.000000 0.000000 0.000000 1.000000
0.995241 -0.012848 -0.096598 0.000000 -0.047227 0.803487 -0.593446 5.549300 0.085239 0.595184 0.799056 0.000000 0.000000 0.000000 0.000000 1.000000
0.995241 -0.012898 -0.096589 0.000000 -0.047235 0.803115 -0.593949 5.549300 0.085233 0.595684 0.798684 -0.000000 0.000000 0.000000 0.000000 1.000000
0.995241 -0.012901 -0.096588 0.000000 -0.047235 0.803097 -0.593974 5.549300 0.085233 0.595709 0.798665 0.000000 0.000000 0.000000 0.000000 1.000000
0.995241 -0.012844 -0.096598 0.000000 -0.047227 0.803511 -0.593414 5.549300 0.085240 0.595152 0.799080 0.000000 0.000000 0.000000 0.000000 1.000000
0.995241 -0.012841 -0.096599 0.000000 -0.047226 0.803539 -0.593376 5.549300 0.085240 0.595114 0.799108 -0.000000 0.000000 0.000000 0.000000 1.000000
0.995240 -0.012778 -0.096610 -0.000000 -0.047217 0.803996 -0.592756 5.549300 0.085249 0.594497 0.799566 0.000000 0.000000 0.000000 0.000000 1.000000
0.995240 -0.012725 -0.096620 0.000000 -0.047210 0.804385 -0.592229 5.549300 0.085256 0.593972 0.799956 0.000000 0.000000 0.000000 0.000000 1.000000
0.995240 -0.012647 -0.096633 -0.000000 -0.047198 0.804960 -0.591448 5.549300 0.085266 0.593194 0.800532 0.000000 0.000000 0.000000 0.000000 1.000000
0.995240 -0.012640 -0.096635 0.000000 -0.047197 0.805013 -0.591377 5.549300 0.085267 0.593122 0.800585 0.000000 0.000000 0.000000 0.000000 1.000000
0.995240 -0.012640 -0.096635 0.000000 -0.047197 0.805010 -0.591381 5.549300 0.085267 0.593126 0.800581 0.000000 0.000000 0.000000 0.000000 1.000000
0.995239 -0.012576 -0.096646 0.000000 -0.047188 0.805480 -0.590742 5.549300 0.085276 0.592490 0.801052 0.000000 0.000000 0.000000 0.000000 1.000000
0.995240 -0.012663 -0.096631 0.000000 -0.047200 0.804846 -0.591604 5.549300 0.085264 0.593349 0.800417 -0.000000 0.000000 0.000000 0.000000 1.000000</float_array>
        <technique_common>
          <accessor source="#mixamorig_LeftHandIndex2-Matrix-animation-output-transform-array" count="71" stride="16">
            <param type="float4x4"/>
          </accessor>
        </technique_common>
      </source>
      <source id="mixamorig_LeftHandIndex2-Interpolations">
        <Name_array id="mixamorig_LeftHandIndex2-Interpolations-array" count="71">
 LINEAR LINEAR LINEAR LINEAR LINEAR LINEAR LINEAR LINEAR LINEAR LINEAR LINEAR
LINEAR LINEAR LINEAR LINEAR LINEAR LINEAR LINEAR LINEAR LINEAR LINEAR LINEAR LINEAR
LINEAR LINEAR LINEAR LINEAR LINEAR LINEAR LINEAR LINEAR LINEAR LINEAR LINEAR LINEAR
LINEAR LINEAR LINEAR LINEAR LINEAR LINEAR LINEAR LINEAR LINEAR LINEAR LINEAR LINEAR
LINEAR LINEAR LINEAR LINEAR LINEAR LINEAR LINEAR LINEAR LINEAR LINEAR LINEAR LINEAR
LINEAR LINEAR LINEAR LINEAR LINEAR LINEAR LINEAR LINEAR LINEAR LINEAR LINEAR LINEAR</Name_array>
        <technique_common>
          <accessor source="#mixamorig_LeftHandIndex2-Interpolations-array" count="71">
            <param type="name"/>
          </accessor>
        </technique_common>
      </source>
      <sampler id="mixamorig_LeftHandIndex2-Matrix-animation-transform">
        <input semantic="INPUT" source="#mixamorig_LeftHandIndex2-Matrix-animation-input"/>
        <input semantic="OUTPUT" source="#mixamorig_LeftHandIndex2-Matrix-animation-output-transform"/>
        <input semantic="INTERPOLATION" source="#mixamorig_LeftHandIndex2-Interpolations"/>
      </sampler>
      <channel source="#mixamorig_LeftHandIndex2-Matrix-animation-transform" target="mixamorig_LeftHandIndex2/matrix"/>
    </animation>
    <animation id="mixamorig_LeftHandIndex3-anim" name="mixamorig_LeftHandIndex3">
      <source id="mixamorig_LeftHandIndex3-Matrix-animation-input">
        <float_array id="mixamorig_LeftHandIndex3-Matrix-animation-input-array" count="71">

0.000000 0.033333 0.066667 0.100000 0.133333 0.166667 0.200000 0.233333 0.266667 0.300000 0.333333 0.366667 0.400000 0.433333 0.466667 0.500000
0.533333 0.566667 0.600000 0.633333 0.666667 0.700000 0.733333 0.766667 0.800000 0.833333 0.866667 0.900000 0.933333 0.966667 1.000000 1.033333
1.066667 1.100000 1.133333 1.166667 1.200000 1.233333 1.266667 1.300000 1.333333 1.366667 1.400000 1.433333 1.466667 1.500000 1.533333 1.566667
1.600000 1.633333 1.666667 1.700000 1.733333 1.766667 1.800000 1.833333 1.866667 1.900000 1.933333 1.966667 2.000000 2.033333 2.066667 2.100000
2.133333 2.166667 2.200000 2.233333 2.266667 2.300000 2.333333</float_array>
        <technique_common>
          <accessor source="#mixamorig_LeftHandIndex3-Matrix-animation-input-array" count="71">
            <param name="TIME" type="float"/>
          </accessor>
        </technique_common>
      </source>
      <source id="mixamorig_LeftHandIndex3-Matrix-animation-output-transform">
        <float_array id="mixamorig_LeftHandIndex3-Matrix-animation-output-transform-array" count="1136">

1.000000 -0.000000 -0.000017 0.000000 0.000000 1.000000 0.000000 3.391100 0.000017 -0.000000 1.000000 -0.000000 0.000000 0.000000 0.000000 1.000000
1.000000 0.000000 -0.000017 0.000000 -0.000000 1.000000 0.000000 3.391100 0.000017 -0.000000 1.000000 0.000000 0.000000 0.000000 0.000000 1.000000
1.000000 -0.000000 -0.000017 0.000000 0.000000 1.000000 -0.000000 3.391100 0.000017 0.000000 1.000000 -0.000000 0.000000 0.000000 0.000000 1.000000
1.000000 0.000000 -0.000017 0.000000 -0.000000 1.000000 0.000000 3.391100 0.000017 -0.000000 1.000000 0.000000 0.000000 0.000000 0.000000 1.000000
1.000000 -0.000000 -0.000017 0.000000 0.000000 1.000000 -0.000000 3.391100 0.000017 0.000000 1.000000 -0.000000 0.000000 0.000000 0.000000 1.000000
1.000000 0.000000 -0.000017 0.000000 -0.000000 1.000000 0.000000 3.391100 0.000017 -0.000000 1.000000 -0.000000 0.000000 0.000000 0.000000 1.000000
1.000000 -0.000000 -0.000017 0.000000 0.000000 1.000000 -0.000000 3.391100 0.000017 0.000000 1.000000 0.000000 0.000000 0.000000 0.000000 1.000000
1.000000 -0.000000 -0.000017 0.000000 0.000000 1.000000 0.000000 3.391100 0.000017 -0.000000 1.000000 -0.000000 0.000000 0.000000 0.000000 1.000000
1.000000 0.000000 -0.000017 0.000000 -0.000000 1.000000 0.000000 3.391100 0.000017 -0.000000 1.000000 0.000000 0.000000 0.000000 0.000000 1.000000
1.000000 0.000000 -0.000017 -0.000000 -0.000000 1.000000 -0.000000 3.391100 0.000017 0.000000 1.000000 0.000000 0.000000 0.000000 0.000000 1.000000
1.000000 0.000000 -0.000017 -0.000000 -0.000000 1.000000 0.000000 3.391100 0.000017 -0.000000 1.000000 -0.000000 0.000000 0.000000 0.000000 1.000000
1.000000 -0.000000 -0.000017 0.000000 0.000000 1.000000 -0.000000 3.391100 0.000017 0.000000 1.000000 0.000000 0.000000 0.000000 0.000000 1.000000
1.000000 -0.000000 -0.000017 -0.000000 0.000000 1.000000 0.000000 3.391100 0.000017 -0.000000 1.000000 0.000000 0.000000 0.000000 0.000000 1.000000
1.000000 -0.000000 -0.000017 0.000000 0.000000 1.000000 0.000000 3.391100 0.000017 -0.000000 1.000000 0.000000 0.000000 0.000000 0.000000 1.000000
1.000000 0.000000 -0.000017 0.000000 -0.000000 1.000000 0.000000 3.391100 0.000017 -0.000000 1.000000 0.000000 0.000000 0.000000 0.000000 1.000000
1.000000 0.000000 -0.000017 -0.000000 -0.000000 1.000000 -0.000000 3.391100 0.000017 0.000000 1.000000 -0.000000 0.000000 0.000000 0.000000 1.000000
1.000000 0.000000 -0.000017 0.000000 -0.000000 1.000000 0.000000 3.391100 0.000017 -0.000000 1.000000 0.000000 0.000000 0.000000 0.000000 1.000000
1.000000 0.000000 -0.000017 0.000000 -0.000000 1.000000 -0.000000 3.391100 0.000017 0.000000 1.000000 0.000000 0.000000 0.000000 0.000000 1.000000
1.000000 0.000000 -0.000017 0.000000 -0.000000 1.000000 0.000000 3.391100 0.000017 -0.000000 1.000000 -0.000000 0.000000 0.000000 0.000000 1.000000
1.000000 -0.000000 -0.000017 0.000000 0.000000 1.000000 0.000000 3.391100 0.000017 -0.000000 1.000000 0.000000 0.000000 0.000000 0.000000 1.000000
1.000000 0.000000 -0.000017 0.000000 -0.000000 1.000000 0.000000 3.391100 0.000017 -0.000000 1.000000 0.000000 0.000000 0.000000 0.000000 1.000000
1.000000 -0.000000 -0.000017 0.000000 0.000000 1.000000 -0.000000 3.391100 0.000017 0.000000 1.000000 -0.000000 0.000000 0.000000 0.000000 1.000000
1.000000 0.000000 -0.000017 0.000000 -0.000000 1.000000 0.000000 3.391100 0.000017 -0.000000 1.000000 0.000000 0.000000 0.000000 0.000000 1.000000
1.000000 -0.000000 -0.000017 0.000000 0.000000 1.000000 -0.000000 3.391100 0.000017 0.000000 1.000000 0.000000 0.000000 0.000000 0.000000 1.000000
1.000000 -0.000000 -0.000017 0.000000 0.000000 1.000000 -0.000000 3.391100 0.000017 0.000000 1.000000 0.000000 0.000000 0.000000 0.000000 1.000000
1.000000 0.000000 -0.000017 0.000000 -0.000000 1.000000 -0.000000 3.391100 0.000017 0.000000 1.000000 0.000000 0.000000 0.000000 0.000000 1.000000
1.000000 -0.000000 -0.000017 0.000000 0.000000 1.000000 0.000000 3.391100 0.000017 -0.000000 1.000000 0.000000 0.000000 0.000000 0.000000 1.000000
1.000000 -0.000000 -0.000017 0.000000 0.000000 1.000000 -0.000000 3.391100 0.000017 0.000000 1.000000 0.000000 0.000000 0.000000 0.000000 1.000000
1.000000 -0.000000 -0.000017 0.000000 0.000000 1.000000 -0.000000 3.391100 0.000017 0.000000 1.000000 0.000000 0.000000 0.000000 0.000000 1.000000
1.000000 -0.000000 -0.000017 0.000000 0.000000 1.000000 0.000000 3.391100 0.000017 -0.000000 1.000000 0.000000 0.000000 0.000000 0.000000 1.000000
1.000000 0.000000 -0.000017 -0.000000 -0.000000 1.000000 -0.000000 3.391100 0.000017 0.000000 1.000000 0.000000 0.000000 0.000000 0.000000 1.000000
1.000000 -0.000000 -0.000017 0.000000 0.000000 1.000000 -0.000000 3.391100 0.000017 0.000000 1.000000 0.000000 0.000000 0.000000 0.000000 1.000000
1.000000 0.000000 -0.000017 0.000000 -0.000000 1.000000 0.000000 3.391100 0.000017 -0.000000 1.000000 0.000000 0.000000 0.000000 0.000000 1.000000
1.000000 -0.000000 -0.000017 0.000000 0.000000 1.000000 0.000000 3.391100 0.000017 -0.000000 1.000000 0.000000 0.000000 0.000000 0.000000 1.000000
1.000000 -0.000000 -0.000017 0.000000 0.000000 1.000000 0.000000 3.391100 0.000017 -0.000000 1.000000 -0.000000 0.000000 0.000000 0.000000 1.000000
1.000000 -0.000000 -0.000017 0.000000 0.000000 1.000000 -0.000000 3.391100 0.000017 0.000000 1.000000 0.000000 0.000000 0.000000 0.000000 1.000000
1.000000 0.000000 -0.000017 0.000000 -0.000000 1.000000 0.000000 3.391100 0.000017 -0.000000 1.000000 0.000000 0.000000 0.000000 0.000000 1.000000
1.000000 0.000000 -0.000017 0.000000 -0.000000 1.000000 0.000000 3.391100 0.000017 -0.000000 1.000000 -0.000000 0.000000 0.000000 0.000000 1.000000
1.000000 -0.000000 -0.000017 0.000000 0.000000 1.000000 0.000000 3.391100 0.000017 -0.000000 1.000000 0.000000 0.000000 0.000000 0.000000 1.000000
1.000000 0.000000 -0.000017 -0.000000 -0.000000 1.000000 0.000000 3.391100 0.000017 -0.000000 1.000000 0.000000 0.000000 0.000000 0.000000 1.000000
1.000000 -0.000000 -0.000017 0.000000 0.000000 1.000000 0.000000 3.391100 0.000017 -0.000000 1.000000 0.000000 0.000000 0.000000 0.000000 1.000000
1.000000 -0.000000 -0.000017 0.000000 0.000000 1.000000 0.000000 3.391100 0.000017 -0.000000 1.000000 0.000000 0.000000 0.000000 0.000000 1.000000
1.000000 -0.000000 -0.000017 -0.000000 0.000000 1.000000 -0.000000 3.391100 0.000017 0.000000 1.000000 -0.000000 0.000000 0.000000 0.000000 1.000000
1.000000 0.000000 -0.000017 0.000000 -0.000000 1.000000 0.000000 3.391100 0.000017 -0.000000 1.000000 0.000000 0.000000 0.000000 0.000000 1.000000
1.000000 -0.000000 -0.000017 0.000000 0.000000 1.000000 -0.000000 3.391100 0.000017 0.000000 1.000000 0.000000 0.000000 0.000000 0.000000 1.000000
1.000000 0.000000 -0.000017 0.000000 -0.000000 1.000000 0.000000 3.391100 0.000017 -0.000000 1.000000 0.000000 0.000000 0.000000 0.000000 1.000000
1.000000 -0.000000 -0.000017 0.000000 0.000000 1.000000 0.000000 3.391100 0.000017 -0.000000 1.000000 0.000000 0.000000 0.000000 0.000000 1.000000
1.000000 -0.000000 -0.000017 0.000000 0.000000 1.000000 0.000000 3.391100 0.000017 -0.000000 1.000000 0.000000 0.000000 0.000000 0.000000 1.000000
1.000000 -0.000000 -0.000017 -0.000000 0.000000 1.000000 0.000000 3.391100 0.000017 -0.000000 1.000000 0.000000 0.000000 0.000000 0.000000 1.000000
1.000000 -0.000000 -0.000017 0.000000 0.000000 1.000000 0.000000 3.391100 0.000017 -0.000000 1.000000 -0.000000 0.000000 0.000000 0.000000 1.000000
1.000000 -0.000000 -0.000017 -0.000000 0.000000 1.000000 0.000000 3.391100 0.000017 -0.000000 1.000000 0.000000 0.000000 0.000000 0.000000 1.000000
1.000000 0.000000 -0.000017 -0.000000 -0.000000 1.000000 0.000000 3.391100 0.000017 -0.000000 1.000000 0.000000 0.000000 0.000000 0.000000 1.000000
1.000000 0.000000 -0.000017 0.000000 -0.000000 1.000000 0.000000 3.391100 0.000017 -0.000000 1.000000 -0.000000 0.000000 0.000000 0.000000 1.000000
1.000000 0.000000 -0.000017 0.000000 -0.000000 1.000000 -0.000000 3.391100 0.000017 0.000000 1.000000 0.000000 0.000000 0.000000 0.000000 1.000000
1.000000 -0.000000 -0.000017 0.000000 0.000000 1.000000 0.000000 3.391100 0.000017 -0.000000 1.000000 -0.000000 0.000000 0.000000 0.000000 1.000000
1.000000 0.000000 -0.000017 0.000000 -0.000000 1.000000 0.000000 3.391100 0.000017 -0.000000 1.000000 0.000000 0.000000 0.000000 0.000000 1.000000
1.000000 0.000000 -0.000017 0.000000 -0.000000 1.000000 0.000000 3.391100 0.000017 -0.000000 1.000000 0.000000 0.000000 0.000000 0.000000 1.000000
1.000000 0.000000 -0.000017 0.000000 -0.000000 1.000000 -0.000000 3.391100 0.000017 0.000000 1.000000 0.000000 0.000000 0.000000 0.000000 1.000000
1.000000 -0.000000 -0.000017 -0.000000 0.000000 1.000000 0.000000 3.391100 0.000017 -0.000000 1.000000 0.000000 0.000000 0.000000 0.000000 1.000000
1.000000 0.000000 -0.000017 0.000000 -0.000000 1.000000 0.000000 3.391100 0.000017 -0.000000 1.000000 0.000000 0.000000 0.000000 0.000000 1.000000
1.000000 -0.000000 -0.000017 0.000000 0.000000 1.000000 -0.000000 3.391100 0.000017 0.000000 1.000000 -0.000000 0.000000 0.000000 0.000000 1.000000
1.000000 0.000000 -0.000017 0.000000 -0.000000 1.000000 0.000000 3.391100 0.000017 -0.000000 1.000000 0.000000 0.000000 0.000000 0.000000 1.000000
1.000000 -0.000000 -0.000017 0.000000 0.000000 1.000000 0.000000 3.391100 0.000017 -0.000000 1.000000 0.000000 0.000000 0.000000 0.000000 1.000000
1.000000 -0.000000 -0.000017 -0.000000 0.000000 1.000000 0.000000 3.391100 0.000017 -0.000000 1.000000 0.000000 0.000000 0.000000 0.000000 1.000000
1.000000 -0.000000 -0.000017 0.000000 0.000000 1.000000 -0.000000 3.391100 0.000017 0.000000 1.000000 0.000000 0.000000 0.000000 0.000000 1.000000
1.000000 0.000000 -0.000017 0.000000 -0.000000 1.000000 0.000000 3.391100 0.000017 -0.000000 1.000000 0.000000 0.000000 0.000000 0.000000 1.000000
1.000000 -0.000000 -0.000017 0.000000 0.000000 1.000000 0.000000 3.391100 0.000017 -0.000000 1.000000 0.000000 0.000000 0.000000 0.000000 1.000000
1.000000 0.000000 -0.000017 -0.000000 -0.000000 1.000000 -0.000000 3.391100 0.000017 0.000000 1.000000 0.000000 0.000000 0.000000 0.000000 1.000000
1.000000 0.000000 -0.000017 0.000000 -0.000000 1.000000 -0.000000 3.391100 0.000017 0.000000 1.000000 -0.000000 0.000000 0.000000 0.000000 1.000000
1.000000 -0.000000 -0.000017 0.000000 0.000000 1.000000 0.000000 3.391100 0.000017 -0.000000 1.000000 0.000000 0.000000 0.000000 0.000000 1.000000
1.000000 0.000000 -0.000017 0.000000 -0.000000 1.000000 -0.000000 3.391100 0.000017 0.000000 1.000000 0.000000 0.000000 0.000000 0.000000 1.000000</float_array>
        <technique_common>
          <accessor source="#mixamorig_LeftHandIndex3-Matrix-animation-output-transform-array" count="71" stride="16">
            <param type="float4x4"/>
          </accessor>
        </technique_common>
      </source>
      <source id="mixamorig_LeftHandIndex3-Interpolations">
        <Name_array id="mixamorig_LeftHandIndex3-Interpolations-array" count="71">
 LINEAR LINEAR LINEAR LINEAR LINEAR LINEAR LINEAR LINEAR LINEAR LINEAR LINEAR
LINEAR LINEAR LINEAR LINEAR LINEAR LINEAR LINEAR LINEAR LINEAR LINEAR LINEAR LINEAR
LINEAR LINEAR LINEAR LINEAR LINEAR LINEAR LINEAR LINEAR LINEAR LINEAR LINEAR LINEAR
LINEAR LINEAR LINEAR LINEAR LINEAR LINEAR LINEAR LINEAR LINEAR LINEAR LINEAR LINEAR
LINEAR LINEAR LINEAR LINEAR LINEAR LINEAR LINEAR LINEAR LINEAR LINEAR LINEAR LINEAR
LINEAR LINEAR LINEAR LINEAR LINEAR LINEAR LINEAR LINEAR LINEAR LINEAR LINEAR LINEAR</Name_array>
        <technique_common>
          <accessor source="#mixamorig_LeftHandIndex3-Interpolations-array" count="71">
            <param type="name"/>
          </accessor>
        </technique_common>
      </source>
      <sampler id="mixamorig_LeftHandIndex3-Matrix-animation-transform">
        <input semantic="INPUT" source="#mixamorig_LeftHandIndex3-Matrix-animation-input"/>
        <input semantic="OUTPUT" source="#mixamorig_LeftHandIndex3-Matrix-animation-output-transform"/>
        <input semantic="INTERPOLATION" source="#mixamorig_LeftHandIndex3-Interpolations"/>
      </sampler>
      <channel source="#mixamorig_LeftHandIndex3-Matrix-animation-transform" target="mixamorig_LeftHandIndex3/matrix"/>
    </animation>
    <animation id="mixamorig_LeftHandMiddle1-anim" name="mixamorig_LeftHandMiddle1">
      <source id="mixamorig_LeftHandMiddle1-Matrix-animation-input">
        <float_array id="mixamorig_LeftHandMiddle1-Matrix-animation-input-array" count="71">

0.000000 0.033333 0.066667 0.100000 0.133333 0.166667 0.200000 0.233333 0.266667 0.300000 0.333333 0.366667 0.400000 0.433333 0.466667 0.500000
0.533333 0.566667 0.600000 0.633333 0.666667 0.700000 0.733333 0.766667 0.800000 0.833333 0.866667 0.900000 0.933333 0.966667 1.000000 1.033333
1.066667 1.100000 1.133333 1.166667 1.200000 1.233333 1.266667 1.300000 1.333333 1.366667 1.400000 1.433333 1.466667 1.500000 1.533333 1.566667
1.600000 1.633333 1.666667 1.700000 1.733333 1.766667 1.800000 1.833333 1.866667 1.900000 1.933333 1.966667 2.000000 2.033333 2.066667 2.100000
2.133333 2.166667 2.200000 2.233333 2.266667 2.300000 2.333333</float_array>
        <technique_common>
          <accessor source="#mixamorig_LeftHandMiddle1-Matrix-animation-input-array" count="71">
            <param name="TIME" type="float"/>
          </accessor>
        </technique_common>
      </source>
      <source id="mixamorig_LeftHandMiddle1-Matrix-animation-output-transform">
        <float_array id="mixamorig_LeftHandMiddle1-Matrix-animation-output-transform-array" count="1136">

0.982469 -0.186193 -0.009303 0.062700 0.062408 0.375506 -0.924716 10.490800 0.175669 0.907925 0.380543 0.034700 0.000000 0.000000 0.000000 1.000000
0.982472 -0.186173 -0.009343 0.062700 0.062401 0.375703 -0.924637 10.490800 0.175653 0.907847 0.380735 0.034700 0.000000 0.000000 0.000000 1.000000
0.982479 -0.186137 -0.009418 0.062700 0.062388 0.376080 -0.924484 10.490800 0.175622 0.907699 0.381103 0.034700 0.000000 0.000000 0.000000 1.000000
0.982471 -0.186180 -0.009330 0.062700 0.062403 0.375642 -0.924661 10.490800 0.175658 0.907871 0.380676 0.034700 0.000000 0.000000 0.000000 1.000000
0.982478 -0.186144 -0.009404 0.062700 0.062391 0.376010 -0.924513 10.490800 0.175628 0.907726 0.381035 0.034700 0.000000 0.000000 0.000000 1.000000
0.982484 -0.186106 -0.009481 0.062700 0.062378 0.376395 -0.924357 10.490800 0.175597 0.907575 0.381411 0.034700 0.000000 0.000000 0.000000 1.000000
0.982492 -0.186059 -0.009592 0.062700 0.062397 0.377128 -0.924057 10.490800 0.175546 0.907280 0.382135 0.034700 0.000000 0.000000 0.000000 1.000000
0.982498 -0.186019 -0.009687 0.062700 0.062419 0.377786 -0.923787 10.490800 0.175502 0.907014 0.382785 0.034700 0.000000 0.000000 0.000000 1.000000
0.982499 -0.186017 -0.009688 0.062700 0.062481 0.378114 -0.923648 10.490800 0.175477 0.906878 0.383120 0.034700 0.000000 0.000000 0.000000 1.000000
0.982531 -0.185839 -0.009871 0.062700 0.062701 0.380512 -0.922648 10.490800 0.175220 0.905911 0.385517 0.034700 0.000000 0.000000 0.000000 1.000000
0.982545 -0.185760 -0.009898 0.062700 0.062797 0.381295 -0.922318 10.490800 0.175104 0.905598 0.386305 0.034700 0.000000 0.000000 0.000000 1.000000
0.982559 -0.185682 -0.010041 0.062700 0.062944 0.382917 -0.921636 10.490800 0.174976 0.904929 0.387926 0.034700 0.000000 0.000000 0.000000 1.000000
0.982560 -0.185675 -0.010027 0.062700 0.062989 0.383095 -0.921559 10.490800 0.174952 0.904855 0.388109 0.034700 0.000000 0.000000 0.000000 1.000000
0.982561 -0.185669 -0.010030 0.062700 0.063001 0.383186 -0.921520 10.490800 0.174941 0.904818 0.388201 0.034700 0.000000 0.000000 0.000000 1.000000
0.982566 -0.185637 -0.010107 0.062700 0.062988 0.383553 -0.921368 10.490800 0.174916 0.904669 0.388559 0.034700 0.000000 0.000000 0.000000 1.000000
0.982573 -0.185597 -0.010211 0.062700 0.062959 0.383998 -0.921185 10.490800 0.174890 0.904489 0.388991 0.034700 0.000000 0.000000 0.000000 1.000000
0.982586 -0.185515 -0.010408 0.062700 0.062909 0.384861 -0.920828 10.490800 0.174833 0.904138 0.389829 0.034700 0.000000 0.000000 0.000000 1.000000
0.982594 -0.185469 -0.010536 0.062700 0.062869 0.385368 -0.920619 10.490800 0.174806 0.903932 0.390320 0.034700 0.000000 0.000000 0.000000 1.000000
0.982577 -0.185564 -0.010374 0.062700 0.062879 0.384440 -0.921006 10.490800 0.174894 0.904307 0.389410 0.034700 0.000000 0.000000 0.000000 1.000000
0.982605 -0.185398 -0.010728 0.062700 0.062802 0.386105 -0.920315 10.490800 0.174767 0.903632 0.391032 0.034700 0.000000 0.000000 0.000000 1.000000
0.982609 -0.185372 -0.010791 0.062700 0.062718 0.386028 -0.920353 10.490800 0.174773 0.903670 0.390941 0.034700 0.000000 0.000000 0.000000 1.000000
0.982592 -0.185473 -0.010646 0.062700 0.062704 0.385039 -0.920768 10.490800 0.174876 0.904071 0.389966 0.034700 0.000000 0.000000 0.000000 1.000000
0.982578 -0.185553 -0.010559 0.062700 0.062711 0.384488 -0.920997 10.490800 0.174953 0.904289 0.389426 0.034700 0.000000 0.000000 0.000000 1.000000
0.982588 -0.185488 -0.010753 0.062700 0.062688 0.385446 -0.920598 10.490800 0.174905 0.903895 0.390362 0.034700 0.000000 0.000000 0.000000 1.000000
0.982590 -0.185475 -0.010808 0.062700 0.062693 0.385763 -0.920465 10.490800 0.174892 0.903762 0.390675 0.034700 0.000000 0.000000 0.000000 1.000000
0.982576 -0.185558 -0.010603 0.062700 0.062733 0.384802 -0.920865 10.490800 0.174954 0.904155 0.389737 0.034700 0.000000 0.000000 0.000000 1.000000
0.982639 -0.185221 -0.010670 0.062700 0.062725 0.385798 -0.920449 10.490800 0.174603 0.903799 0.390718 0.034700 0.000000 0.000000 0.000000 1.000000
0.982727 -0.184745 -0.010779 0.062700 0.062679 0.387082 -0.919913 10.490800 0.174122 0.903348 0.391975 0.034700 0.000000 0.000000 0.000000 1.000000
0.982776 -0.184493 -0.010672 0.062700 0.062438 0.385845 -0.920448 10.490800 0.173934 0.903928 0.390719 0.034700 0.000000 0.000000 0.000000 1.000000
0.982790 -0.184416 -0.010667 0.062700 0.062398 0.385777 -0.920480 10.490800 0.173866 0.903973 0.390645 0.034700 0.000000 0.000000 0.000000 1.000000
0.982791 -0.184404 -0.010808 0.062700 0.062539 0.387218 -0.919865 10.490800 0.173812 0.903359 0.392087 0.034700 0.000000 0.000000 0.000000 1.000000
0.982775 -0.184491 -0.010811 0.062700 0.062585 0.387286 -0.919833 10.490800 0.173888 0.903312 0.392161 0.034700 0.000000 0.000000 0.000000 1.000000
0.982727 -0.184739 -0.010869 0.062700 0.062784 0.388076 -0.919486 10.490800 0.174083 0.902922 0.392972 0.034700 0.000000 0.000000 0.000000 1.000000
0.982696 -0.184908 -0.010823 0.062700 0.062800 0.387584 -0.919693 10.490800 0.174253 0.903099 0.392489 0.034700 0.000000 0.000000 0.000000 1.000000
0.982647 -0.185164 -0.010922 0.062700 0.063061 0.388873 -0.919131 10.490800 0.174437 0.902492 0.393801 0.034700 0.000000 0.000000 0.000000 1.000000
0.982627 -0.185267 -0.010977 0.062700 0.063243 0.389860 -0.918700 10.490800 0.174485 0.902045 0.394803 0.034700 0.000000 0.000000 0.000000 1.000000
0.982619 -0.185299 -0.011135 0.062700 0.063540 0.392091 -0.917729 10.490800 0.174420 0.901071 0.397050 0.034700 0.000000 0.000000 0.000000 1.000000
0.982570 -0.185585 -0.010664 0.062700 0.063746 0.390279 -0.918487 10.490800 0.174619 0.901799 0.395306 0.034700 0.000000 0.000000 0.000000 1.000000
0.982541 -0.185757 -0.010369 0.062700 0.063869 0.389123 -0.918969 10.490800 0.174739 0.902262 0.394194 0.034700 0.000000 0.000000 0.000000 1.000000
0.982530 -0.185821 -0.010250 0.062700 0.063915 0.388650 -0.919166 10.490800 0.174784 0.902453 0.393737 0.034700 0.000000 0.000000 0.000000 1.000000
0.982515 -0.185915 -0.010040 0.062700 0.063938 0.387562 -0.919624 10.490800 0.174863 0.902902 0.392672 0.034700 0.000000 0.000000 0.000000 1.000000
0.982513 -0.185928 -0.009977 0.062700 0.063905 0.387053 -0.919840 10.490800 0.174885 0.903117 0.392166 0.034700 0.000000 0.000000 0.000000 1.000000
0.982524 -0.185862 -0.010065 0.062700 0.063821 0.387186 -0.919790 10.490800 0.174851 0.903074 0.392282 0.034700 0.000000 0.000000 0.000000 1.000000
0.982545 -0.185739 -0.010277 0.062700 0.063699 0.387841 -0.919523 10.490800 0.174777 0.902818 0.392903 0.034700 0.000000 0.000000 0.000000 1.000000
0.982569 -0.185602 -0.010531 0.062700 0.063561 0.388645 -0.919193 10.490800 0.174697 0.902501 0.393667 0.034700 0.000000 0.000000 0.000000 1.000000
0.982572 -0.185585 -0.010559 0.062700 0.063421 0.388095 -0.919434 10.490800 0.174731 0.902740 0.393101 0.034700 0.000000 0.000000 0.000000 1.000000
0.982562 -0.185639 -0.010487 0.062700 0.063257 0.386783 -0.919999 10.490800 0.174844 0.903292 0.391781 0.034700 0.000000 0.000000 0.000000 1.000000
0.982572 -0.185571 -0.010758 0.062700 0.063142 0.387640 -0.919646 10.490800 0.174830 0.902939 0.392601 0.034700 0.000000 0.000000 0.000000 1.000000
0.982538 -0.185765 -0.010527 0.062700 0.063131 0.386057 -0.920312 10.490800 0.175026 0.903577 0.391043 0.034700 0.000000 0.000000 0.000000 1.000000
0.982509 -0.185923 -0.010416 0.062700 0.063079 0.384925 -0.920790 10.490800 0.175206 0.904027 0.389921 0.034700 0.000000 0.000000 0.000000 1.000000
0.982495 -0.185996 -0.010423 0.062700 0.063046 0.384636 -0.920913 10.490800 0.175295 0.904135 0.389630 0.034700 0.000000 0.000000 0.000000 1.000000
0.982453 -0.186222 -0.010352 0.062700 0.063028 0.383731 -0.921291 10.490800 0.175537 0.904473 0.388735 0.034700 0.000000 0.000000 0.000000 1.000000
0.982418 -0.186419 -0.010180 0.062700 0.063048 0.382594 -0.921763 10.490800 0.175729 0.904914 0.387620 0.034700 0.000000 0.000000 0.000000 1.000000
0.982459 -0.186189 -0.010416 0.062700 0.063028 0.384112 -0.921133 10.490800 0.175506 0.904318 0.389109 0.034700 0.000000 0.000000 0.000000 1.000000
0.982377 -0.186628 -0.010279 0.062700 0.063024 0.382518 -0.921796 10.490800 0.175964 0.904904 0.387538 0.034700 0.000000 0.000000 0.000000 1.000000
0.982358 -0.186728 -0.010272 0.062700 0.063027 0.382291 -0.921890 10.490800 0.176070 0.904978 0.387316 0.034700 0.000000 0.000000 0.000000 1.000000
0.982337 -0.186848 -0.010126 0.062700 0.063054 0.381475 -0.922226 10.490800 0.176179 0.905298 0.386518 0.034700 0.000000 0.000000 0.000000 1.000000
0.982336 -0.186848 -0.010194 0.062700 0.063037 0.381720 -0.922126 10.490800 0.176189 0.905195 0.386756 0.034700 0.000000 0.000000 0.000000 1.000000
0.982321 -0.186933 -0.010101 0.062700 0.063035 0.381089 -0.922387 10.490800 0.176274 0.905443 0.386135 0.034700 0.000000 0.000000 0.000000 1.000000
0.982308 -0.187004 -0.010027 0.062700 0.063004 0.380425 -0.922663 10.490800 0.176356 0.905708 0.385476 0.034700 0.000000 0.000000 0.000000 1.000000
0.982289 -0.187117 -0.009767 0.062700 0.062802 0.377903 -0.923713 10.490800 0.176533 0.906739 0.382962 0.034700 0.000000 0.000000 0.000000 1.000000
0.982286 -0.187135 -0.009732 0.062700 0.062743 0.377390 -0.923926 10.490800 0.176572 0.906949 0.382447 0.034700 0.000000 0.000000 0.000000 1.000000
0.982279 -0.187177 -0.009595 0.062700 0.062728 0.376565 -0.924264 10.490800 0.176614 0.907284 0.381633 0.034700 0.000000 0.000000 0.000000 1.000000
0.982301 -0.187059 -0.009687 0.062700 0.062644 0.376820 -0.924166 10.490800 0.176524 0.907202 0.381869 0.034700 0.000000 0.000000 0.000000 1.000000
0.982356 -0.186772 -0.009586 0.062700 0.062401 0.375661 -0.924654 10.490800 0.176301 0.907742 0.380688 0.034700 0.000000 0.000000 0.000000 1.000000
0.982383 -0.186636 -0.009544 0.062700 0.062295 0.375192 -0.924851 10.490800 0.176191 0.907963 0.380209 0.034700 0.000000 0.000000 0.000000 1.000000
0.982422 -0.186437 -0.009363 0.062700 0.061975 0.373067 -0.925732 10.490800 0.176083 0.908880 0.378064 0.034700 0.000000 0.000000 0.000000 1.000000
0.982476 -0.186147 -0.009547 0.062700 0.062004 0.374698 -0.925071 10.490800 0.175776 0.908268 0.379673 0.034700 0.000000 0.000000 0.000000 1.000000
0.982464 -0.186215 -0.009433 0.062700 0.062089 0.374442 -0.925169 10.490800 0.175813 0.908360 0.379437 0.034700 0.000000 0.000000 0.000000 1.000000
0.982470 -0.186175 -0.009514 0.062700 0.062075 0.374847 -0.925006 10.490800 0.175780 0.908201 0.379833 0.034700 0.000000 0.000000 0.000000 1.000000
0.982482 -0.186107 -0.009651 0.062700 0.062052 0.375536 -0.924728 10.490800 0.175723 0.907930 0.380506 0.034700 0.000000 0.000000 0.000000 1.000000</float_array>
        <technique_common>
          <accessor source="#mixamorig_LeftHandMiddle1-Matrix-animation-output-transform-array" count="71" stride="16">
            <param type="float4x4"/>
          </accessor>
        </technique_common>
      </source>
      <source id="mixamorig_LeftHandMiddle1-Interpolations">
        <Name_array id="mixamorig_LeftHandMiddle1-Interpolations-array" count="71">
 LINEAR LINEAR LINEAR LINEAR LINEAR LINEAR LINEAR LINEAR LINEAR LINEAR LINEAR
LINEAR LINEAR LINEAR LINEAR LINEAR LINEAR LINEAR LINEAR LINEAR LINEAR LINEAR LINEAR
LINEAR LINEAR LINEAR LINEAR LINEAR LINEAR LINEAR LINEAR LINEAR LINEAR LINEAR LINEAR
LINEAR LINEAR LINEAR LINEAR LINEAR LINEAR LINEAR LINEAR LINEAR LINEAR LINEAR LINEAR
LINEAR LINEAR LINEAR LINEAR LINEAR LINEAR LINEAR LINEAR LINEAR LINEAR LINEAR LINEAR
LINEAR LINEAR LINEAR LINEAR LINEAR LINEAR LINEAR LINEAR LINEAR LINEAR LINEAR LINEAR</Name_array>
        <technique_common>
          <accessor source="#mixamorig_LeftHandMiddle1-Interpolations-array" count="71">
            <param type="name"/>
          </accessor>
        </technique_common>
      </source>
      <sampler id="mixamorig_LeftHandMiddle1-Matrix-animation-transform">
        <input semantic="INPUT" source="#mixamorig_LeftHandMiddle1-Matrix-animation-input"/>
        <input semantic="OUTPUT" source="#mixamorig_LeftHandMiddle1-Matrix-animation-output-transform"/>
        <input semantic="INTERPOLATION" source="#mixamorig_LeftHandMiddle1-Interpolations"/>
      </sampler>
      <channel source="#mixamorig_LeftHandMiddle1-Matrix-animation-transform" target="mixamorig_LeftHandMiddle1/matrix"/>
    </animation>
    <animation id="mixamorig_LeftHandMiddle2-anim" name="mixamorig_LeftHandMiddle2">
      <source id="mixamorig_LeftHandMiddle2-Matrix-animation-input">
        <float_array id="mixamorig_LeftHandMiddle2-Matrix-animation-input-array" count="71">

0.000000 0.033333 0.066667 0.100000 0.133333 0.166667 0.200000 0.233333 0.266667 0.300000 0.333333 0.366667 0.400000 0.433333 0.466667 0.500000
0.533333 0.566667 0.600000 0.633333 0.666667 0.700000 0.733333 0.766667 0.800000 0.833333 0.866667 0.900000 0.933333 0.966667 1.000000 1.033333
1.066667 1.100000 1.133333 1.166667 1.200000 1.233333 1.266667 1.300000 1.333333 1.366667 1.400000 1.433333 1.466667 1.500000 1.533333 1.566667
1.600000 1.633333 1.666667 1.700000 1.733333 1.766667 1.800000 1.833333 1.866667 1.900000 1.933333 1.966667 2.000000 2.033333 2.066667 2.100000
2.133333 2.166667 2.200000 2.233333 2.266667 2.300000 2.333333</float_array>
        <technique_common>
          <accessor source="#mixamorig_LeftHandMiddle2-Matrix-animation-input-array" count="71">
            <param name="TIME" type="float"/>
          </accessor>
        </technique_common>
      </source>
      <source id="mixamorig_LeftHandMiddle2-Matrix-animation-output-transform">
        <float_array id="mixamorig_LeftHandMiddle2-Matrix-animation-output-transform-array" count="1136">

0.999089 0.011140 -0.041189 0.000000 -0.029274 0.881257 -0.471729 5.805400 0.031043 0.472506 0.880781 -0.000000 0.000000 0.000000 0.000000 1.000000
0.999090 0.011073 -0.041195 0.000000 -0.029235 0.881004 -0.472205 5.805400 0.031064 0.472979 0.880526 0.000000 0.000000 0.000000 0.000000 1.000000
0.999090 0.011034 -0.041198 0.000000 -0.029211 0.880855 -0.472485 5.805400 0.031076 0.473258 0.880375 -0.000000 0.000000 0.000000 0.000000 1.000000
0.999091 0.010915 -0.041209 0.000000 -0.029142 0.880407 -0.473323 5.805400 0.031114 0.474094 0.879924 0.000000 0.000000 0.000000 0.000000 1.000000
0.999090 0.011062 -0.041196 0.000000 -0.029228 0.880961 -0.472285 5.805400 0.031067 0.473059 0.880483 0.000000 0.000000 0.000000 0.000000 1.000000
0.999090 0.011007 -0.041201 0.000000 -0.029196 0.880753 -0.472675 5.805400 0.031085 0.473448 0.880273 0.000000 0.000000 0.000000 0.000000 1.000000
0.999090 0.010989 -0.041202 0.000000 -0.029185 0.880684 -0.472804 5.805400 0.031090 0.473576 0.880204 0.000000 0.000000 0.000000 0.000000 1.000000
0.999090 0.011074 -0.041195 0.000000 -0.029235 0.881009 -0.472196 5.805400 0.031064 0.472970 0.880531 -0.000000 0.000000 0.000000 0.000000 1.000000
0.999090 0.011094 -0.041193 0.000000 -0.029247 0.881081 -0.472061 5.805400 0.031057 0.472836 0.880603 -0.000000 0.000000 0.000000 0.000000 1.000000
0.999090 0.011016 -0.041200 0.000000 -0.029201 0.880787 -0.472612 5.805400 0.031082 0.473385 0.880307 -0.000000 0.000000 0.000000 0.000000 1.000000
0.999090 0.011085 -0.041194 0.000000 -0.029241 0.881047 -0.472123 5.805400 0.031060 0.472898 0.880569 0.000000 0.000000 0.000000 0.000000 1.000000
0.999090 0.011022 -0.041199 0.000000 -0.029204 0.880810 -0.472568 5.805400 0.031080 0.473341 0.880331 -0.000000 0.000000 0.000000 0.000000 1.000000
0.999091 0.010949 -0.041206 0.000000 -0.029161 0.880531 -0.473090 5.805400 0.031103 0.473861 0.880050 0.000000 0.000000 0.000000 0.000000 1.000000
0.999090 0.010999 -0.041201 0.000000 -0.029191 0.880723 -0.472732 5.805400 0.031087 0.473504 0.880243 0.000000 0.000000 0.000000 0.000000 1.000000
0.999090 0.011106 -0.041192 0.000000 -0.029254 0.881127 -0.471975 5.805400 0.031054 0.472750 0.880649 0.000000 0.000000 0.000000 0.000000 1.000000
0.999091 0.010910 -0.041209 0.000000 -0.029138 0.880385 -0.473364 5.805400 0.031116 0.474134 0.879902 0.000000 0.000000 0.000000 0.000000 1.000000
0.999090 0.011029 -0.041199 0.000000 -0.029208 0.880835 -0.472521 5.805400 0.031078 0.473294 0.880356 -0.000000 0.000000 0.000000 0.000000 1.000000
0.999091 0.010974 -0.041204 0.000000 -0.029176 0.880628 -0.472910 5.805400 0.031095 0.473682 0.880147 0.000000 0.000000 0.000000 0.000000 1.000000
0.999091 0.010962 -0.041205 0.000000 -0.029169 0.880583 -0.472994 5.805400 0.031099 0.473766 0.880102 0.000000 0.000000 0.000000 0.000000 1.000000
0.999091 0.010966 -0.041204 0.000000 -0.029172 0.880600 -0.472962 5.805400 0.031098 0.473734 0.880119 0.000000 0.000000 0.000000 0.000000 1.000000
0.999090 0.011041 -0.041198 -0.000000 -0.029216 0.880883 -0.472432 5.805400 0.031074 0.473205 0.880404 0.000000 0.000000 0.000000 0.000000 1.000000
0.999090 0.010990 -0.041202 0.000000 -0.029185 0.880687 -0.472800 5.805400 0.031090 0.473572 0.880206 0.000000 0.000000 0.000000 0.000000 1.000000
0.999091 0.010916 -0.041209 0.000000 -0.029142 0.880406 -0.473324 5.805400 0.031114 0.474095 0.879924 0.000000 0.000000 0.000000 0.000000 1.000000
0.999091 0.010909 -0.041209 0.000000 -0.029138 0.880381 -0.473371 5.805400 0.031116 0.474142 0.879899 0.000000 0.000000 0.000000 0.000000 1.000000
0.999091 0.010972 -0.041204 0.000000 -0.029175 0.880622 -0.472921 5.805400 0.031096 0.473693 0.880141 0.000000 0.000000 0.000000 0.000000 1.000000
0.999090 0.011058 -0.041196 0.000000 -0.029226 0.880947 -0.472312 5.805400 0.031068 0.473086 0.880468 0.000000 0.000000 0.000000 0.000000 1.000000
0.999090 0.011008 -0.041200 0.000000 -0.029196 0.880756 -0.472669 5.805400 0.031084 0.473442 0.880277 -0.000000 0.000000 0.000000 0.000000 1.000000
0.999090 0.010993 -0.041202 0.000000 -0.029187 0.880700 -0.472775 5.805400 0.031089 0.473548 0.880219 0.000000 0.000000 0.000000 0.000000 1.000000
0.999090 0.011001 -0.041201 0.000000 -0.029192 0.880731 -0.472716 5.805400 0.031087 0.473489 0.880251 0.000000 0.000000 0.000000 0.000000 1.000000
0.999090 0.011077 -0.041194 0.000000 -0.029237 0.881018 -0.472178 5.805400 0.031063 0.472952 0.880540 0.000000 0.000000 0.000000 0.000000 1.000000
0.999090 0.011010 -0.041200 0.000000 -0.029198 0.880766 -0.472651 5.805400 0.031084 0.473424 0.880286 -0.000000 0.000000 0.000000 0.000000 1.000000
0.999090 0.011008 -0.041201 0.000000 -0.029196 0.880755 -0.472672 5.805400 0.031085 0.473445 0.880275 -0.000000 0.000000 0.000000 0.000000 1.000000
0.999090 0.011011 -0.041200 0.000000 -0.029198 0.880767 -0.472650 5.805400 0.031084 0.473423 0.880287 0.000000 0.000000 0.000000 0.000000 1.000000
0.999090 0.011092 -0.041193 0.000000 -0.029246 0.881074 -0.472072 5.805400 0.031058 0.472847 0.880597 0.000000 0.000000 0.000000 0.000000 1.000000
0.999090 0.011062 -0.041196 0.000000 -0.029228 0.880962 -0.472284 5.805400 0.031067 0.473058 0.880483 -0.000000 0.000000 0.000000 0.000000 1.000000
0.999091 0.010881 -0.041212 0.000000 -0.029121 0.880278 -0.473564 5.805400 0.031125 0.474334 0.879795 -0.000000 0.000000 0.000000 0.000000 1.000000
0.999091 0.010884 -0.041211 0.000000 -0.029123 0.880289 -0.473544 5.805400 0.031124 0.474314 0.879806 0.000000 0.000000 0.000000 0.000000 1.000000
0.999092 0.010808 -0.041218 0.000000 -0.029078 0.879997 -0.474087 5.805400 0.031148 0.474855 0.879512 0.000000 0.000000 0.000000 0.000000 1.000000
0.999091 0.010876 -0.041212 0.000000 -0.029118 0.880256 -0.473605 5.805400 0.031126 0.474375 0.879773 0.000000 0.000000 0.000000 0.000000 1.000000
0.999091 0.010959 -0.041205 -0.000000 -0.029167 0.880571 -0.473016 5.805400 0.031100 0.473788 0.880090 0.000000 0.000000 0.000000 0.000000 1.000000
0.999091 0.010897 -0.041210 0.000000 -0.029131 0.880334 -0.473459 5.805400 0.031120 0.474229 0.879851 -0.000000 0.000000 0.000000 0.000000 1.000000
0.999090 0.011036 -0.041198 0.000000 -0.029213 0.880863 -0.472470 5.805400 0.031076 0.473243 0.880384 -0.000000 0.000000 0.000000 0.000000 1.000000
0.999091 0.010902 -0.041210 0.000000 -0.029133 0.880354 -0.473421 5.805400 0.031118 0.474192 0.879871 -0.000000 0.000000 0.000000 0.000000 1.000000
0.999091 0.010894 -0.041211 0.000000 -0.029129 0.880323 -0.473479 5.805400 0.031121 0.474249 0.879840 0.000000 0.000000 0.000000 0.000000 1.000000
0.999090 0.011015 -0.041200 0.000000 -0.029200 0.880784 -0.472617 5.805400 0.031082 0.473390 0.880304 0.000000 0.000000 0.000000 0.000000 1.000000
0.999090 0.011068 -0.041195 -0.000000 -0.029231 0.880985 -0.472240 5.805400 0.031065 0.473015 0.880507 0.000000 0.000000 0.000000 0.000000 1.000000
0.999090 0.010988 -0.041202 0.000000 -0.029184 0.880682 -0.472808 5.805400 0.031091 0.473581 0.880201 0.000000 0.000000 0.000000 0.000000 1.000000
0.999091 0.010920 -0.041208 0.000000 -0.029144 0.880422 -0.473294 5.805400 0.031112 0.474064 0.879940 -0.000000 0.000000 0.000000 0.000000 1.000000
0.999090 0.010994 -0.041202 0.000000 -0.029188 0.880703 -0.472769 5.805400 0.031089 0.473541 0.880223 0.000000 0.000000 0.000000 0.000000 1.000000
0.999091 0.010927 -0.041208 0.000000 -0.029149 0.880452 -0.473239 5.805400 0.031110 0.474010 0.879970 0.000000 0.000000 0.000000 0.000000 1.000000
0.999090 0.011071 -0.041195 0.000000 -0.029233 0.880993 -0.472225 5.805400 0.031065 0.473000 0.880515 0.000000 0.000000 0.000000 0.000000 1.000000
0.999090 0.011024 -0.041199 0.000000 -0.029206 0.880819 -0.472552 5.805400 0.031079 0.473325 0.880339 0.000000 0.000000 0.000000 0.000000 1.000000
0.999090 0.011081 -0.041194 0.000000 -0.029239 0.881032 -0.472152 5.805400 0.031062 0.472926 0.880554 0.000000 0.000000 0.000000 0.000000 1.000000
0.999089 0.011156 -0.041187 0.000000 -0.029284 0.881317 -0.471617 5.805400 0.031038 0.472394 0.880841 0.000000 0.000000 0.000000 0.000000 1.000000
0.999089 0.011180 -0.041185 0.000000 -0.029297 0.881406 -0.471450 5.805400 0.031030 0.472227 0.880931 0.000000 0.000000 0.000000 0.000000 1.000000
0.999089 0.011179 -0.041185 0.000000 -0.029297 0.881403 -0.471456 5.805400 0.031030 0.472233 0.880928 0.000000 0.000000 0.000000 0.000000 1.000000
0.999089 0.011134 -0.041189 0.000000 -0.029271 0.881235 -0.471772 5.805400 0.031045 0.472548 0.880758 0.000000 0.000000 0.000000 0.000000 1.000000
0.999090 0.011036 -0.041198 0.000000 -0.029213 0.880865 -0.472466 5.805400 0.031075 0.473240 0.880385 -0.000000 0.000000 0.000000 0.000000 1.000000
0.999090 0.011090 -0.041193 0.000000 -0.029245 0.881066 -0.472089 5.805400 0.031059 0.472864 0.880588 -0.000000 0.000000 0.000000 0.000000 1.000000
0.999089 0.011114 -0.041191 0.000000 -0.029259 0.881159 -0.471914 5.805400 0.031051 0.472689 0.880682 0.000000 0.000000 0.000000 0.000000 1.000000
0.999090 0.011061 -0.041196 -0.000000 -0.029227 0.880956 -0.472294 5.805400 0.031068 0.473068 0.880478 0.000000 0.000000 0.000000 0.000000 1.000000
0.999091 0.010969 -0.041204 0.000000 -0.029173 0.880608 -0.472947 5.805400 0.031097 0.473719 0.880127 0.000000 0.000000 0.000000 0.000000 1.000000
0.999090 0.011041 -0.041198 -0.000000 -0.029216 0.880880 -0.472438 5.805400 0.031074 0.473212 0.880401 0.000000 0.000000 0.000000 0.000000 1.000000
0.999090 0.011027 -0.041199 0.000000 -0.029207 0.880827 -0.472537 5.805400 0.031079 0.473310 0.880347 -0.000000 0.000000 0.000000 0.000000 1.000000
0.999088 0.011270 -0.041177 -0.000000 -0.029350 0.881746 -0.470811 5.805400 0.031002 0.471590 0.881273 0.000000 0.000000 0.000000 0.000000 1.000000
0.999089 0.011162 -0.041187 -0.000000 -0.029287 0.881338 -0.471577 5.805400 0.031036 0.472354 0.880862 0.000000 0.000000 0.000000 0.000000 1.000000
0.999089 0.011214 -0.041182 0.000000 -0.029318 0.881534 -0.471209 5.805400 0.031020 0.471987 0.881060 0.000000 0.000000 0.000000 0.000000 1.000000
0.999089 0.011225 -0.041181 0.000000 -0.029324 0.881577 -0.471129 5.805400 0.031016 0.471908 0.881102 -0.000000 0.000000 0.000000 0.000000 1.000000
0.999089 0.011147 -0.041188 0.000000 -0.029278 0.881283 -0.471681 5.805400 0.031041 0.472457 0.880807 0.000000 0.000000 0.000000 0.000000 1.000000
0.999089 0.011140 -0.041189 0.000000 -0.029274 0.881257 -0.471730 5.805400 0.031043 0.472506 0.880780 0.000000 0.000000 0.000000 0.000000 1.000000
0.999089 0.011140 -0.041189 0.000000 -0.029274 0.881257 -0.471730 5.805400 0.031043 0.472506 0.880781 0.000000 0.000000 0.000000 0.000000 1.000000</float_array>
        <technique_common>
          <accessor source="#mixamorig_LeftHandMiddle2-Matrix-animation-output-transform-array" count="71" stride="16">
            <param type="float4x4"/>
          </accessor>
        </technique_common>
      </source>
      <source id="mixamorig_LeftHandMiddle2-Interpolations">
        <Name_array id="mixamorig_LeftHandMiddle2-Interpolations-array" count="71">
 LINEAR LINEAR LINEAR LINEAR LINEAR LINEAR LINEAR LINEAR LINEAR LINEAR LINEAR
LINEAR LINEAR LINEAR LINEAR LINEAR LINEAR LINEAR LINEAR LINEAR LINEAR LINEAR LINEAR
LINEAR LINEAR LINEAR LINEAR LINEAR LINEAR LINEAR LINEAR LINEAR LINEAR LINEAR LINEAR
LINEAR LINEAR LINEAR LINEAR LINEAR LINEAR LINEAR LINEAR LINEAR LINEAR LINEAR LINEAR
LINEAR LINEAR LINEAR LINEAR LINEAR LINEAR LINEAR LINEAR LINEAR LINEAR LINEAR LINEAR
LINEAR LINEAR LINEAR LINEAR LINEAR LINEAR LINEAR LINEAR LINEAR LINEAR LINEAR LINEAR</Name_array>
        <technique_common>
          <accessor source="#mixamorig_LeftHandMiddle2-Interpolations-array" count="71">
            <param type="name"/>
          </accessor>
        </technique_common>
      </source>
      <sampler id="mixamorig_LeftHandMiddle2-Matrix-animation-transform">
        <input semantic="INPUT" source="#mixamorig_LeftHandMiddle2-Matrix-animation-input"/>
        <input semantic="OUTPUT" source="#mixamorig_LeftHandMiddle2-Matrix-animation-output-transform"/>
        <input semantic="INTERPOLATION" source="#mixamorig_LeftHandMiddle2-Interpolations"/>
      </sampler>
      <channel source="#mixamorig_LeftHandMiddle2-Matrix-animation-transform" target="mixamorig_LeftHandMiddle2/matrix"/>
    </animation>
    <animation id="mixamorig_LeftHandMiddle3-anim" name="mixamorig_LeftHandMiddle3">
      <source id="mixamorig_LeftHandMiddle3-Matrix-animation-input">
        <float_array id="mixamorig_LeftHandMiddle3-Matrix-animation-input-array" count="71">

0.000000 0.033333 0.066667 0.100000 0.133333 0.166667 0.200000 0.233333 0.266667 0.300000 0.333333 0.366667 0.400000 0.433333 0.466667 0.500000
0.533333 0.566667 0.600000 0.633333 0.666667 0.700000 0.733333 0.766667 0.800000 0.833333 0.866667 0.900000 0.933333 0.966667 1.000000 1.033333
1.066667 1.100000 1.133333 1.166667 1.200000 1.233333 1.266667 1.300000 1.333333 1.366667 1.400000 1.433333 1.466667 1.500000 1.533333 1.566667
1.600000 1.633333 1.666667 1.700000 1.733333 1.766667 1.800000 1.833333 1.866667 1.900000 1.933333 1.966667 2.000000 2.033333 2.066667 2.100000
2.133333 2.166667 2.200000 2.233333 2.266667 2.300000 2.333333</float_array>
        <technique_common>
          <accessor source="#mixamorig_LeftHandMiddle3-Matrix-animation-input-array" count="71">
            <param name="TIME" type="float"/>
          </accessor>
        </technique_common>
      </source>
      <source id="mixamorig_LeftHandMiddle3-Matrix-animation-output-transform">
        <float_array id="mixamorig_LeftHandMiddle3-Matrix-animation-output-transform-array" count="1136">

1.000000 -0.000000 0.000004 0.000000 0.000000 1.000000 0.000000 3.682000 -0.000004 -0.000000 1.000000 0.000000 0.000000 0.000000 0.000000 1.000000
1.000000 -0.000000 0.000003 0.000000 0.000000 1.000000 0.000000 3.682000 -0.000003 -0.000000 1.000000 0.000000 0.000000 0.000000 0.000000 1.000000
1.000000 0.000000 0.000004 0.000000 -0.000000 1.000000 0.000000 3.682000 -0.000004 -0.000000 1.000000 0.000000 0.000000 0.000000 0.000000 1.000000
1.000000 0.000000 0.000003 0.000000 -0.000000 1.000000 0.000000 3.682000 -0.000003 -0.000000 1.000000 0.000000 0.000000 0.000000 0.000000 1.000000
1.000000 0.000000 0.000003 0.000000 -0.000000 1.000000 0.000000 3.682000 -0.000003 -0.000000 1.000000 0.000000 0.000000 0.000000 0.000000 1.000000
1.000000 -0.000000 0.000004 0.000000 0.000000 1.000000 0.000000 3.682000 -0.000004 -0.000000 1.000000 0.000000 0.000000 0.000000 0.000000 1.000000
1.000000 -0.000000 0.000004 0.000000 0.000000 1.000000 0.000000 3.682000 -0.000004 -0.000000 1.000000 -0.000000 0.000000 0.000000 0.000000 1.000000
1.000000 -0.000000 0.000003 0.000000 0.000000 1.000000 -0.000000 3.682000 -0.000003 0.000000 1.000000 0.000000 0.000000 0.000000 0.000000 1.000000
1.000000 0.000000 0.000003 0.000000 -0.000000 1.000000 0.000000 3.682000 -0.000003 -0.000000 1.000000 0.000000 0.000000 0.000000 0.000000 1.000000
1.000000 0.000000 0.000004 0.000000 -0.000000 1.000000 0.000000 3.682000 -0.000004 -0.000000 1.000000 0.000000 0.000000 0.000000 0.000000 1.000000
1.000000 0.000000 0.000003 -0.000000 -0.000000 1.000000 0.000000 3.682000 -0.000003 -0.000000 1.000000 0.000000 0.000000 0.000000 0.000000 1.000000
1.000000 0.000000 0.000004 0.000000 -0.000000 1.000000 0.000000 3.682000 -0.000004 -0.000000 1.000000 -0.000000 0.000000 0.000000 0.000000 1.000000
1.000000 -0.000000 0.000004 -0.000000 0.000000 1.000000 0.000000 3.682000 -0.000004 -0.000000 1.000000 0.000000 0.000000 0.000000 0.000000 1.000000
1.000000 -0.000000 0.000004 0.000000 0.000000 1.000000 -0.000000 3.682000 -0.000004 0.000000 1.000000 0.000000 0.000000 0.000000 0.000000 1.000000
1.000000 0.000000 0.000003 0.000000 -0.000000 1.000000 0.000000 3.682000 -0.000003 -0.000000 1.000000 0.000000 0.000000 0.000000 0.000000 1.000000
1.000000 -0.000000 0.000003 0.000000 0.000000 1.000000 0.000000 3.682000 -0.000003 -0.000000 1.000000 -0.000000 0.000000 0.000000 0.000000 1.000000
1.000000 -0.000000 0.000004 -0.000000 0.000000 1.000000 0.000000 3.682000 -0.000004 -0.000000 1.000000 -0.000000 0.000000 0.000000 0.000000 1.000000
1.000000 0.000000 0.000003 -0.000000 -0.000000 1.000000 0.000000 3.682000 -0.000003 -0.000000 1.000000 0.000000 0.000000 0.000000 0.000000 1.000000
1.000000 -0.000000 0.000003 0.000000 0.000000 1.000000 0.000000 3.682000 -0.000003 -0.000000 1.000000 0.000000 0.000000 0.000000 0.000000 1.000000
1.000000 0.000000 0.000003 0.000000 -0.000000 1.000000 0.000000 3.682000 -0.000003 -0.000000 1.000000 -0.000000 0.000000 0.000000 0.000000 1.000000
1.000000 0.000000 0.000004 0.000000 -0.000000 1.000000 0.000000 3.682000 -0.000004 -0.000000 1.000000 -0.000000 0.000000 0.000000 0.000000 1.000000
1.000000 -0.000000 0.000003 0.000000 0.000000 1.000000 -0.000000 3.682000 -0.000003 0.000000 1.000000 -0.000000 0.000000 0.000000 0.000000 1.000000
1.000000 0.000000 0.000004 0.000000 -0.000000 1.000000 -0.000000 3.682000 -0.000004 0.000000 1.000000 -0.000000 0.000000 0.000000 0.000000 1.000000
1.000000 0.000000 0.000003 -0.000000 -0.000000 1.000000 0.000000 3.682000 -0.000003 -0.000000 1.000000 0.000000 0.000000 0.000000 0.000000 1.000000
1.000000 -0.000000 0.000003 -0.000000 0.000000 1.000000 -0.000000 3.682000 -0.000003 0.000000 1.000000 0.000000 0.000000 0.000000 0.000000 1.000000
1.000000 0.000000 0.000003 -0.000000 -0.000000 1.000000 0.000000 3.682000 -0.000003 -0.000000 1.000000 0.000000 0.000000 0.000000 0.000000 1.000000
1.000000 0.000000 0.000003 -0.000000 -0.000000 1.000000 0.000000 3.682000 -0.000003 -0.000000 1.000000 0.000000 0.000000 0.000000 0.000000 1.000000
1.000000 0.000000 0.000004 0.000000 -0.000000 1.000000 -0.000000 3.682000 -0.000004 0.000000 1.000000 0.000000 0.000000 0.000000 0.000000 1.000000
1.000000 -0.000000 0.000003 0.000000 0.000000 1.000000 0.000000 3.682000 -0.000003 -0.000000 1.000000 -0.000000 0.000000 0.000000 0.000000 1.000000
1.000000 0.000000 0.000003 0.000000 -0.000000 1.000000 0.000000 3.682000 -0.000003 -0.000000 1.000000 0.000000 0.000000 0.000000 0.000000 1.000000
1.000000 -0.000000 0.000004 -0.000000 0.000000 1.000000 0.000000 3.682000 -0.000004 -0.000000 1.000000 -0.000000 0.000000 0.000000 0.000000 1.000000
1.000000 -0.000000 0.000004 0.000000 0.000000 1.000000 0.000000 3.682000 -0.000004 -0.000000 1.000000 -0.000000 0.000000 0.000000 0.000000 1.000000
1.000000 0.000000 0.000003 0.000000 -0.000000 1.000000 0.000000 3.682000 -0.000003 -0.000000 1.000000 0.000000 0.000000 0.000000 0.000000 1.000000
1.000000 -0.000000 0.000004 -0.000000 0.000000 1.000000 -0.000000 3.682000 -0.000004 0.000000 1.000000 0.000000 0.000000 0.000000 0.000000 1.000000
1.000000 -0.000000 0.000004 0.000000 0.000000 1.000000 0.000000 3.682000 -0.000004 -0.000000 1.000000 0.000000 0.000000 0.000000 0.000000 1.000000
1.000000 0.000000 0.000003 0.000000 -0.000000 1.000000 0.000000 3.682000 -0.000003 -0.000000 1.000000 0.000000 0.000000 0.000000 0.000000 1.000000
1.000000 0.000000 0.000003 -0.000000 -0.000000 1.000000 0.000000 3.682000 -0.000003 -0.000000 1.000000 0.000000 0.000000 0.000000 0.000000 1.000000
1.000000 0.000000 0.000004 0.000000 -0.000000 1.000000 -0.000000 3.682000 -0.000004 0.000000 1.000000 0.000000 0.000000 0.000000 0.000000 1.000000
1.000000 -0.000000 0.000004 -0.000000 0.000000 1.000000 0.000000 3.682000 -0.000004 -0.000000 1.000000 -0.000000 0.000000 0.000000 0.000000 1.000000
1.000000 -0.000000 0.000004 0.000000 0.000000 1.000000 0.000000 3.682000 -0.000004 -0.000000 1.000000 0.000000 0.000000 0.000000 0.000000 1.000000
1.000000 -0.000000 0.000003 0.000000 0.000000 1.000000 0.000000 3.682000 -0.000003 -0.000000 1.000000 -0.000000 0.000000 0.000000 0.000000 1.000000
1.000000 -0.000000 0.000003 -0.000000 0.000000 1.000000 -0.000000 3.682000 -0.000003 0.000000 1.000000 0.000000 0.000000 0.000000 0.000000 1.000000
1.000000 -0.000000 0.000004 -0.000000 0.000000 1.000000 0.000000 3.682000 -0.000004 -0.000000 1.000000 0.000000 0.000000 0.000000 0.000000 1.000000
1.000000 0.000000 0.000004 0.000000 -0.000000 1.000000 -0.000000 3.682000 -0.000004 0.000000 1.000000 0.000000 0.000000 0.000000 0.000000 1.000000
1.000000 -0.000000 0.000003 -0.000000 0.000000 1.000000 0.000000 3.682000 -0.000003 -0.000000 1.000000 0.000000 0.000000 0.000000 0.000000 1.000000
1.000000 0.000000 0.000003 -0.000000 -0.000000 1.000000 0.000000 3.682000 -0.000003 -0.000000 1.000000 0.000000 0.000000 0.000000 0.000000 1.000000
1.000000 -0.000000 0.000003 0.000000 0.000000 1.000000 -0.000000 3.682000 -0.000003 0.000000 1.000000 0.000000 0.000000 0.000000 0.000000 1.000000
1.000000 -0.000000 0.000004 0.000000 0.000000 1.000000 -0.000000 3.682000 -0.000004 0.000000 1.000000 0.000000 0.000000 0.000000 0.000000 1.000000
1.000000 0.000000 0.000004 -0.000000 -0.000000 1.000000 0.000000 3.682000 -0.000004 -0.000000 1.000000 0.000000 0.000000 0.000000 0.000000 1.000000
1.000000 -0.000000 0.000004 0.000000 0.000000 1.000000 -0.000000 3.682000 -0.000004 0.000000 1.000000 0.000000 0.000000 0.000000 0.000000 1.000000
1.000000 0.000000 0.000003 0.000000 -0.000000 1.000000 0.000000 3.682000 -0.000003 -0.000000 1.000000 -0.000000 0.000000 0.000000 0.000000 1.000000
1.000000 0.000000 0.000003 0.000000 -0.000000 1.000000 0.000000 3.682000 -0.000003 -0.000000 1.000000 0.000000 0.000000 0.000000 0.000000 1.000000
1.000000 0.000000 0.000004 0.000000 -0.000000 1.000000 -0.000000 3.682000 -0.000004 0.000000 1.000000 -0.000000 0.000000 0.000000 0.000000 1.000000
1.000000 0.000000 0.000004 0.000000 -0.000000 1.000000 0.000000 3.682000 -0.000004 -0.000000 1.000000 0.000000 0.000000 0.000000 0.000000 1.000000
1.000000 -0.000000 0.000003 0.000000 0.000000 1.000000 -0.000000 3.682000 -0.000003 0.000000 1.000000 0.000000 0.000000 0.000000 0.000000 1.000000
1.000000 0.000000 0.000004 0.000000 -0.000000 1.000000 0.000000 3.682000 -0.000004 -0.000000 1.000000 -0.000000 0.000000 0.000000 0.000000 1.000000
1.000000 0.000000 0.000004 -0.000000 -0.000000 1.000000 0.000000 3.682000 -0.000004 -0.000000 1.000000 -0.000000 0.000000 0.000000 0.000000 1.000000
1.000000 0.000000 0.000003 -0.000000 -0.000000 1.000000 -0.000000 3.682000 -0.000003 0.000000 1.000000 0.000000 0.000000 0.000000 0.000000 1.000000
1.000000 0.000000 0.000004 -0.000000 -0.000000 1.000000 0.000000 3.682000 -0.000004 -0.000000 1.000000 0.000000 0.000000 0.000000 0.000000 1.000000
1.000000 0.000000 0.000003 0.000000 -0.000000 1.000000 0.000000 3.682000 -0.000003 -0.000000 1.000000 -0.000000 0.000000 0.000000 0.000000 1.000000
1.000000 0.000000 0.000003 0.000000 -0.000000 1.000000 -0.000000 3.682000 -0.000003 0.000000 1.000000 0.000000 0.000000 0.000000 0.000000 1.000000
1.000000 -0.000000 0.000003 0.000000 0.000000 1.000000 -0.000000 3.682000 -0.000003 0.000000 1.000000 0.000000 0.000000 0.000000 0.000000 1.000000
1.000000 0.000000 0.000004 0.000000 -0.000000 1.000000 -0.000000 3.682000 -0.000004 0.000000 1.000000 -0.000000 0.000000 0.000000 0.000000 1.000000
1.000000 -0.000000 0.000004 -0.000000 0.000000 1.000000 -0.000000 3.682000 -0.000004 0.000000 1.000000 0.000000 0.000000 0.000000 0.000000 1.000000
1.000000 0.000000 0.000003 0.000000 -0.000000 1.000000 -0.000000 3.682000 -0.000003 0.000000 1.000000 0.000000 0.000000 0.000000 0.000000 1.000000
1.000000 -0.000000 0.000004 0.000000 0.000000 1.000000 -0.000000 3.682000 -0.000004 0.000000 1.000000 -0.000000 0.000000 0.000000 0.000000 1.000000
1.000000 -0.000000 0.000004 0.000000 0.000000 1.000000 -0.000000 3.682000 -0.000004 0.000000 1.000000 0.000000 0.000000 0.000000 0.000000 1.000000
1.000000 0.000000 0.000004 0.000000 -0.000000 1.000000 0.000000 3.682000 -0.000004 -0.000000 1.000000 -0.000000 0.000000 0.000000 0.000000 1.000000
1.000000 0.000000 0.000003 0.000000 -0.000000 1.000000 0.000000 3.682000 -0.000003 -0.000000 1.000000 -0.000000 0.000000 0.000000 0.000000 1.000000
1.000000 -0.000000 0.000003 0.000000 0.000000 1.000000 0.000000 3.682000 -0.000003 -0.000000 1.000000 0.000000 0.000000 0.000000 0.000000 1.000000
1.000000 0.000000 0.000003 0.000000 -0.000000 1.000000 0.000000 3.682000 -0.000003 -0.000000 1.000000 0.000000 0.000000 0.000000 0.000000 1.000000</float_array>
        <technique_common>
          <accessor source="#mixamorig_LeftHandMiddle3-Matrix-animation-output-transform-array" count="71" stride="16">
            <param type="float4x4"/>
          </accessor>
        </technique_common>
      </source>
      <source id="mixamorig_LeftHandMiddle3-Interpolations">
        <Name_array id="mixamorig_LeftHandMiddle3-Interpolations-array" count="71">
 LINEAR LINEAR LINEAR LINEAR LINEAR LINEAR LINEAR LINEAR LINEAR LINEAR LINEAR
LINEAR LINEAR LINEAR LINEAR LINEAR LINEAR LINEAR LINEAR LINEAR LINEAR LINEAR LINEAR
LINEAR LINEAR LINEAR LINEAR LINEAR LINEAR LINEAR LINEAR LINEAR LINEAR LINEAR LINEAR
LINEAR LINEAR LINEAR LINEAR LINEAR LINEAR LINEAR LINEAR LINEAR LINEAR LINEAR LINEAR
LINEAR LINEAR LINEAR LINEAR LINEAR LINEAR LINEAR LINEAR LINEAR LINEAR LINEAR LINEAR
LINEAR LINEAR LINEAR LINEAR LINEAR LINEAR LINEAR LINEAR LINEAR LINEAR LINEAR LINEAR</Name_array>
        <technique_common>
          <accessor source="#mixamorig_LeftHandMiddle3-Interpolations-array" count="71">
            <param type="name"/>
          </accessor>
        </technique_common>
      </source>
      <sampler id="mixamorig_LeftHandMiddle3-Matrix-animation-transform">
        <input semantic="INPUT" source="#mixamorig_LeftHandMiddle3-Matrix-animation-input"/>
        <input semantic="OUTPUT" source="#mixamorig_LeftHandMiddle3-Matrix-animation-output-transform"/>
        <input semantic="INTERPOLATION" source="#mixamorig_LeftHandMiddle3-Interpolations"/>
      </sampler>
      <channel source="#mixamorig_LeftHandMiddle3-Matrix-animation-transform" target="mixamorig_LeftHandMiddle3/matrix"/>
    </animation>
    <animation id="mixamorig_LeftHandRing1-anim" name="mixamorig_LeftHandRing1">
      <source id="mixamorig_LeftHandRing1-Matrix-animation-input">
        <float_array id="mixamorig_LeftHandRing1-Matrix-animation-input-array" count="71">

0.000000 0.033333 0.066667 0.100000 0.133333 0.166667 0.200000 0.233333 0.266667 0.300000 0.333333 0.366667 0.400000 0.433333 0.466667 0.500000
0.533333 0.566667 0.600000 0.633333 0.666667 0.700000 0.733333 0.766667 0.800000 0.833333 0.866667 0.900000 0.933333 0.966667 1.000000 1.033333
1.066667 1.100000 1.133333 1.166667 1.200000 1.233333 1.266667 1.300000 1.333333 1.366667 1.400000 1.433333 1.466667 1.500000 1.533333 1.566667
1.600000 1.633333 1.666667 1.700000 1.733333 1.766667 1.800000 1.833333 1.866667 1.900000 1.933333 1.966667 2.000000 2.033333 2.066667 2.100000
2.133333 2.166667 2.200000 2.233333 2.266667 2.300000 2.333333</float_array>
        <technique_common>
          <accessor source="#mixamorig_LeftHandRing1-Matrix-animation-input-array" count="71">
            <param name="TIME" type="float"/>
          </accessor>
        </technique_common>
      </source>
      <source id="mixamorig_LeftHandRing1-Matrix-animation-output-transform">
        <float_array id="mixamorig_LeftHandRing1-Matrix-animation-output-transform-array" count="1136">

0.956815 -0.203377 -0.207707 2.376900 -0.131573 0.334154 -0.933290 10.240700 0.259216 0.920315 0.292965 0.081300 0.000000 0.000000 0.000000 1.000000
0.956825 -0.203222 -0.207815 2.376900 -0.131589 0.334644 -0.933112 10.240700 0.259173 0.920171 0.293454 0.081300 0.000000 0.000000 0.000000 1.000000
0.956818 -0.203336 -0.207736 2.376900 -0.131577 0.334286 -0.933242 10.240700 0.259205 0.920276 0.293096 0.081300 0.000000 0.000000 0.000000 1.000000
0.956830 -0.203136 -0.207875 2.376900 -0.131597 0.334917 -0.933013 10.240700 0.259150 0.920091 0.293726 0.081300 0.000000 0.000000 0.000000 1.000000
0.956821 -0.203281 -0.207774 2.376900 -0.131583 0.334458 -0.933179 10.240700 0.259189 0.920225 0.293268 0.081300 0.000000 0.000000 0.000000 1.000000
0.956829 -0.203148 -0.207866 2.376900 -0.131596 0.334878 -0.933027 10.240700 0.259153 0.920102 0.293687 0.081300 0.000000 0.000000 0.000000 1.000000
0.956819 -0.203314 -0.207751 2.376900 -0.131580 0.334353 -0.933218 10.240700 0.259199 0.920256 0.293163 0.081300 0.000000 0.000000 0.000000 1.000000
0.956857 -0.203108 -0.207777 2.376900 -0.131339 0.335527 -0.932830 10.240700 0.259180 0.919874 0.294376 0.081300 0.000000 0.000000 0.000000 1.000000
0.956861 -0.203089 -0.207780 2.376900 -0.131318 0.335631 -0.932795 10.240700 0.259178 0.919840 0.294483 0.081300 0.000000 0.000000 0.000000 1.000000
0.956958 -0.202562 -0.207847 2.376900 -0.130702 0.338634 -0.931796 10.240700 0.259130 0.918856 0.297584 0.081300 0.000000 0.000000 0.000000 1.000000
0.956968 -0.202507 -0.207854 2.376900 -0.130638 0.338944 -0.931692 10.240700 0.259125 0.918753 0.297904 0.081300 0.000000 0.000000 0.000000 1.000000
0.957008 -0.202290 -0.207881 2.376900 -0.130385 0.340182 -0.931276 10.240700 0.259106 0.918343 0.299182 0.081300 0.000000 0.000000 0.000000 1.000000
0.956989 -0.202392 -0.207868 2.376900 -0.130504 0.339601 -0.931472 10.240700 0.259115 0.918536 0.298582 0.081300 0.000000 0.000000 0.000000 1.000000
0.956982 -0.202432 -0.207863 2.376900 -0.130551 0.339373 -0.931548 10.240700 0.259119 0.918611 0.298346 0.081300 0.000000 0.000000 0.000000 1.000000
0.957020 -0.202223 -0.207890 2.376900 -0.130306 0.340568 -0.931147 10.240700 0.259099 0.918215 0.299580 0.081300 0.000000 0.000000 0.000000 1.000000
0.957035 -0.202144 -0.207900 2.376900 -0.130214 0.341016 -0.930995 10.240700 0.259092 0.918066 0.300042 0.081300 0.000000 0.000000 0.000000 1.000000
0.957050 -0.202070 -0.207900 2.376900 -0.130108 0.341476 -0.930842 10.240700 0.259089 0.917912 0.300519 0.081300 0.000000 0.000000 0.000000 1.000000
0.957059 -0.201979 -0.207947 2.376900 -0.130080 0.341840 -0.930712 10.240700 0.259069 0.917796 0.300887 0.081300 0.000000 0.000000 0.000000 1.000000
0.957042 -0.202106 -0.207901 2.376900 -0.130162 0.341248 -0.930917 10.240700 0.259090 0.917988 0.300283 0.081300 0.000000 0.000000 0.000000 1.000000
0.957135 -0.201603 -0.207963 2.376900 -0.129569 0.344132 -0.929938 10.240700 0.259045 0.917022 0.303259 0.081300 0.000000 0.000000 0.000000 1.000000
0.957084 -0.201887 -0.207924 2.376900 -0.129896 0.342518 -0.930488 10.240700 0.259072 0.917563 0.301594 0.081300 0.000000 0.000000 0.000000 1.000000
0.957067 -0.201855 -0.208032 2.376900 -0.130089 0.342238 -0.930564 10.240700 0.259035 0.917675 0.301285 0.081300 0.000000 0.000000 0.000000 1.000000
0.957066 -0.201785 -0.208106 2.376900 -0.130156 0.342340 -0.930518 10.240700 0.259008 0.917653 0.301378 0.081300 0.000000 0.000000 0.000000 1.000000
0.957053 -0.202056 -0.207899 2.376900 -0.130084 0.341573 -0.930809 10.240700 0.259088 0.917879 0.300620 0.081300 0.000000 0.000000 0.000000 1.000000
0.957099 -0.201809 -0.207931 2.376900 -0.129795 0.342986 -0.930330 10.240700 0.259066 0.917406 0.302078 0.081300 0.000000 0.000000 0.000000 1.000000
0.957094 -0.201856 -0.207908 2.376900 -0.129813 0.342789 -0.930400 10.240700 0.259076 0.917469 0.301877 0.081300 0.000000 0.000000 0.000000 1.000000
0.957087 -0.201873 -0.207923 2.376900 -0.129872 0.342612 -0.930457 10.240700 0.259071 0.917531 0.301692 0.081300 0.000000 0.000000 0.000000 1.000000
0.957139 -0.201589 -0.207960 2.376900 -0.129541 0.344235 -0.929904 10.240700 0.259046 0.916987 0.303366 0.081300 0.000000 0.000000 0.000000 1.000000
0.957068 -0.201976 -0.207912 2.376900 -0.129996 0.342020 -0.930657 10.240700 0.259080 0.917730 0.301081 0.081300 0.000000 0.000000 0.000000 1.000000
0.957071 -0.201959 -0.207915 2.376900 -0.129979 0.342110 -0.930627 10.240700 0.259078 0.917700 0.301173 0.081300 0.000000 0.000000 0.000000 1.000000
0.957095 -0.201826 -0.207933 2.376900 -0.129826 0.342864 -0.930371 10.240700 0.259066 0.917448 0.301951 0.081300 0.000000 0.000000 0.000000 1.000000
0.957087 -0.201937 -0.207862 2.376900 -0.129829 0.342484 -0.930510 10.240700 0.259094 0.917565 0.301569 0.081300 0.000000 0.000000 0.000000 1.000000
0.957093 -0.201720 -0.208045 2.376900 -0.129923 0.343024 -0.930298 10.240700 0.259024 0.917411 0.302097 0.081300 0.000000 0.000000 0.000000 1.000000
0.957089 -0.201851 -0.207934 2.376900 -0.129865 0.342701 -0.930425 10.240700 0.259067 0.917503 0.301782 0.081300 0.000000 0.000000 0.000000 1.000000
0.957161 -0.201459 -0.207985 2.376900 -0.129409 0.344936 -0.929662 10.240700 0.259030 0.916751 0.304089 0.081300 0.000000 0.000000 0.000000 1.000000
0.957235 -0.201052 -0.208039 2.376900 -0.128936 0.347261 -0.928862 10.240700 0.258993 0.915963 0.306487 0.081300 0.000000 0.000000 0.000000 1.000000
0.957240 -0.201022 -0.208044 2.376900 -0.128906 0.347420 -0.928807 10.240700 0.258990 0.915909 0.306651 0.081300 0.000000 0.000000 0.000000 1.000000
0.957197 -0.201253 -0.208017 2.376900 -0.129181 0.346089 -0.929266 10.240700 0.259010 0.916362 0.305277 0.081300 0.000000 0.000000 0.000000 1.000000
0.957163 -0.201434 -0.207996 2.376900 -0.129398 0.345042 -0.929625 10.240700 0.259026 0.916717 0.304196 0.081300 0.000000 0.000000 0.000000 1.000000
0.957139 -0.201563 -0.207982 2.376900 -0.129554 0.344297 -0.929879 10.240700 0.259037 0.916969 0.303427 0.081300 0.000000 0.000000 0.000000 1.000000
0.957091 -0.201825 -0.207951 2.376900 -0.129865 0.342790 -0.930392 10.240700 0.259060 0.917476 0.301871 0.081300 0.000000 0.000000 0.000000 1.000000
0.957079 -0.201884 -0.207946 2.376900 -0.129941 0.342436 -0.930512 10.240700 0.259064 0.917595 0.301505 0.081300 0.000000 0.000000 0.000000 1.000000
0.957099 -0.201777 -0.207962 2.376900 -0.129819 0.343043 -0.930305 10.240700 0.259054 0.917392 0.302132 0.081300 0.000000 0.000000 0.000000 1.000000
0.957141 -0.201543 -0.207994 2.376900 -0.129550 0.344369 -0.929853 10.240700 0.259032 0.916946 0.303500 0.081300 0.000000 0.000000 0.000000 1.000000
0.957147 -0.201453 -0.208051 2.376900 -0.129550 0.344673 -0.929740 10.240700 0.259009 0.916852 0.303805 0.081300 0.000000 0.000000 0.000000 1.000000
0.957131 -0.201569 -0.208013 2.376900 -0.129633 0.344117 -0.929935 10.240700 0.259027 0.917035 0.303235 0.081300 0.000000 0.000000 0.000000 1.000000
0.957126 -0.201618 -0.207991 2.376900 -0.129654 0.343910 -0.930009 10.240700 0.259037 0.917102 0.303024 0.081300 0.000000 0.000000 0.000000 1.000000
0.957160 -0.201427 -0.208018 2.376900 -0.129436 0.344990 -0.929639 10.240700 0.259018 0.916738 0.304139 0.081300 0.000000 0.000000 0.000000 1.000000
0.957084 -0.201839 -0.207968 2.376900 -0.129923 0.342625 -0.930445 10.240700 0.259055 0.917534 0.301697 0.081300 0.000000 0.000000 0.000000 1.000000
0.957097 -0.201769 -0.207979 2.376900 -0.129847 0.343013 -0.930313 10.240700 0.259048 0.917405 0.302097 0.081300 0.000000 0.000000 0.000000 1.000000
0.957051 -0.202018 -0.207949 2.376900 -0.130141 0.341587 -0.930796 10.240700 0.259070 0.917882 0.300625 0.081300 0.000000 0.000000 0.000000 1.000000
0.957041 -0.202067 -0.207945 2.376900 -0.130205 0.341292 -0.930896 10.240700 0.259073 0.917981 0.300320 0.081300 0.000000 0.000000 0.000000 1.000000
0.956978 -0.202410 -0.207904 2.376900 -0.130609 0.339332 -0.931555 10.240700 0.259104 0.918632 0.298296 0.081300 0.000000 0.000000 0.000000 1.000000
0.957005 -0.202260 -0.207925 2.376900 -0.130439 0.340174 -0.931272 10.240700 0.259090 0.918353 0.299165 0.081300 0.000000 0.000000 0.000000 1.000000
0.956997 -0.202393 -0.207830 2.376900 -0.130420 0.339767 -0.931423 10.240700 0.259127 0.918475 0.298760 0.081300 0.000000 0.000000 0.000000 1.000000
0.957006 -0.202196 -0.207980 2.376900 -0.130469 0.340329 -0.931211 10.240700 0.259069 0.918310 0.299316 0.081300 0.000000 0.000000 0.000000 1.000000
0.957000 -0.202282 -0.207926 2.376900 -0.130472 0.340035 -0.931318 10.240700 0.259091 0.918400 0.299022 0.081300 0.000000 0.000000 0.000000 1.000000
0.957035 -0.202091 -0.207950 2.376900 -0.130250 0.341121 -0.930952 10.240700 0.259073 0.918039 0.300142 0.081300 0.000000 0.000000 0.000000 1.000000
0.957018 -0.202185 -0.207938 2.376900 -0.130360 0.340585 -0.931133 10.240700 0.259082 0.918217 0.299589 0.081300 0.000000 0.000000 0.000000 1.000000
0.956990 -0.202335 -0.207919 2.376900 -0.130535 0.339732 -0.931420 10.240700 0.259096 0.918500 0.298708 0.081300 0.000000 0.000000 0.000000 1.000000
0.956930 -0.202661 -0.207878 2.376900 -0.130915 0.337876 -0.932041 10.240700 0.259125 0.919113 0.296792 0.081300 0.000000 0.000000 0.000000 1.000000
0.956942 -0.202598 -0.207886 2.376900 -0.130842 0.338233 -0.931922 10.240700 0.259119 0.918995 0.297161 0.081300 0.000000 0.000000 0.000000 1.000000
0.956905 -0.202799 -0.207860 2.376900 -0.131077 0.337087 -0.932304 10.240700 0.259138 0.919372 0.295978 0.081300 0.000000 0.000000 0.000000 1.000000
0.956892 -0.202858 -0.207861 2.376900 -0.131163 0.336717 -0.932426 10.240700 0.259140 0.919494 0.295595 0.081300 0.000000 0.000000 0.000000 1.000000
0.956875 -0.202961 -0.207840 2.376900 -0.131265 0.336166 -0.932610 10.240700 0.259152 0.919673 0.295027 0.081300 0.000000 0.000000 0.000000 1.000000
0.956854 -0.203075 -0.207825 2.376900 -0.131399 0.335519 -0.932825 10.240700 0.259163 0.919885 0.294359 0.081300 0.000000 0.000000 0.000000 1.000000
0.956794 -0.203401 -0.207784 2.376900 -0.131778 0.333667 -0.933435 10.240700 0.259192 0.920486 0.292447 0.081300 0.000000 0.000000 0.000000 1.000000
0.956809 -0.203144 -0.207963 2.376900 -0.131804 0.334478 -0.933141 10.240700 0.259121 0.920248 0.293257 0.081300 0.000000 0.000000 0.000000 1.000000
0.956808 -0.203165 -0.207949 2.376900 -0.131802 0.334413 -0.933165 10.240700 0.259127 0.920267 0.293191 0.081300 0.000000 0.000000 0.000000 1.000000
0.956802 -0.203267 -0.207878 2.376900 -0.131792 0.334092 -0.933281 10.240700 0.259155 0.920361 0.292871 0.081300 0.000000 0.000000 0.000000 1.000000
0.956802 -0.203271 -0.207875 2.376900 -0.131791 0.334080 -0.933285 10.240700 0.259156 0.920365 0.292859 0.081300 0.000000 0.000000 0.000000 1.000000</float_array>
        <technique_common>
          <accessor source="#mixamorig_LeftHandRing1-Matrix-animation-output-transform-array" count="71" stride="16">
            <param type="float4x4"/>
          </accessor>
        </technique_common>
      </source>
      <source id="mixamorig_LeftHandRing1-Interpolations">
        <Name_array id="mixamorig_LeftHandRing1-Interpolations-array" count="71">
 LINEAR LINEAR LINEAR LINEAR LINEAR LINEAR LINEAR LINEAR LINEAR LINEAR LINEAR
LINEAR LINEAR LINEAR LINEAR LINEAR LINEAR LINEAR LINEAR LINEAR LINEAR LINEAR LINEAR
LINEAR LINEAR LINEAR LINEAR LINEAR LINEAR LINEAR LINEAR LINEAR LINEAR LINEAR LINEAR
LINEAR LINEAR LINEAR LINEAR LINEAR LINEAR LINEAR LINEAR LINEAR LINEAR LINEAR LINEAR
LINEAR LINEAR LINEAR LINEAR LINEAR LINEAR LINEAR LINEAR LINEAR LINEAR LINEAR LINEAR
LINEAR LINEAR LINEAR LINEAR LINEAR LINEAR LINEAR LINEAR LINEAR LINEAR LINEAR LINEAR</Name_array>
        <technique_common>
          <accessor source="#mixamorig_LeftHandRing1-Interpolations-array" count="71">
            <param type="name"/>
          </accessor>
        </technique_common>
      </source>
      <sampler id="mixamorig_LeftHandRing1-Matrix-animation-transform">
        <input semantic="INPUT" source="#mixamorig_LeftHandRing1-Matrix-animation-input"/>
        <input semantic="OUTPUT" source="#mixamorig_LeftHandRing1-Matrix-animation-output-transform"/>
        <input semantic="INTERPOLATION" source="#mixamorig_LeftHandRing1-Interpolations"/>
      </sampler>
      <channel source="#mixamorig_LeftHandRing1-Matrix-animation-transform" target="mixamorig_LeftHandRing1/matrix"/>
    </animation>
    <animation id="mixamorig_LeftHandRing2-anim" name="mixamorig_LeftHandRing2">
      <source id="mixamorig_LeftHandRing2-Matrix-animation-input">
        <float_array id="mixamorig_LeftHandRing2-Matrix-animation-input-array" count="71">

0.000000 0.033333 0.066667 0.100000 0.133333 0.166667 0.200000 0.233333 0.266667 0.300000 0.333333 0.366667 0.400000 0.433333 0.466667 0.500000
0.533333 0.566667 0.600000 0.633333 0.666667 0.700000 0.733333 0.766667 0.800000 0.833333 0.866667 0.900000 0.933333 0.966667 1.000000 1.033333
1.066667 1.100000 1.133333 1.166667 1.200000 1.233333 1.266667 1.300000 1.333333 1.366667 1.400000 1.433333 1.466667 1.500000 1.533333 1.566667
1.600000 1.633333 1.666667 1.700000 1.733333 1.766667 1.800000 1.833333 1.866667 1.900000 1.933333 1.966667 2.000000 2.033333 2.066667 2.100000
2.133333 2.166667 2.200000 2.233333 2.266667 2.300000 2.333333</float_array>
        <technique_common>
          <accessor source="#mixamorig_LeftHandRing2-Matrix-animation-input-array" count="71">
            <param name="TIME" type="float"/>
          </accessor>
        </technique_common>
      </source>
      <source id="mixamorig_LeftHandRing2-Matrix-animation-output-transform">
        <float_array id="mixamorig_LeftHandRing2-Matrix-animation-output-transform-array" count="1136">

0.990839 0.063396 0.119245 0.000000 0.008374 0.852431 -0.522773 5.418900 -0.134790 0.518982 0.844091 -0.000000 0.000000 0.000000 0.000000 1.000000
0.990838 0.063389 0.119258 0.000000 0.008358 0.852541 -0.522593 5.418900 -0.134799 0.518801 0.844200 0.000000 0.000000 0.000000 0.000000 1.000000
0.990837 0.063385 0.119266 0.000000 0.008349 0.852606 -0.522487 5.418900 -0.134805 0.518695 0.844265 0.000000 0.000000 0.000000 0.000000 1.000000
0.990837 0.063387 0.119262 0.000000 0.008354 0.852573 -0.522541 5.418900 -0.134802 0.518750 0.844232 -0.000000 0.000000 0.000000 0.000000 1.000000
0.990835 0.063373 0.119289 0.000000 0.008321 0.852801 -0.522170 5.418900 -0.134822 0.518377 0.844457 0.000000 0.000000 0.000000 0.000000 1.000000
0.990835 0.063371 0.119292 0.000000 0.008319 0.852821 -0.522137 5.418900 -0.134823 0.518344 0.844477 -0.000000 0.000000 0.000000 0.000000 1.000000
0.990837 0.063385 0.119266 -0.000000 0.008349 0.852605 -0.522490 5.418900 -0.134805 0.518698 0.844263 0.000000 0.000000 0.000000 0.000000 1.000000
0.990835 0.063374 0.119287 -0.000000 0.008325 0.852776 -0.522211 5.418900 -0.134819 0.518418 0.844433 0.000000 0.000000 0.000000 0.000000 1.000000
0.990835 0.063371 0.119294 0.000000 0.008317 0.852833 -0.522118 5.418900 -0.134824 0.518325 0.844489 0.000000 0.000000 0.000000 0.000000 1.000000
0.990835 0.063370 0.119295 0.000000 0.008315 0.852845 -0.522098 5.418900 -0.134825 0.518304 0.844502 -0.000000 0.000000 0.000000 0.000000 1.000000
0.990835 0.063371 0.119294 -0.000000 0.008316 0.852836 -0.522112 5.418900 -0.134825 0.518319 0.844493 -0.000000 0.000000 0.000000 0.000000 1.000000
0.990835 0.063372 0.119291 0.000000 0.008320 0.852813 -0.522151 5.418900 -0.134822 0.518358 0.844469 -0.000000 0.000000 0.000000 0.000000 1.000000
0.990835 0.063375 0.119285 0.000000 0.008326 0.852765 -0.522228 5.418900 -0.134818 0.518435 0.844422 -0.000000 0.000000 0.000000 0.000000 1.000000
0.990837 0.063386 0.119265 -0.000000 0.008350 0.852596 -0.522503 5.418900 -0.134804 0.518711 0.844255 -0.000000 0.000000 0.000000 0.000000 1.000000
0.990840 0.063404 0.119229 -0.000000 0.008393 0.852299 -0.522988 5.418900 -0.134778 0.519198 0.843960 0.000000 0.000000 0.000000 0.000000 1.000000
0.990836 0.063381 0.119274 -0.000000 0.008340 0.852670 -0.522383 5.418900 -0.134810 0.518590 0.844328 0.000000 0.000000 0.000000 0.000000 1.000000
0.990838 0.063391 0.119255 0.000000 0.008363 0.852511 -0.522642 5.418900 -0.134796 0.518851 0.844170 0.000000 0.000000 0.000000 0.000000 1.000000
0.990836 0.063381 0.119273 0.000000 0.008341 0.852665 -0.522391 5.418900 -0.134810 0.518599 0.844323 0.000000 0.000000 0.000000 0.000000 1.000000
0.990831 0.063350 0.119334 0.000000 0.008269 0.853166 -0.521573 5.418900 -0.134853 0.517778 0.844820 0.000000 0.000000 0.000000 0.000000 1.000000
0.990833 0.063360 0.119314 0.000000 0.008294 0.852998 -0.521849 5.418900 -0.134838 0.518054 0.844653 0.000000 0.000000 0.000000 0.000000 1.000000
0.990837 0.063387 0.119261 0.000000 0.008355 0.852567 -0.522551 5.418900 -0.134801 0.518760 0.844226 0.000000 0.000000 0.000000 0.000000 1.000000
0.990838 0.063394 0.119249 0.000000 0.008369 0.852466 -0.522716 5.418900 -0.134793 0.518925 0.844126 0.000000 0.000000 0.000000 0.000000 1.000000
0.990839 0.063395 0.119247 0.000000 0.008371 0.852452 -0.522739 5.418900 -0.134791 0.518949 0.844111 0.000000 0.000000 0.000000 0.000000 1.000000
0.990839 0.063397 0.119243 0.000000 0.008375 0.852421 -0.522790 5.418900 -0.134789 0.518999 0.844080 0.000000 0.000000 0.000000 0.000000 1.000000
0.990839 0.063396 0.119245 0.000000 0.008374 0.852431 -0.522773 5.418900 -0.134789 0.518982 0.844091 0.000000 0.000000 0.000000 0.000000 1.000000
0.990837 0.063385 0.119266 0.000000 0.008349 0.852608 -0.522485 5.418900 -0.134805 0.518693 0.844266 -0.000000 0.000000 0.000000 0.000000 1.000000
0.990836 0.063380 0.119276 0.000000 0.008337 0.852690 -0.522350 5.418900 -0.134812 0.518558 0.844348 0.000000 0.000000 0.000000 0.000000 1.000000
0.990836 0.063381 0.119274 0.000000 0.008339 0.852676 -0.522374 5.418900 -0.134811 0.518582 0.844334 0.000000 0.000000 0.000000 0.000000 1.000000
0.990837 0.063383 0.119269 -0.000000 0.008346 0.852631 -0.522447 5.418900 -0.134807 0.518655 0.844289 0.000000 0.000000 0.000000 0.000000 1.000000
0.990837 0.063386 0.119263 0.000000 0.008353 0.852584 -0.522523 5.418900 -0.134803 0.518732 0.844243 0.000000 0.000000 0.000000 0.000000 1.000000
0.990832 0.063355 0.119323 0.000000 0.008282 0.853080 -0.521715 5.418900 -0.134846 0.517920 0.844734 0.000000 0.000000 0.000000 0.000000 1.000000
0.990836 0.063380 0.119276 0.000000 0.008338 0.852685 -0.522359 5.418900 -0.134811 0.518567 0.844342 0.000000 0.000000 0.000000 0.000000 1.000000
0.990837 0.063378 0.119266 0.000000 0.008361 0.852583 -0.522524 5.418900 -0.134801 0.518734 0.844242 -0.000000 0.000000 0.000000 0.000000 1.000000
0.990835 0.063354 0.119299 0.000000 0.008334 0.852835 -0.522114 5.418900 -0.134820 0.518323 0.844491 0.000000 0.000000 0.000000 0.000000 1.000000
0.990841 0.063381 0.119231 0.000000 0.008426 0.852253 -0.523063 5.418900 -0.134767 0.519277 0.843913 0.000000 0.000000 0.000000 0.000000 1.000000
0.990838 0.063352 0.119274 -0.000000 0.008389 0.852577 -0.522533 5.418900 -0.134793 0.518747 0.844235 -0.000000 0.000000 0.000000 0.000000 1.000000
0.990838 0.063339 0.119284 0.000000 0.008387 0.852646 -0.522422 5.418900 -0.134797 0.518636 0.844302 0.000000 0.000000 0.000000 0.000000 1.000000
0.990843 0.063366 0.119222 0.000000 0.008468 0.852119 -0.523279 5.418900 -0.134750 0.519498 0.843780 -0.000000 0.000000 0.000000 0.000000 1.000000
0.990842 0.063350 0.119247 -0.000000 0.008446 0.852308 -0.522972 5.418900 -0.134765 0.519190 0.843967 0.000000 0.000000 0.000000 0.000000 1.000000
0.990839 0.063336 0.119272 0.000000 0.008418 0.852513 -0.522638 5.418900 -0.134783 0.518855 0.844170 0.000000 0.000000 0.000000 0.000000 1.000000
0.990839 0.063334 0.119277 0.000000 0.008413 0.852551 -0.522576 5.418900 -0.134786 0.518792 0.844208 -0.000000 0.000000 0.000000 0.000000 1.000000
0.990837 0.063326 0.119295 0.000000 0.008389 0.852707 -0.522323 5.418900 -0.134800 0.518538 0.844362 -0.000000 0.000000 0.000000 0.000000 1.000000
0.990834 0.063311 0.119328 0.000000 0.008345 0.852992 -0.521858 5.418900 -0.134825 0.518070 0.844645 -0.000000 0.000000 0.000000 0.000000 1.000000
0.990837 0.063328 0.119300 0.000000 0.008374 0.852764 -0.522229 5.418900 -0.134806 0.518443 0.844419 0.000000 0.000000 0.000000 0.000000 1.000000
0.990833 0.063315 0.119334 0.000000 0.008327 0.853060 -0.521747 5.418900 -0.134833 0.517958 0.844713 0.000000 0.000000 0.000000 0.000000 1.000000
0.990832 0.063311 0.119350 0.000000 0.008300 0.853208 -0.521505 5.418900 -0.134848 0.517714 0.844860 -0.000000 0.000000 0.000000 0.000000 1.000000
0.990834 0.063333 0.119317 -0.000000 0.008331 0.852951 -0.521924 5.418900 -0.134827 0.518134 0.844605 -0.000000 0.000000 0.000000 0.000000 1.000000
0.990836 0.063354 0.119288 0.000000 0.008355 0.852729 -0.522287 5.418900 -0.134809 0.518498 0.844385 -0.000000 0.000000 0.000000 0.000000 1.000000
0.990834 0.063348 0.119311 0.000000 0.008320 0.852931 -0.521958 5.418900 -0.134828 0.518166 0.844586 0.000000 0.000000 0.000000 0.000000 1.000000
0.990836 0.063369 0.119282 0.000000 0.008344 0.852710 -0.522318 5.418900 -0.134811 0.518527 0.844367 0.000000 0.000000 0.000000 0.000000 1.000000
0.990834 0.063364 0.119303 0.000000 0.008309 0.852906 -0.521999 5.418900 -0.134830 0.518206 0.844561 0.000000 0.000000 0.000000 0.000000 1.000000
0.990833 0.063368 0.119304 0.000000 0.008299 0.852933 -0.521954 5.418900 -0.134834 0.518160 0.844589 -0.000000 0.000000 0.000000 0.000000 1.000000
0.990834 0.063378 0.119298 0.000000 0.008295 0.852902 -0.522006 5.418900 -0.134833 0.518210 0.844558 0.000000 0.000000 0.000000 0.000000 1.000000
0.990830 0.063361 0.119341 0.000000 0.008236 0.853272 -0.521400 5.418900 -0.134867 0.517602 0.844926 0.000000 0.000000 0.000000 0.000000 1.000000
0.990829 0.063362 0.119348 0.000000 0.008219 0.853348 -0.521277 5.418900 -0.134875 0.517477 0.845000 0.000000 0.000000 0.000000 0.000000 1.000000
0.990833 0.063393 0.119298 0.000000 0.008271 0.852944 -0.521937 5.418900 -0.134841 0.518139 0.844600 0.000000 0.000000 0.000000 0.000000 1.000000
0.990833 0.063394 0.119295 0.000000 0.008275 0.852921 -0.521974 5.418900 -0.134839 0.518177 0.844578 0.000000 0.000000 0.000000 0.000000 1.000000
0.990838 0.063422 0.119241 0.000000 0.008338 0.852478 -0.522696 5.418900 -0.134801 0.518901 0.844139 0.000000 0.000000 0.000000 0.000000 1.000000
0.990839 0.063431 0.119225 0.000000 0.008356 0.852343 -0.522917 5.418900 -0.134789 0.519123 0.844004 0.000000 0.000000 0.000000 0.000000 1.000000
0.990838 0.063427 0.119233 0.000000 0.008348 0.852406 -0.522814 5.418900 -0.134795 0.519019 0.844067 -0.000000 0.000000 0.000000 0.000000 1.000000
0.990836 0.063415 0.119255 0.000000 0.008321 0.852593 -0.522509 5.418900 -0.134811 0.518713 0.844253 0.000000 0.000000 0.000000 0.000000 1.000000
0.990836 0.063413 0.119259 -0.000000 0.008316 0.852625 -0.522457 5.418900 -0.134814 0.518661 0.844284 -0.000000 0.000000 0.000000 0.000000 1.000000
0.990836 0.063414 0.119256 0.000000 0.008320 0.852602 -0.522495 5.418900 -0.134812 0.518699 0.844261 0.000000 0.000000 0.000000 0.000000 1.000000
0.990834 0.063399 0.119287 0.000000 0.008283 0.852857 -0.522079 5.418900 -0.134834 0.518282 0.844514 0.000000 0.000000 0.000000 0.000000 1.000000
0.990841 0.063440 0.119206 0.000000 0.008378 0.852191 -0.523163 5.418900 -0.134776 0.519370 0.843854 0.000000 0.000000 0.000000 0.000000 1.000000
0.990840 0.063437 0.119213 -0.000000 0.008370 0.852249 -0.523069 5.418900 -0.134781 0.519276 0.843912 0.000000 0.000000 0.000000 0.000000 1.000000
0.990834 0.063401 0.119281 0.000000 0.008290 0.852810 -0.522156 5.418900 -0.134830 0.518359 0.844467 0.000000 0.000000 0.000000 0.000000 1.000000
0.990836 0.063414 0.119255 0.000000 0.008321 0.852594 -0.522508 5.418900 -0.134811 0.518712 0.844253 0.000000 0.000000 0.000000 0.000000 1.000000
0.990834 0.063403 0.119279 0.000000 0.008293 0.852789 -0.522190 5.418900 -0.134828 0.518393 0.844447 0.000000 0.000000 0.000000 0.000000 1.000000
0.990834 0.063402 0.119281 0.000000 0.008290 0.852808 -0.522160 5.418900 -0.134830 0.518362 0.844465 0.000000 0.000000 0.000000 0.000000 1.000000
0.990838 0.063425 0.119235 0.000000 0.008344 0.852429 -0.522776 5.418900 -0.134797 0.518981 0.844090 0.000000 0.000000 0.000000 0.000000 1.000000</float_array>
        <technique_common>
          <accessor source="#mixamorig_LeftHandRing2-Matrix-animation-output-transform-array" count="71" stride="16">
            <param type="float4x4"/>
          </accessor>
        </technique_common>
      </source>
      <source id="mixamorig_LeftHandRing2-Interpolations">
        <Name_array id="mixamorig_LeftHandRing2-Interpolations-array" count="71">
 LINEAR LINEAR LINEAR LINEAR LINEAR LINEAR LINEAR LINEAR LINEAR LINEAR LINEAR
LINEAR LINEAR LINEAR LINEAR LINEAR LINEAR LINEAR LINEAR LINEAR LINEAR LINEAR LINEAR
LINEAR LINEAR LINEAR LINEAR LINEAR LINEAR LINEAR LINEAR LINEAR LINEAR LINEAR LINEAR
LINEAR LINEAR LINEAR LINEAR LINEAR LINEAR LINEAR LINEAR LINEAR LINEAR LINEAR LINEAR
LINEAR LINEAR LINEAR LINEAR LINEAR LINEAR LINEAR LINEAR LINEAR LINEAR LINEAR LINEAR
LINEAR LINEAR LINEAR LINEAR LINEAR LINEAR LINEAR LINEAR LINEAR LINEAR LINEAR LINEAR</Name_array>
        <technique_common>
          <accessor source="#mixamorig_LeftHandRing2-Interpolations-array" count="71">
            <param type="name"/>
          </accessor>
        </technique_common>
      </source>
      <sampler id="mixamorig_LeftHandRing2-Matrix-animation-transform">
        <input semantic="INPUT" source="#mixamorig_LeftHandRing2-Matrix-animation-input"/>
        <input semantic="OUTPUT" source="#mixamorig_LeftHandRing2-Matrix-animation-output-transform"/>
        <input semantic="INTERPOLATION" source="#mixamorig_LeftHandRing2-Interpolations"/>
      </sampler>
      <channel source="#mixamorig_LeftHandRing2-Matrix-animation-transform" target="mixamorig_LeftHandRing2/matrix"/>
    </animation>
    <animation id="mixamorig_LeftHandRing3-anim" name="mixamorig_LeftHandRing3">
      <source id="mixamorig_LeftHandRing3-Matrix-animation-input">
        <float_array id="mixamorig_LeftHandRing3-Matrix-animation-input-array" count="71">

0.000000 0.033333 0.066667 0.100000 0.133333 0.166667 0.200000 0.233333 0.266667 0.300000 0.333333 0.366667 0.400000 0.433333 0.466667 0.500000
0.533333 0.566667 0.600000 0.633333 0.666667 0.700000 0.733333 0.766667 0.800000 0.833333 0.866667 0.900000 0.933333 0.966667 1.000000 1.033333
1.066667 1.100000 1.133333 1.166667 1.200000 1.233333 1.266667 1.300000 1.333333 1.366667 1.400000 1.433333 1.466667 1.500000 1.533333 1.566667
1.600000 1.633333 1.666667 1.700000 1.733333 1.766667 1.800000 1.833333 1.866667 1.900000 1.933333 1.966667 2.000000 2.033333 2.066667 2.100000
2.133333 2.166667 2.200000 2.233333 2.266667 2.300000 2.333333</float_array>
        <technique_common>
          <accessor source="#mixamorig_LeftHandRing3-Matrix-animation-input-array" count="71">
            <param name="TIME" type="float"/>
          </accessor>
        </technique_common>
      </source>
      <source id="mixamorig_LeftHandRing3-Matrix-animation-output-transform">
        <float_array id="mixamorig_LeftHandRing3-Matrix-animation-output-transform-array" count="1136">

1.000000 -0.000000 0.000000 0.000000 0.000000 1.000000 -0.000000 3.727900 -0.000000 0.000000 1.000000 -0.000000 0.000000 0.000000 0.000000 1.000000
1.000000 0.000000 -0.000000 -0.000000 -0.000000 1.000000 -0.000000 3.727900 0.000000 -0.000000 1.000000 0.000000 0.000000 0.000000 0.000000 1.000000
1.000000 0.000000 -0.000000 0.000000 -0.000000 1.000000 0.000000 3.727900 -0.000000 -0.000000 1.000000 0.000000 0.000000 0.000000 0.000000 1.000000
1.000000 -0.000000 0.000000 -0.000000 0.000000 1.000000 0.000000 3.727900 -0.000000 -0.000000 1.000000 0.000000 0.000000 0.000000 0.000000 1.000000
1.000000 -0.000000 -0.000000 0.000000 0.000000 1.000000 0.000000 3.727900 0.000000 0.000000 1.000000 0.000000 0.000000 0.000000 0.000000 1.000000
1.000000 -0.000000 -0.000000 0.000000 0.000000 1.000000 -0.000000 3.727900 0.000000 0.000000 1.000000 0.000000 0.000000 0.000000 0.000000 1.000000
1.000000 -0.000000 -0.000000 0.000000 0.000000 1.000000 0.000000 3.727900 0.000000 -0.000000 1.000000 0.000000 0.000000 0.000000 0.000000 1.000000
1.000000 0.000000 -0.000000 0.000000 0.000000 1.000000 0.000000 3.727900 0.000000 -0.000000 1.000000 -0.000000 0.000000 0.000000 0.000000 1.000000
1.000000 0.000000 0.000000 0.000000 -0.000000 1.000000 -0.000000 3.727900 -0.000000 0.000000 1.000000 -0.000000 0.000000 0.000000 0.000000 1.000000
1.000000 -0.000000 0.000000 0.000000 0.000000 1.000000 0.000000 3.727900 -0.000000 -0.000000 1.000000 -0.000000 0.000000 0.000000 0.000000 1.000000
1.000000 0.000000 -0.000000 0.000000 -0.000000 1.000000 0.000000 3.727900 0.000000 -0.000000 1.000000 0.000000 0.000000 0.000000 0.000000 1.000000
1.000000 0.000000 -0.000000 0.000000 -0.000000 1.000000 0.000000 3.727900 -0.000000 -0.000000 1.000000 0.000000 0.000000 0.000000 0.000000 1.000000
1.000000 0.000000 0.000000 -0.000000 0.000000 1.000000 -0.000000 3.727900 -0.000000 -0.000000 1.000000 0.000000 0.000000 0.000000 0.000000 1.000000
1.000000 -0.000000 0.000000 -0.000000 0.000000 1.000000 0.000000 3.727900 0.000000 -0.000000 1.000000 -0.000000 0.000000 0.000000 0.000000 1.000000
1.000000 -0.000000 -0.000000 0.000000 0.000000 1.000000 0.000000 3.727900 0.000000 -0.000000 1.000000 -0.000000 0.000000 0.000000 0.000000 1.000000
1.000000 0.000000 0.000000 -0.000000 -0.000000 1.000000 -0.000000 3.727900 0.000000 -0.000000 1.000000 0.000000 0.000000 0.000000 0.000000 1.000000
1.000000 -0.000000 0.000000 0.000000 0.000000 1.000000 0.000000 3.727900 -0.000000 -0.000000 1.000000 0.000000 0.000000 0.000000 0.000000 1.000000
1.000000 0.000000 0.000000 0.000000 0.000000 1.000000 0.000000 3.727900 0.000000 -0.000000 1.000000 -0.000000 0.000000 0.000000 0.000000 1.000000
1.000000 0.000000 -0.000000 -0.000000 -0.000000 1.000000 -0.000000 3.727900 0.000000 0.000000 1.000000 0.000000 0.000000 0.000000 0.000000 1.000000
1.000000 0.000000 -0.000000 0.000000 -0.000000 1.000000 -0.000000 3.727900 -0.000000 -0.000000 1.000000 -0.000000 0.000000 0.000000 0.000000 1.000000
1.000000 0.000000 -0.000000 -0.000000 -0.000000 1.000000 -0.000000 3.727900 -0.000000 -0.000000 1.000000 0.000000 0.000000 0.000000 0.000000 1.000000
1.000000 -0.000000 0.000000 -0.000000 0.000000 1.000000 0.000000 3.727900 -0.000000 -0.000000 1.000000 0.000000 0.000000 0.000000 0.000000 1.000000
1.000000 0.000000 -0.000000 -0.000000 0.000000 1.000000 0.000000 3.727900 0.000000 0.000000 1.000000 -0.000000 0.000000 0.000000 0.000000 1.000000
1.000000 -0.000000 0.000000 0.000000 0.000000 1.000000 -0.000000 3.727900 -0.000000 0.000000 1.000000 0.000000 0.000000 0.000000 0.000000 1.000000
1.000000 0.000000 0.000000 0.000000 0.000000 1.000000 0.000000 3.727900 -0.000000 -0.000000 1.000000 0.000000 0.000000 0.000000 0.000000 1.000000
1.000000 0.000000 -0.000000 -0.000000 0.000000 1.000000 0.000000 3.727900 0.000000 0.000000 1.000000 0.000000 0.000000 0.000000 0.000000 1.000000
1.000000 0.000000 -0.000000 0.000000 0.000000 1.000000 -0.000000 3.727900 0.000000 -0.000000 1.000000 -0.000000 0.000000 0.000000 0.000000 1.000000
1.000000 0.000000 -0.000000 0.000000 0.000000 1.000000 0.000000 3.727900 0.000000 0.000000 1.000000 0.000000 0.000000 0.000000 0.000000 1.000000
1.000000 -0.000000 -0.000000 -0.000000 0.000000 1.000000 0.000000 3.727900 0.000000 0.000000 1.000000 0.000000 0.000000 0.000000 0.000000 1.000000
1.000000 -0.000000 -0.000000 0.000000 0.000000 1.000000 0.000000 3.727900 0.000000 -0.000000 1.000000 -0.000000 0.000000 0.000000 0.000000 1.000000
1.000000 0.000000 0.000000 0.000000 0.000000 1.000000 0.000000 3.727900 -0.000000 0.000000 1.000000 0.000000 0.000000 0.000000 0.000000 1.000000
1.000000 0.000000 -0.000000 -0.000000 0.000000 1.000000 -0.000000 3.727900 -0.000000 -0.000000 1.000000 0.000000 0.000000 0.000000 0.000000 1.000000
1.000000 -0.000000 -0.000000 0.000000 0.000000 1.000000 0.000000 3.727900 0.000000 -0.000000 1.000000 0.000000 0.000000 0.000000 0.000000 1.000000
1.000000 0.000000 -0.000000 -0.000000 0.000000 1.000000 0.000000 3.727900 0.000000 0.000000 1.000000 0.000000 0.000000 0.000000 0.000000 1.000000
1.000000 0.000000 -0.000000 0.000000 0.000000 1.000000 -0.000000 3.727900 -0.000000 -0.000000 1.000000 -0.000000 0.000000 0.000000 0.000000 1.000000
1.000000 0.000000 0.000000 0.000000 0.000000 1.000000 0.000000 3.727900 0.000000 0.000000 1.000000 0.000000 0.000000 0.000000 0.000000 1.000000
1.000000 0.000000 -0.000000 0.000000 0.000000 1.000000 -0.000000 3.727900 -0.000000 0.000000 1.000000 -0.000000 0.000000 0.000000 0.000000 1.000000
1.000000 -0.000000 -0.000000 0.000000 0.000000 1.000000 0.000000 3.727900 0.000000 -0.000000 1.000000 0.000000 0.000000 0.000000 0.000000 1.000000
1.000000 -0.000000 0.000000 -0.000000 0.000000 1.000000 -0.000000 3.727900 -0.000000 0.000000 1.000000 0.000000 0.000000 0.000000 0.000000 1.000000
1.000000 -0.000000 -0.000000 0.000000 0.000000 1.000000 0.000000 3.727900 0.000000 -0.000000 1.000000 -0.000000 0.000000 0.000000 0.000000 1.000000
1.000000 -0.000000 0.000000 0.000000 0.000000 1.000000 0.000000 3.727900 -0.000000 -0.000000 1.000000 0.000000 0.000000 0.000000 0.000000 1.000000
1.000000 -0.000000 0.000000 0.000000 0.000000 1.000000 -0.000000 3.727900 0.000000 0.000000 1.000000 0.000000 0.000000 0.000000 0.000000 1.000000
1.000000 0.000000 -0.000000 0.000000 0.000000 1.000000 0.000000 3.727900 0.000000 -0.000000 1.000000 0.000000 0.000000 0.000000 0.000000 1.000000
1.000000 -0.000000 -0.000000 0.000000 0.000000 1.000000 -0.000000 3.727900 0.000000 0.000000 1.000000 0.000000 0.000000 0.000000 0.000000 1.000000
1.000000 0.000000 0.000000 -0.000000 -0.000000 1.000000 0.000000 3.727900 -0.000000 -0.000000 1.000000 0.000000 0.000000 0.000000 0.000000 1.000000
1.000000 -0.000000 0.000000 -0.000000 0.000000 1.000000 0.000000 3.727900 0.000000 -0.000000 1.000000 0.000000 0.000000 0.000000 0.000000 1.000000
1.000000 0.000000 0.000000 -0.000000 -0.000000 1.000000 0.000000 3.727900 -0.000000 -0.000000 1.000000 0.000000 0.000000 0.000000 0.000000 1.000000
1.000000 -0.000000 0.000000 0.000000 0.000000 1.000000 0.000000 3.727900 0.000000 -0.000000 1.000000 0.000000 0.000000 0.000000 0.000000 1.000000
1.000000 -0.000000 0.000000 0.000000 0.000000 1.000000 0.000000 3.727900 -0.000000 -0.000000 1.000000 0.000000 0.000000 0.000000 0.000000 1.000000
1.000000 -0.000000 0.000000 0.000000 0.000000 1.000000 -0.000000 3.727900 -0.000000 -0.000000 1.000000 0.000000 0.000000 0.000000 0.000000 1.000000
1.000000 -0.000000 0.000000 0.000000 0.000000 1.000000 0.000000 3.727900 -0.000000 -0.000000 1.000000 0.000000 0.000000 0.000000 0.000000 1.000000
1.000000 0.000000 -0.000000 0.000000 -0.000000 1.000000 0.000000 3.727900 0.000000 -0.000000 1.000000 0.000000 0.000000 0.000000 0.000000 1.000000
1.000000 0.000000 -0.000000 0.000000 -0.000000 1.000000 0.000000 3.727900 0.000000 -0.000000 1.000000 0.000000 0.000000 0.000000 0.000000 1.000000
1.000000 -0.000000 0.000000 0.000000 0.000000 1.000000 0.000000 3.727900 -0.000000 -0.000000 1.000000 0.000000 0.000000 0.000000 0.000000 1.000000
1.000000 -0.000000 0.000000 0.000000 0.000000 1.000000 -0.000000 3.727900 -0.000000 0.000000 1.000000 0.000000 0.000000 0.000000 0.000000 1.000000
1.000000 -0.000000 -0.000000 0.000000 -0.000000 1.000000 0.000000 3.727900 -0.000000 0.000000 1.000000 0.000000 0.000000 0.000000 0.000000 1.000000
1.000000 0.000000 -0.000000 -0.000000 -0.000000 1.000000 -0.000000 3.727900 0.000000 0.000000 1.000000 0.000000 0.000000 0.000000 0.000000 1.000000
1.000000 -0.000000 -0.000000 0.000000 0.000000 1.000000 -0.000000 3.727900 0.000000 0.000000 1.000000 0.000000 0.000000 0.000000 0.000000 1.000000
1.000000 0.000000 -0.000000 0.000000 0.000000 1.000000 -0.000000 3.727900 0.000000 0.000000 1.000000 0.000000 0.000000 0.000000 0.000000 1.000000
1.000000 -0.000000 0.000000 -0.000000 0.000000 1.000000 -0.000000 3.727900 -0.000000 0.000000 1.000000 0.000000 0.000000 0.000000 0.000000 1.000000
1.000000 -0.000000 0.000000 -0.000000 0.000000 1.000000 0.000000 3.727900 -0.000000 0.000000 1.000000 -0.000000 0.000000 0.000000 0.000000 1.000000
1.000000 0.000000 0.000000 0.000000 0.000000 1.000000 0.000000 3.727900 -0.000000 -0.000000 1.000000 0.000000 0.000000 0.000000 0.000000 1.000000
1.000000 0.000000 -0.000000 0.000000 -0.000000 1.000000 0.000000 3.727900 0.000000 -0.000000 1.000000 0.000000 0.000000 0.000000 0.000000 1.000000
1.000000 0.000000 -0.000000 -0.000000 0.000000 1.000000 -0.000000 3.727900 0.000000 -0.000000 1.000000 0.000000 0.000000 0.000000 0.000000 1.000000
1.000000 0.000000 0.000000 0.000000 -0.000000 1.000000 0.000000 3.727900 -0.000000 -0.000000 1.000000 0.000000 0.000000 0.000000 0.000000 1.000000
1.000000 -0.000000 0.000000 0.000000 0.000000 1.000000 0.000000 3.727900 -0.000000 -0.000000 1.000000 0.000000 0.000000 0.000000 0.000000 1.000000
1.000000 -0.000000 0.000000 0.000000 0.000000 1.000000 -0.000000 3.727900 -0.000000 0.000000 1.000000 0.000000 0.000000 0.000000 0.000000 1.000000
1.000000 -0.000000 0.000000 0.000000 0.000000 1.000000 -0.000000 3.727900 -0.000000 0.000000 1.000000 -0.000000 0.000000 0.000000 0.000000 1.000000
1.000000 0.000000 0.000000 0.000000 -0.000000 1.000000 0.000000 3.727900 0.000000 -0.000000 1.000000 -0.000000 0.000000 0.000000 0.000000 1.000000
1.000000 0.000000 0.000000 0.000000 0.000000 1.000000 0.000000 3.727900 0.000000 0.000000 1.000000 -0.000000 0.000000 0.000000 0.000000 1.000000
1.000000 0.000000 -0.000000 0.000000 0.000000 1.000000 -0.000000 3.727900 0.000000 0.000000 1.000000 0.000000 0.000000 0.000000 0.000000 1.000000</float_array>
        <technique_common>
          <accessor source="#mixamorig_LeftHandRing3-Matrix-animation-output-transform-array" count="71" stride="16">
            <param type="float4x4"/>
          </accessor>
        </technique_common>
      </source>
      <source id="mixamorig_LeftHandRing3-Interpolations">
        <Name_array id="mixamorig_LeftHandRing3-Interpolations-array" count="71">
 LINEAR LINEAR LINEAR LINEAR LINEAR LINEAR LINEAR LINEAR LINEAR LINEAR LINEAR
LINEAR LINEAR LINEAR LINEAR LINEAR LINEAR LINEAR LINEAR LINEAR LINEAR LINEAR LINEAR
LINEAR LINEAR LINEAR LINEAR LINEAR LINEAR LINEAR LINEAR LINEAR LINEAR LINEAR LINEAR
LINEAR LINEAR LINEAR LINEAR LINEAR LINEAR LINEAR LINEAR LINEAR LINEAR LINEAR LINEAR
LINEAR LINEAR LINEAR LINEAR LINEAR LINEAR LINEAR LINEAR LINEAR LINEAR LINEAR LINEAR
LINEAR LINEAR LINEAR LINEAR LINEAR LINEAR LINEAR LINEAR LINEAR LINEAR LINEAR LINEAR</Name_array>
        <technique_common>
          <accessor source="#mixamorig_LeftHandRing3-Interpolations-array" count="71">
            <param type="name"/>
          </accessor>
        </technique_common>
      </source>
      <sampler id="mixamorig_LeftHandRing3-Matrix-animation-transform">
        <input semantic="INPUT" source="#mixamorig_LeftHandRing3-Matrix-animation-input"/>
        <input semantic="OUTPUT" source="#mixamorig_LeftHandRing3-Matrix-animation-output-transform"/>
        <input semantic="INTERPOLATION" source="#mixamorig_LeftHandRing3-Interpolations"/>
      </sampler>
      <channel source="#mixamorig_LeftHandRing3-Matrix-animation-transform" target="mixamorig_LeftHandRing3/matrix"/>
    </animation>
    <animation id="mixamorig_LeftHandPinky1-anim" name="mixamorig_LeftHandPinky1">
      <source id="mixamorig_LeftHandPinky1-Matrix-animation-input">
        <float_array id="mixamorig_LeftHandPinky1-Matrix-animation-input-array" count="71">

0.000000 0.033333 0.066667 0.100000 0.133333 0.166667 0.200000 0.233333 0.266667 0.300000 0.333333 0.366667 0.400000 0.433333 0.466667 0.500000
0.533333 0.566667 0.600000 0.633333 0.666667 0.700000 0.733333 0.766667 0.800000 0.833333 0.866667 0.900000 0.933333 0.966667 1.000000 1.033333
1.066667 1.100000 1.133333 1.166667 1.200000 1.233333 1.266667 1.300000 1.333333 1.366667 1.400000 1.433333 1.466667 1.500000 1.533333 1.566667
1.600000 1.633333 1.666667 1.700000 1.733333 1.766667 1.800000 1.833333 1.866667 1.900000 1.933333 1.966667 2.000000 2.033333 2.066667 2.100000
2.133333 2.166667 2.200000 2.233333 2.266667 2.300000 2.333333</float_array>
        <technique_common>
          <accessor source="#mixamorig_LeftHandPinky1-Matrix-animation-input-array" count="71">
            <param name="TIME" type="float"/>
          </accessor>
        </technique_common>
      </source>
      <source id="mixamorig_LeftHandPinky1-Matrix-animation-output-transform">
        <float_array id="mixamorig_LeftHandPinky1-Matrix-animation-output-transform-array" count="1136">

0.953464 -0.249118 -0.169844 4.481200 -0.103644 0.258183 -0.960520 9.820200 0.283133 0.933425 0.220348 0.245600 0.000000 0.000000 0.000000 1.000000
0.953464 -0.249118 -0.169844 4.481200 -0.103644 0.258181 -0.960521 9.820200 0.283134 0.933425 0.220347 0.245600 0.000000 0.000000 0.000000 1.000000
0.953477 -0.248985 -0.169963 4.481200 -0.103658 0.258635 -0.960397 9.820200 0.283083 0.933335 0.220793 0.245600 0.000000 0.000000 0.000000 1.000000
0.953476 -0.248995 -0.169954 4.481200 -0.103657 0.258602 -0.960406 9.820200 0.283087 0.933342 0.220761 0.245600 0.000000 0.000000 0.000000 1.000000
0.953458 -0.249174 -0.169795 4.481200 -0.103639 0.257993 -0.960572 9.820200 0.283155 0.933463 0.220161 0.245600 0.000000 0.000000 0.000000 1.000000
0.953488 -0.249046 -0.169815 4.481200 -0.103490 0.258650 -0.960411 9.820200 0.283109 0.933315 0.220846 0.245600 0.000000 0.000000 0.000000 1.000000
0.953475 -0.249218 -0.169633 4.481200 -0.103438 0.258081 -0.960570 9.820200 0.283170 0.933426 0.220295 0.245600 0.000000 0.000000 0.000000 1.000000
0.953473 -0.249273 -0.169565 4.481200 -0.103412 0.257897 -0.960622 9.820200 0.283188 0.933462 0.220120 0.245600 0.000000 0.000000 0.000000 1.000000
0.953501 -0.249183 -0.169543 4.481200 -0.103250 0.258432 -0.960496 9.820200 0.283154 0.933339 0.220687 0.245600 0.000000 0.000000 0.000000 1.000000
0.953548 -0.248988 -0.169560 4.481200 -0.103000 0.259468 -0.960244 9.820200 0.283084 0.933103 0.221769 0.245600 0.000000 0.000000 0.000000 1.000000
0.953548 -0.249007 -0.169532 4.481200 -0.102980 0.259423 -0.960258 9.820200 0.283092 0.933111 0.221729 0.245600 0.000000 0.000000 0.000000 1.000000
0.953566 -0.248783 -0.169763 4.481200 -0.103058 0.260111 -0.960063 9.820200 0.283004 0.932979 0.222394 0.245600 0.000000 0.000000 0.000000 1.000000
0.953545 -0.248946 -0.169642 4.481200 -0.103086 0.259484 -0.960230 9.820200 0.283064 0.933110 0.221767 0.245600 0.000000 0.000000 0.000000 1.000000
0.953553 -0.248862 -0.169719 4.481200 -0.103112 0.259723 -0.960162 9.820200 0.283028 0.933066 0.221999 0.245600 0.000000 0.000000 0.000000 1.000000
0.953569 -0.248714 -0.169846 4.481200 -0.103137 0.260178 -0.960037 9.820200 0.282964 0.932979 0.222446 0.245600 0.000000 0.000000 0.000000 1.000000
0.953576 -0.248680 -0.169857 4.481200 -0.103140 0.260233 -0.960021 9.820200 0.282940 0.932972 0.222503 0.245600 0.000000 0.000000 0.000000 1.000000
0.953596 -0.248546 -0.169942 4.481200 -0.103141 0.260619 -0.959917 9.820200 0.282874 0.932900 0.222889 0.245600 0.000000 0.000000 0.000000 1.000000
0.953631 -0.248293 -0.170115 4.481200 -0.103138 0.261400 -0.959704 9.820200 0.282756 0.932749 0.223671 0.245600 0.000000 0.000000 0.000000 1.000000
0.953614 -0.248605 -0.169754 4.481200 -0.103043 0.260270 -0.960022 9.820200 0.282848 0.932982 0.222580 0.245600 0.000000 0.000000 0.000000 1.000000
0.953695 -0.248242 -0.169826 4.481200 -0.102784 0.261650 -0.959674 9.820200 0.282667 0.932692 0.224019 0.245600 0.000000 0.000000 0.000000 1.000000
0.953698 -0.248456 -0.169501 4.481200 -0.102650 0.260845 -0.959908 9.820200 0.282708 0.932861 0.223263 0.245600 0.000000 0.000000 0.000000 1.000000
0.953700 -0.248590 -0.169288 4.481200 -0.102553 0.260351 -0.960052 9.820200 0.282734 0.932963 0.222803 0.245600 0.000000 0.000000 0.000000 1.000000
0.953721 -0.248555 -0.169223 4.481200 -0.102446 0.260517 -0.960019 9.820200 0.282703 0.932926 0.222997 0.245600 0.000000 0.000000 0.000000 1.000000
0.953746 -0.248483 -0.169191 4.481200 -0.102345 0.260802 -0.959952 9.820200 0.282657 0.932866 0.223307 0.245600 0.000000 0.000000 0.000000 1.000000
0.953764 -0.248441 -0.169149 4.481200 -0.102268 0.260949 -0.959920 9.820200 0.282623 0.932836 0.223476 0.245600 0.000000 0.000000 0.000000 1.000000
0.953780 -0.248396 -0.169126 4.481200 -0.102216 0.261080 -0.959890 9.820200 0.282588 0.932811 0.223622 0.245600 0.000000 0.000000 0.000000 1.000000
0.953801 -0.248318 -0.169118 4.481200 -0.102134 0.261387 -0.959815 9.820200 0.282545 0.932746 0.223950 0.245600 0.000000 0.000000 0.000000 1.000000
0.953822 -0.248227 -0.169135 4.481200 -0.102063 0.261749 -0.959724 9.820200 0.282500 0.932669 0.224327 0.245600 0.000000 0.000000 0.000000 1.000000
0.953799 -0.248312 -0.169142 4.481200 -0.102215 0.261204 -0.959857 9.820200 0.282525 0.932799 0.223754 0.245600 0.000000 0.000000 0.000000 1.000000
0.953768 -0.248373 -0.169228 4.481200 -0.102449 0.260665 -0.959978 9.820200 0.282545 0.932933 0.223169 0.245600 0.000000 0.000000 0.000000 1.000000
0.953767 -0.248241 -0.169429 4.481200 -0.102582 0.261001 -0.959873 9.820200 0.282500 0.932875 0.223469 0.245600 0.000000 0.000000 0.000000 1.000000
0.953757 -0.248236 -0.169489 4.481200 -0.102630 0.261043 -0.959856 9.820200 0.282515 0.932864 0.223495 0.245600 0.000000 0.000000 0.000000 1.000000
0.953772 -0.247946 -0.169830 4.481200 -0.102726 0.262094 -0.959559 9.820200 0.282430 0.932647 0.224508 0.245600 0.000000 0.000000 0.000000 1.000000
0.953735 -0.248013 -0.169936 4.481200 -0.102841 0.262010 -0.959570 9.820200 0.282511 0.932652 0.224382 0.245600 0.000000 0.000000 0.000000 1.000000
0.953797 -0.247576 -0.170227 4.481200 -0.101970 0.266205 -0.958508 9.820200 0.282619 0.931580 0.228660 0.245600 0.000000 0.000000 0.000000 1.000000
0.953796 -0.247507 -0.170335 4.481200 -0.101782 0.267238 -0.958240 9.820200 0.282692 0.931302 0.229699 0.245600 0.000000 0.000000 0.000000 1.000000
0.953792 -0.247505 -0.170361 4.481200 -0.101924 0.266856 -0.958332 9.820200 0.282654 0.931412 0.229299 0.245600 0.000000 0.000000 0.000000 1.000000
0.953751 -0.247665 -0.170355 4.481200 -0.102484 0.264857 -0.958826 9.820200 0.282588 0.931940 0.227226 0.245600 0.000000 0.000000 0.000000 1.000000
0.953735 -0.247755 -0.170313 4.481200 -0.102723 0.263860 -0.959076 9.820200 0.282555 0.932199 0.226202 0.245600 0.000000 0.000000 0.000000 1.000000
0.953745 -0.247727 -0.170299 4.481200 -0.102770 0.263681 -0.959120 9.820200 0.282505 0.932257 0.226025 0.245600 0.000000 0.000000 0.000000 1.000000
0.953735 -0.247917 -0.170081 4.481200 -0.102741 0.262900 -0.959337 9.820200 0.282550 0.932427 0.225265 0.245600 0.000000 0.000000 0.000000 1.000000
0.953730 -0.248061 -0.169896 4.481200 -0.102689 0.262343 -0.959495 9.820200 0.282584 0.932546 0.224731 0.245600 0.000000 0.000000 0.000000 1.000000
0.953746 -0.247986 -0.169918 4.481200 -0.102657 0.262580 -0.959434 9.820200 0.282543 0.932499 0.224977 0.245600 0.000000 0.000000 0.000000 1.000000
0.953762 -0.247843 -0.170032 4.481200 -0.102656 0.263078 -0.959297 9.820200 0.282487 0.932397 0.225472 0.245600 0.000000 0.000000 0.000000 1.000000
0.953746 -0.247905 -0.170036 4.481200 -0.102687 0.262939 -0.959332 9.820200 0.282533 0.932419 0.225321 0.245600 0.000000 0.000000 0.000000 1.000000
0.953701 -0.248070 -0.170048 4.481200 -0.102812 0.262435 -0.959457 9.820200 0.282639 0.932518 0.224780 0.245600 0.000000 0.000000 0.000000 1.000000
0.953669 -0.248121 -0.170151 4.481200 -0.102920 0.262377 -0.959461 9.820200 0.282706 0.932520 0.224684 0.245600 0.000000 0.000000 0.000000 1.000000
0.953641 -0.248084 -0.170360 4.481200 -0.103046 0.262686 -0.959363 9.820200 0.282754 0.932443 0.224944 0.245600 0.000000 0.000000 0.000000 1.000000
0.953551 -0.248381 -0.170432 4.481200 -0.103370 0.261618 -0.959620 9.820200 0.282939 0.932664 0.223791 0.245600 0.000000 0.000000 0.000000 1.000000
0.953525 -0.248441 -0.170494 4.481200 -0.103473 0.261438 -0.959658 9.820200 0.282992 0.932699 0.223581 0.245600 0.000000 0.000000 0.000000 1.000000
0.953496 -0.248496 -0.170575 4.481200 -0.103627 0.261156 -0.959718 9.820200 0.283033 0.932763 0.223260 0.245600 0.000000 0.000000 0.000000 1.000000
0.953455 -0.248595 -0.170659 4.481200 -0.103856 0.260601 -0.959844 9.820200 0.283086 0.932892 0.222653 0.245600 0.000000 0.000000 0.000000 1.000000
0.953394 -0.248780 -0.170731 4.481200 -0.104218 0.259499 -0.960104 9.820200 0.283159 0.933150 0.221477 0.245600 0.000000 0.000000 0.000000 1.000000
0.953418 -0.248656 -0.170776 4.481200 -0.104149 0.259974 -0.959983 9.820200 0.283103 0.933051 0.221966 0.245600 0.000000 0.000000 0.000000 1.000000
0.953434 -0.248767 -0.170524 4.481200 -0.104036 0.259423 -0.960144 9.820200 0.283090 0.933175 0.221462 0.245600 0.000000 0.000000 0.000000 1.000000
0.953607 -0.248276 -0.170272 4.481200 -0.103377 0.261147 -0.959747 9.820200 0.282749 0.932824 0.223366 0.245600 0.000000 0.000000 0.000000 1.000000
0.953641 -0.248130 -0.170297 4.481200 -0.103294 0.261623 -0.959627 9.820200 0.282665 0.932730 0.223864 0.245600 0.000000 0.000000 0.000000 1.000000
0.953689 -0.247887 -0.170380 4.481200 -0.103106 0.262710 -0.959350 9.820200 0.282571 0.932489 0.224985 0.245600 0.000000 0.000000 0.000000 1.000000
0.953684 -0.248072 -0.170141 4.481200 -0.102995 0.262135 -0.959519 9.820200 0.282630 0.932601 0.224444 0.245600 0.000000 0.000000 0.000000 1.000000
0.953692 -0.248124 -0.170020 4.481200 -0.102887 0.262049 -0.959554 9.820200 0.282642 0.932612 0.224385 0.245600 0.000000 0.000000 0.000000 1.000000
0.953616 -0.248450 -0.169971 4.481200 -0.103259 0.260400 -0.959963 9.820200 0.282763 0.932987 0.222667 0.245600 0.000000 0.000000 0.000000 1.000000
0.953585 -0.248554 -0.169991 4.481200 -0.103315 0.260200 -0.960012 9.820200 0.282846 0.933015 0.222443 0.245600 0.000000 0.000000 0.000000 1.000000
0.953486 -0.248940 -0.169977 4.481200 -0.103680 0.258643 -0.960393 9.820200 0.283044 0.933345 0.220803 0.245600 0.000000 0.000000 0.000000 1.000000
0.953446 -0.249087 -0.169988 4.481200 -0.103816 0.258117 -0.960520 9.820200 0.283130 0.933451 0.220241 0.245600 0.000000 0.000000 0.000000 1.000000
0.953420 -0.249192 -0.169979 4.481200 -0.103885 0.257778 -0.960603 9.820200 0.283192 0.933517 0.219883 0.245600 0.000000 0.000000 0.000000 1.000000
0.953359 -0.249446 -0.169953 4.481200 -0.104152 0.256613 -0.960886 9.820200 0.283301 0.933770 0.218664 0.245600 0.000000 0.000000 0.000000 1.000000
0.953308 -0.249653 -0.169932 4.481200 -0.104368 0.255672 -0.961114 9.820200 0.283392 0.933973 0.217678 0.245600 0.000000 0.000000 0.000000 1.000000
0.953346 -0.249482 -0.169972 4.481200 -0.104147 0.256665 -0.960873 9.820200 0.283346 0.933746 0.218708 0.245600 0.000000 0.000000 0.000000 1.000000
0.953350 -0.249458 -0.169983 4.481200 -0.104110 0.256843 -0.960829 9.820200 0.283346 0.933704 0.218890 0.245600 0.000000 0.000000 0.000000 1.000000
0.953408 -0.249211 -0.170022 4.481200 -0.103821 0.258116 -0.960519 9.820200 0.283257 0.933418 0.220217 0.245600 0.000000 0.000000 0.000000 1.000000
0.953415 -0.249182 -0.170026 4.481200 -0.103786 0.258268 -0.960482 9.820200 0.283247 0.933384 0.220374 0.245600 0.000000 0.000000 0.000000 1.000000</float_array>
        <technique_common>
          <accessor source="#mixamorig_LeftHandPinky1-Matrix-animation-output-transform-array" count="71" stride="16">
            <param type="float4x4"/>
          </accessor>
        </technique_common>
      </source>
      <source id="mixamorig_LeftHandPinky1-Interpolations">
        <Name_array id="mixamorig_LeftHandPinky1-Interpolations-array" count="71">
 LINEAR LINEAR LINEAR LINEAR LINEAR LINEAR LINEAR LINEAR LINEAR LINEAR LINEAR
LINEAR LINEAR LINEAR LINEAR LINEAR LINEAR LINEAR LINEAR LINEAR LINEAR LINEAR LINEAR
LINEAR LINEAR LINEAR LINEAR LINEAR LINEAR LINEAR LINEAR LINEAR LINEAR LINEAR LINEAR
LINEAR LINEAR LINEAR LINEAR LINEAR LINEAR LINEAR LINEAR LINEAR LINEAR LINEAR LINEAR
LINEAR LINEAR LINEAR LINEAR LINEAR LINEAR LINEAR LINEAR LINEAR LINEAR LINEAR LINEAR
LINEAR LINEAR LINEAR LINEAR LINEAR LINEAR LINEAR LINEAR LINEAR LINEAR LINEAR LINEAR</Name_array>
        <technique_common>
          <accessor source="#mixamorig_LeftHandPinky1-Interpolations-array" count="71">
            <param type="name"/>
          </accessor>
        </technique_common>
      </source>
      <sampler id="mixamorig_LeftHandPinky1-Matrix-animation-transform">
        <input semantic="INPUT" source="#mixamorig_LeftHandPinky1-Matrix-animation-input"/>
        <input semantic="OUTPUT" source="#mixamorig_LeftHandPinky1-Matrix-animation-output-transform"/>
        <input semantic="INTERPOLATION" source="#mixamorig_LeftHandPinky1-Interpolations"/>
      </sampler>
      <channel source="#mixamorig_LeftHandPinky1-Matrix-animation-transform" target="mixamorig_LeftHandPinky1/matrix"/>
    </animation>
    <animation id="mixamorig_LeftHandPinky2-anim" name="mixamorig_LeftHandPinky2">
      <source id="mixamorig_LeftHandPinky2-Matrix-animation-input">
        <float_array id="mixamorig_LeftHandPinky2-Matrix-animation-input-array" count="71">

0.000000 0.033333 0.066667 0.100000 0.133333 0.166667 0.200000 0.233333 0.266667 0.300000 0.333333 0.366667 0.400000 0.433333 0.466667 0.500000
0.533333 0.566667 0.600000 0.633333 0.666667 0.700000 0.733333 0.766667 0.800000 0.833333 0.866667 0.900000 0.933333 0.966667 1.000000 1.033333
1.066667 1.100000 1.133333 1.166667 1.200000 1.233333 1.266667 1.300000 1.333333 1.366667 1.400000 1.433333 1.466667 1.500000 1.533333 1.566667
1.600000 1.633333 1.666667 1.700000 1.733333 1.766667 1.800000 1.833333 1.866667 1.900000 1.933333 1.966667 2.000000 2.033333 2.066667 2.100000
2.133333 2.166667 2.200000 2.233333 2.266667 2.300000 2.333333</float_array>
        <technique_common>
          <accessor source="#mixamorig_LeftHandPinky2-Matrix-animation-input-array" count="71">
            <param name="TIME" type="float"/>
          </accessor>
        </technique_common>
      </source>
      <source id="mixamorig_LeftHandPinky2-Matrix-animation-output-transform">
        <float_array id="mixamorig_LeftHandPinky2-Matrix-animation-output-transform-array" count="1136">

0.989412 0.044667 0.138087 0.000000 0.002456 0.946170 -0.323660 3.684500 -0.145111 0.320572 0.936043 -0.000000 0.000000 0.000000 0.000000 1.000000
0.989412 0.044667 0.138087 0.000000 0.002457 0.946170 -0.323660 3.684500 -0.145111 0.320572 0.936043 0.000000 0.000000 0.000000 0.000000 1.000000
0.989412 0.044667 0.138088 0.000000 0.002457 0.946170 -0.323660 3.684500 -0.145111 0.320572 0.936043 -0.000000 0.000000 0.000000 0.000000 1.000000
0.989412 0.044667 0.138088 -0.000000 0.002456 0.946171 -0.323657 3.684500 -0.145111 0.320570 0.936044 0.000000 0.000000 0.000000 0.000000 1.000000
0.989408 0.044648 0.138123 -0.000000 0.002373 0.946421 -0.322926 3.684500 -0.145140 0.319834 0.936291 -0.000000 0.000000 0.000000 0.000000 1.000000
0.989407 0.044647 0.138132 -0.000000 0.002375 0.946426 -0.322912 3.684500 -0.145149 0.319819 0.936295 0.000000 0.000000 0.000000 0.000000 1.000000
0.989405 0.044641 0.138150 0.000000 0.002354 0.946498 -0.322700 3.684500 -0.145164 0.319606 0.936365 0.000000 0.000000 0.000000 0.000000 1.000000
0.989401 0.044628 0.138180 0.000000 0.002305 0.946653 -0.322247 3.684500 -0.145190 0.319150 0.936517 0.000000 0.000000 0.000000 0.000000 1.000000
0.989399 0.044624 0.138196 0.000000 0.002295 0.946695 -0.322123 3.684500 -0.145204 0.319025 0.936557 0.000000 0.000000 0.000000 0.000000 1.000000
0.989404 0.044653 0.138155 -0.000000 0.002430 0.946308 -0.323256 3.684500 -0.145172 0.320167 0.936172 0.000000 0.000000 0.000000 0.000000 1.000000
0.989400 0.044645 0.138183 0.000000 0.002414 0.946380 -0.323047 3.684500 -0.145196 0.319956 0.936241 0.000000 0.000000 0.000000 0.000000 1.000000
0.989400 0.044653 0.138179 0.000000 0.002456 0.946267 -0.323377 3.684500 -0.145194 0.320289 0.936127 0.000000 0.000000 0.000000 0.000000 1.000000
0.989399 0.044654 0.138188 0.000000 0.002466 0.946251 -0.323424 3.684500 -0.145203 0.320337 0.936109 0.000000 0.000000 0.000000 0.000000 1.000000
0.989396 0.044646 0.138211 0.000000 0.002438 0.946346 -0.323145 3.684500 -0.145222 0.320055 0.936202 -0.000000 0.000000 0.000000 0.000000 1.000000
0.989395 0.044644 0.138221 0.000000 0.002436 0.946362 -0.323099 3.684500 -0.145232 0.320009 0.936217 0.000000 0.000000 0.000000 0.000000 1.000000
0.989392 0.044635 0.138244 0.000000 0.002402 0.946472 -0.322776 3.684500 -0.145251 0.319684 0.936325 0.000000 0.000000 0.000000 0.000000 1.000000
0.989393 0.044643 0.138235 0.000000 0.002444 0.946356 -0.323115 3.684500 -0.145244 0.320026 0.936209 0.000000 0.000000 0.000000 0.000000 1.000000
0.989390 0.044634 0.138257 0.000000 0.002411 0.946463 -0.322802 3.684500 -0.145264 0.319711 0.936314 0.000000 0.000000 0.000000 0.000000 1.000000
0.989391 0.044643 0.138248 -0.000000 0.002456 0.946338 -0.323168 3.684500 -0.145256 0.320079 0.936189 0.000000 0.000000 0.000000 0.000000 1.000000
0.989393 0.044660 0.138225 -0.000000 0.002534 0.946115 -0.323822 3.684500 -0.145238 0.320738 0.935966 0.000000 0.000000 0.000000 0.000000 1.000000
0.989393 0.044663 0.138229 0.000000 0.002556 0.946062 -0.323977 3.684500 -0.145242 0.320894 0.935912 0.000000 0.000000 0.000000 0.000000 1.000000
0.989390 0.044659 0.138249 -0.000000 0.002554 0.946088 -0.323899 3.684500 -0.145261 0.320816 0.935936 -0.000000 0.000000 0.000000 0.000000 1.000000
0.989387 0.044658 0.138269 0.000000 0.002565 0.946083 -0.323916 3.684500 -0.145280 0.320833 0.935928 0.000000 0.000000 0.000000 0.000000 1.000000
0.989387 0.044666 0.138272 0.000000 0.002619 0.945946 -0.324314 3.684500 -0.145284 0.321234 0.935789 0.000000 0.000000 0.000000 0.000000 1.000000
0.989382 0.044656 0.138309 0.000000 0.002586 0.946069 -0.323953 3.684500 -0.145316 0.320871 0.935909 0.000000 0.000000 0.000000 0.000000 1.000000
0.989385 0.044676 0.138283 0.000000 0.002686 0.945785 -0.324781 3.684500 -0.145296 0.321705 0.935625 0.000000 0.000000 0.000000 0.000000 1.000000
0.989386 0.044685 0.138272 -0.000000 0.002726 0.945670 -0.325116 3.684500 -0.145287 0.322042 0.935511 0.000000 0.000000 0.000000 0.000000 1.000000
0.989385 0.044679 0.138277 -0.000000 0.002696 0.945752 -0.324878 3.684500 -0.145291 0.321803 0.935593 0.000000 0.000000 0.000000 0.000000 1.000000
0.989385 0.044662 0.138284 0.000000 0.002599 0.946009 -0.324129 3.684500 -0.145294 0.321048 0.935852 0.000000 0.000000 0.000000 0.000000 1.000000
0.989392 0.044659 0.138235 0.000000 0.002538 0.946116 -0.323819 3.684500 -0.145248 0.320735 0.935966 0.000000 0.000000 0.000000 0.000000 1.000000
0.989398 0.044662 0.138195 0.000000 0.002521 0.946116 -0.323818 3.684500 -0.145210 0.320733 0.935972 0.000000 0.000000 0.000000 0.000000 1.000000
0.989399 0.044657 0.138183 -0.000000 0.002479 0.946212 -0.323536 3.684500 -0.145198 0.320449 0.936071 0.000000 0.000000 0.000000 0.000000 1.000000
0.989402 0.044658 0.138166 0.000000 0.002469 0.946220 -0.323514 3.684500 -0.145183 0.320426 0.936082 0.000000 0.000000 0.000000 0.000000 1.000000
0.989404 0.044661 0.138150 0.000000 0.002475 0.946189 -0.323606 3.684500 -0.145168 0.320519 0.936052 0.000000 0.000000 0.000000 0.000000 1.000000
0.989398 0.044629 0.138202 -0.000000 0.002330 0.946613 -0.322364 3.684500 -0.145210 0.319269 0.936473 0.000000 0.000000 0.000000 0.000000 1.000000
0.989401 0.044642 0.138174 0.000000 0.002383 0.946449 -0.322845 3.684500 -0.145187 0.319753 0.936311 -0.000000 0.000000 0.000000 0.000000 1.000000
0.989405 0.044660 0.138144 -0.000000 0.002463 0.946212 -0.323538 3.684500 -0.145163 0.320450 0.936077 0.000000 0.000000 0.000000 0.000000 1.000000
0.989403 0.044661 0.138159 0.000000 0.002482 0.946180 -0.323631 3.684500 -0.145177 0.320545 0.936042 0.000000 0.000000 0.000000 0.000000 1.000000
0.989407 0.044649 0.138133 0.000000 0.002391 0.946385 -0.323032 3.684500 -0.145150 0.319941 0.936253 0.000000 0.000000 0.000000 0.000000 1.000000
0.989413 0.044653 0.138089 -0.000000 0.002373 0.946386 -0.323029 3.684500 -0.145110 0.319937 0.936260 -0.000000 0.000000 0.000000 0.000000 1.000000
0.989415 0.044648 0.138073 0.000000 0.002324 0.946493 -0.322716 3.684500 -0.145093 0.319621 0.936371 0.000000 0.000000 0.000000 0.000000 1.000000
0.989417 0.044642 0.138065 0.000000 0.002285 0.946586 -0.322445 3.684500 -0.145085 0.319348 0.936465 -0.000000 0.000000 0.000000 0.000000 1.000000
0.989416 0.044632 0.138074 0.000000 0.002231 0.946732 -0.322013 3.684500 -0.145091 0.318913 0.936613 0.000000 0.000000 0.000000 0.000000 1.000000
0.989418 0.044641 0.138052 0.000000 0.002267 0.946618 -0.322350 3.684500 -0.145072 0.319252 0.936500 -0.000000 0.000000 0.000000 0.000000 1.000000
0.989420 0.044646 0.138042 0.000000 0.002286 0.946558 -0.322526 3.684500 -0.145064 0.319429 0.936441 0.000000 0.000000 0.000000 0.000000 1.000000
0.989415 0.044626 0.138080 0.000000 0.002201 0.946815 -0.321772 3.684500 -0.145095 0.318670 0.936695 0.000000 0.000000 0.000000 0.000000 1.000000
0.989419 0.044645 0.138047 0.000000 0.002284 0.946570 -0.322491 3.684500 -0.145068 0.319394 0.936452 0.000000 0.000000 0.000000 0.000000 1.000000
0.989421 0.044654 0.138029 -0.000000 0.002325 0.946447 -0.322852 3.684500 -0.145054 0.319757 0.936331 0.000000 0.000000 0.000000 0.000000 1.000000
0.989420 0.044648 0.138037 0.000000 0.002296 0.946527 -0.322616 3.684500 -0.145060 0.319519 0.936411 0.000000 0.000000 0.000000 0.000000 1.000000
0.989419 0.044637 0.138049 0.000000 0.002241 0.946681 -0.322165 3.684500 -0.145068 0.319066 0.936564 -0.000000 0.000000 0.000000 0.000000 1.000000
0.989420 0.044632 0.138042 -0.000000 0.002200 0.946778 -0.321881 3.684500 -0.145061 0.318779 0.936663 0.000000 0.000000 0.000000 0.000000 1.000000
0.989425 0.044635 0.138009 0.000000 0.002193 0.946763 -0.321924 3.684500 -0.145031 0.318823 0.936653 0.000000 0.000000 0.000000 0.000000 1.000000
0.989427 0.044630 0.137991 0.000000 0.002143 0.946868 -0.321615 3.684500 -0.145013 0.318510 0.936762 0.000000 0.000000 0.000000 0.000000 1.000000
0.989428 0.044617 0.137991 -0.000000 0.002062 0.947076 -0.321004 3.684500 -0.145010 0.317895 0.936971 0.000000 0.000000 0.000000 0.000000 1.000000
0.989430 0.044616 0.137978 0.000000 0.002045 0.947106 -0.320913 3.684500 -0.144997 0.317803 0.937004 0.000000 0.000000 0.000000 0.000000 1.000000
0.989432 0.044624 0.137962 -0.000000 0.002081 0.946998 -0.321233 3.684500 -0.144985 0.318125 0.936897 -0.000000 0.000000 0.000000 0.000000 1.000000
0.989429 0.044627 0.137978 0.000000 0.002115 0.946927 -0.321441 3.684500 -0.145000 0.318335 0.936823 0.000000 0.000000 0.000000 0.000000 1.000000
0.989413 0.044643 0.138087 0.000000 0.002310 0.946545 -0.322562 3.684500 -0.145106 0.319466 0.936422 0.000000 0.000000 0.000000 0.000000 1.000000
0.989405 0.044642 0.138150 0.000000 0.002363 0.946476 -0.322766 3.684500 -0.145165 0.319673 0.936342 0.000000 0.000000 0.000000 0.000000 1.000000
0.989402 0.044630 0.138174 0.000000 0.002315 0.946622 -0.322338 3.684500 -0.145185 0.319242 0.936486 0.000000 0.000000 0.000000 0.000000 1.000000
0.989405 0.044638 0.138148 0.000000 0.002337 0.946539 -0.322580 3.684500 -0.145162 0.319485 0.936406 -0.000000 0.000000 0.000000 0.000000 1.000000
0.989410 0.044662 0.138108 -0.000000 0.002439 0.946235 -0.323471 3.684500 -0.145129 0.320382 0.936105 0.000000 0.000000 0.000000 0.000000 1.000000
0.989406 0.044644 0.138140 0.000000 0.002363 0.946463 -0.322803 3.684500 -0.145156 0.319710 0.936331 0.000000 0.000000 0.000000 0.000000 1.000000
0.989409 0.044659 0.138112 0.000000 0.002431 0.946262 -0.323392 3.684500 -0.145132 0.320303 0.936132 0.000000 0.000000 0.000000 0.000000 1.000000
0.989406 0.044646 0.138137 0.000000 0.002371 0.946441 -0.322867 3.684500 -0.145153 0.319775 0.936309 0.000000 0.000000 0.000000 0.000000 1.000000
0.989406 0.044643 0.138142 0.000000 0.002359 0.946475 -0.322769 3.684500 -0.145157 0.319675 0.936343 0.000000 0.000000 0.000000 0.000000 1.000000
0.989406 0.044645 0.138137 -0.000000 0.002370 0.946444 -0.322859 3.684500 -0.145153 0.319766 0.936312 0.000000 0.000000 0.000000 0.000000 1.000000
0.989408 0.044655 0.138119 0.000000 0.002412 0.946317 -0.323232 3.684500 -0.145139 0.320141 0.936186 0.000000 0.000000 0.000000 0.000000 1.000000
0.989407 0.044646 0.138135 0.000000 0.002376 0.946426 -0.322911 3.684500 -0.145151 0.319818 0.936294 0.000000 0.000000 0.000000 0.000000 1.000000
0.989408 0.044656 0.138119 0.000000 0.002414 0.946311 -0.323250 3.684500 -0.145138 0.320159 0.936180 0.000000 0.000000 0.000000 0.000000 1.000000
0.989411 0.044666 0.138099 0.000000 0.002460 0.946173 -0.323652 3.684500 -0.145122 0.320565 0.936044 -0.000000 0.000000 0.000000 0.000000 1.000000</float_array>
        <technique_common>
          <accessor source="#mixamorig_LeftHandPinky2-Matrix-animation-output-transform-array" count="71" stride="16">
            <param type="float4x4"/>
          </accessor>
        </technique_common>
      </source>
      <source id="mixamorig_LeftHandPinky2-Interpolations">
        <Name_array id="mixamorig_LeftHandPinky2-Interpolations-array" count="71">
 LINEAR LINEAR LINEAR LINEAR LINEAR LINEAR LINEAR LINEAR LINEAR LINEAR LINEAR
LINEAR LINEAR LINEAR LINEAR LINEAR LINEAR LINEAR LINEAR LINEAR LINEAR LINEAR LINEAR
LINEAR LINEAR LINEAR LINEAR LINEAR LINEAR LINEAR LINEAR LINEAR LINEAR LINEAR LINEAR
LINEAR LINEAR LINEAR LINEAR LINEAR LINEAR LINEAR LINEAR LINEAR LINEAR LINEAR LINEAR
LINEAR LINEAR LINEAR LINEAR LINEAR LINEAR LINEAR LINEAR LINEAR LINEAR LINEAR LINEAR
LINEAR LINEAR LINEAR LINEAR LINEAR LINEAR LINEAR LINEAR LINEAR LINEAR LINEAR LINEAR</Name_array>
        <technique_common>
          <accessor source="#mixamorig_LeftHandPinky2-Interpolations-array" count="71">
            <param type="name"/>
          </accessor>
        </technique_common>
      </source>
      <sampler id="mixamorig_LeftHandPinky2-Matrix-animation-transform">
        <input semantic="INPUT" source="#mixamorig_LeftHandPinky2-Matrix-animation-input"/>
        <input semantic="OUTPUT" source="#mixamorig_LeftHandPinky2-Matrix-animation-output-transform"/>
        <input semantic="INTERPOLATION" source="#mixamorig_LeftHandPinky2-Interpolations"/>
      </sampler>
      <channel source="#mixamorig_LeftHandPinky2-Matrix-animation-transform" target="mixamorig_LeftHandPinky2/matrix"/>
    </animation>
    <animation id="mixamorig_LeftHandPinky3-anim" name="mixamorig_LeftHandPinky3">
      <source id="mixamorig_LeftHandPinky3-Matrix-animation-input">
        <float_array id="mixamorig_LeftHandPinky3-Matrix-animation-input-array" count="71">

0.000000 0.033333 0.066667 0.100000 0.133333 0.166667 0.200000 0.233333 0.266667 0.300000 0.333333 0.366667 0.400000 0.433333 0.466667 0.500000
0.533333 0.566667 0.600000 0.633333 0.666667 0.700000 0.733333 0.766667 0.800000 0.833333 0.866667 0.900000 0.933333 0.966667 1.000000 1.033333
1.066667 1.100000 1.133333 1.166667 1.200000 1.233333 1.266667 1.300000 1.333333 1.366667 1.400000 1.433333 1.466667 1.500000 1.533333 1.566667
1.600000 1.633333 1.666667 1.700000 1.733333 1.766667 1.800000 1.833333 1.866667 1.900000 1.933333 1.966667 2.000000 2.033333 2.066667 2.100000
2.133333 2.166667 2.200000 2.233333 2.266667 2.300000 2.333333</float_array>
        <technique_common>
          <accessor source="#mixamorig_LeftHandPinky3-Matrix-animation-input-array" count="71">
            <param name="TIME" type="float"/>
          </accessor>
        </technique_common>
      </source>
      <source id="mixamorig_LeftHandPinky3-Matrix-animation-output-transform">
        <float_array id="mixamorig_LeftHandPinky3-Matrix-animation-output-transform-array" count="1136">

1.000000 0.000000 0.000528 0.000000 -0.000000 1.000000 -0.000000 2.815200 -0.000528 0.000000 1.000000 0.000000 0.000000 0.000000 0.000000 1.000000
1.000000 0.000000 0.000528 0.000000 -0.000000 1.000000 0.000000 2.815200 -0.000528 -0.000000 1.000000 0.000000 0.000000 0.000000 0.000000 1.000000
1.000000 0.000000 0.000528 0.000000 -0.000000 1.000000 -0.000000 2.815200 -0.000528 0.000000 1.000000 0.000000 0.000000 0.000000 0.000000 1.000000
1.000000 -0.000000 0.000528 -0.000000 0.000000 1.000000 -0.000000 2.815200 -0.000528 0.000000 1.000000 -0.000000 0.000000 0.000000 0.000000 1.000000
1.000000 0.000000 0.000528 0.000000 -0.000000 1.000000 0.000000 2.815200 -0.000528 -0.000000 1.000000 0.000000 0.000000 0.000000 0.000000 1.000000
1.000000 -0.000000 0.000528 0.000000 0.000000 1.000000 -0.000000 2.815200 -0.000528 0.000000 1.000000 0.000000 0.000000 0.000000 0.000000 1.000000
1.000000 -0.000000 0.000528 0.000000 0.000000 1.000000 -0.000000 2.815200 -0.000528 0.000000 1.000000 -0.000000 0.000000 0.000000 0.000000 1.000000
1.000000 0.000000 0.000528 0.000000 -0.000000 1.000000 -0.000000 2.815200 -0.000528 0.000000 1.000000 0.000000 0.000000 0.000000 0.000000 1.000000
1.000000 0.000000 0.000528 -0.000000 -0.000000 1.000000 -0.000000 2.815200 -0.000528 0.000000 1.000000 -0.000000 0.000000 0.000000 0.000000 1.000000
1.000000 -0.000000 0.000528 0.000000 0.000000 1.000000 -0.000000 2.815200 -0.000528 0.000000 1.000000 0.000000 0.000000 0.000000 0.000000 1.000000
1.000000 -0.000000 0.000528 0.000000 0.000000 1.000000 -0.000000 2.815200 -0.000528 0.000000 1.000000 0.000000 0.000000 0.000000 0.000000 1.000000
1.000000 -0.000000 0.000528 -0.000000 0.000000 1.000000 -0.000000 2.815200 -0.000528 0.000000 1.000000 0.000000 0.000000 0.000000 0.000000 1.000000
1.000000 -0.000000 0.000528 0.000000 0.000000 1.000000 0.000000 2.815200 -0.000528 -0.000000 1.000000 0.000000 0.000000 0.000000 0.000000 1.000000
1.000000 -0.000000 0.000528 0.000000 0.000000 1.000000 -0.000000 2.815200 -0.000528 0.000000 1.000000 0.000000 0.000000 0.000000 0.000000 1.000000
1.000000 0.000000 0.000528 -0.000000 -0.000000 1.000000 -0.000000 2.815200 -0.000528 0.000000 1.000000 0.000000 0.000000 0.000000 0.000000 1.000000
1.000000 0.000000 0.000528 -0.000000 -0.000000 1.000000 0.000000 2.815200 -0.000528 -0.000000 1.000000 0.000000 0.000000 0.000000 0.000000 1.000000
1.000000 -0.000000 0.000528 0.000000 0.000000 1.000000 -0.000000 2.815200 -0.000528 0.000000 1.000000 0.000000 0.000000 0.000000 0.000000 1.000000
1.000000 -0.000000 0.000528 0.000000 0.000000 1.000000 -0.000000 2.815200 -0.000528 0.000000 1.000000 0.000000 0.000000 0.000000 0.000000 1.000000
1.000000 -0.000000 0.000528 0.000000 0.000000 1.000000 -0.000000 2.815200 -0.000528 0.000000 1.000000 -0.000000 0.000000 0.000000 0.000000 1.000000
1.000000 0.000000 0.000528 0.000000 -0.000000 1.000000 0.000000 2.815200 -0.000528 -0.000000 1.000000 0.000000 0.000000 0.000000 0.000000 1.000000
1.000000 -0.000000 0.000528 -0.000000 0.000000 1.000000 -0.000000 2.815200 -0.000528 0.000000 1.000000 0.000000 0.000000 0.000000 0.000000 1.000000
1.000000 -0.000000 0.000528 0.000000 0.000000 1.000000 -0.000000 2.815200 -0.000528 0.000000 1.000000 0.000000 0.000000 0.000000 0.000000 1.000000
1.000000 0.000000 0.000528 -0.000000 -0.000000 1.000000 0.000000 2.815200 -0.000528 -0.000000 1.000000 0.000000 0.000000 0.000000 0.000000 1.000000
1.000000 -0.000000 0.000528 0.000000 0.000000 1.000000 -0.000000 2.815200 -0.000528 0.000000 1.000000 0.000000 0.000000 0.000000 0.000000 1.000000
1.000000 -0.000000 0.000528 0.000000 0.000000 1.000000 0.000000 2.815200 -0.000528 -0.000000 1.000000 -0.000000 0.000000 0.000000 0.000000 1.000000
1.000000 -0.000000 0.000528 0.000000 0.000000 1.000000 -0.000000 2.815200 -0.000528 0.000000 1.000000 0.000000 0.000000 0.000000 0.000000 1.000000
1.000000 0.000000 0.000528 0.000000 -0.000000 1.000000 0.000000 2.815200 -0.000528 -0.000000 1.000000 0.000000 0.000000 0.000000 0.000000 1.000000
1.000000 -0.000000 0.000528 0.000000 0.000000 1.000000 -0.000000 2.815200 -0.000528 0.000000 1.000000 0.000000 0.000000 0.000000 0.000000 1.000000
1.000000 -0.000000 0.000528 0.000000 0.000000 1.000000 -0.000000 2.815200 -0.000528 0.000000 1.000000 0.000000 0.000000 0.000000 0.000000 1.000000
1.000000 -0.000000 0.000528 0.000000 0.000000 1.000000 -0.000000 2.815200 -0.000528 0.000000 1.000000 0.000000 0.000000 0.000000 0.000000 1.000000
1.000000 -0.000000 0.000528 0.000000 0.000000 1.000000 0.000000 2.815200 -0.000528 -0.000000 1.000000 0.000000 0.000000 0.000000 0.000000 1.000000
1.000000 -0.000000 0.000528 -0.000000 0.000000 1.000000 0.000000 2.815200 -0.000528 -0.000000 1.000000 -0.000000 0.000000 0.000000 0.000000 1.000000
1.000000 -0.000000 0.000528 0.000000 0.000000 1.000000 -0.000000 2.815200 -0.000528 0.000000 1.000000 0.000000 0.000000 0.000000 0.000000 1.000000
1.000000 -0.000000 0.000528 0.000000 0.000000 1.000000 0.000000 2.815200 -0.000528 -0.000000 1.000000 0.000000 0.000000 0.000000 0.000000 1.000000
1.000000 -0.000000 0.000528 0.000000 0.000000 1.000000 0.000000 2.815200 -0.000528 -0.000000 1.000000 0.000000 0.000000 0.000000 0.000000 1.000000
1.000000 -0.000000 0.000528 0.000000 0.000000 1.000000 -0.000000 2.815200 -0.000528 0.000000 1.000000 0.000000 0.000000 0.000000 0.000000 1.000000
1.000000 -0.000000 0.000528 0.000000 0.000000 1.000000 0.000000 2.815200 -0.000528 -0.000000 1.000000 -0.000000 0.000000 0.000000 0.000000 1.000000
1.000000 -0.000000 0.000528 0.000000 0.000000 1.000000 0.000000 2.815200 -0.000528 -0.000000 1.000000 -0.000000 0.000000 0.000000 0.000000 1.000000
1.000000 0.000000 0.000528 -0.000000 -0.000000 1.000000 0.000000 2.815200 -0.000528 -0.000000 1.000000 0.000000 0.000000 0.000000 0.000000 1.000000
1.000000 0.000000 0.000528 0.000000 -0.000000 1.000000 -0.000000 2.815200 -0.000528 0.000000 1.000000 0.000000 0.000000 0.000000 0.000000 1.000000
1.000000 -0.000000 0.000528 0.000000 0.000000 1.000000 -0.000000 2.815200 -0.000528 0.000000 1.000000 0.000000 0.000000 0.000000 0.000000 1.000000
1.000000 -0.000000 0.000528 0.000000 0.000000 1.000000 -0.000000 2.815200 -0.000528 0.000000 1.000000 -0.000000 0.000000 0.000000 0.000000 1.000000
1.000000 -0.000000 0.000528 0.000000 0.000000 1.000000 0.000000 2.815200 -0.000528 -0.000000 1.000000 0.000000 0.000000 0.000000 0.000000 1.000000
1.000000 -0.000000 0.000528 0.000000 0.000000 1.000000 0.000000 2.815200 -0.000528 -0.000000 1.000000 0.000000 0.000000 0.000000 0.000000 1.000000
1.000000 -0.000000 0.000528 0.000000 0.000000 1.000000 -0.000000 2.815200 -0.000528 0.000000 1.000000 0.000000 0.000000 0.000000 0.000000 1.000000
1.000000 0.000000 0.000528 0.000000 -0.000000 1.000000 -0.000000 2.815200 -0.000528 0.000000 1.000000 0.000000 0.000000 0.000000 0.000000 1.000000
1.000000 0.000000 0.000528 0.000000 -0.000000 1.000000 0.000000 2.815200 -0.000528 -0.000000 1.000000 0.000000 0.000000 0.000000 0.000000 1.000000
1.000000 -0.000000 0.000528 0.000000 0.000000 1.000000 -0.000000 2.815200 -0.000528 0.000000 1.000000 0.000000 0.000000 0.000000 0.000000 1.000000
1.000000 -0.000000 0.000528 0.000000 0.000000 1.000000 -0.000000 2.815200 -0.000528 0.000000 1.000000 -0.000000 0.000000 0.000000 0.000000 1.000000
1.000000 0.000000 0.000528 0.000000 -0.000000 1.000000 -0.000000 2.815200 -0.000528 0.000000 1.000000 -0.000000 0.000000 0.000000 0.000000 1.000000
1.000000 -0.000000 0.000528 0.000000 0.000000 1.000000 -0.000000 2.815200 -0.000528 0.000000 1.000000 0.000000 0.000000 0.000000 0.000000 1.000000
1.000000 -0.000000 0.000528 0.000000 0.000000 1.000000 -0.000000 2.815200 -0.000528 0.000000 1.000000 0.000000 0.000000 0.000000 0.000000 1.000000
1.000000 0.000000 0.000528 0.000000 -0.000000 1.000000 0.000000 2.815200 -0.000528 -0.000000 1.000000 0.000000 0.000000 0.000000 0.000000 1.000000
1.000000 0.000000 0.000528 0.000000 -0.000000 1.000000 -0.000000 2.815200 -0.000528 0.000000 1.000000 -0.000000 0.000000 0.000000 0.000000 1.000000
1.000000 0.000000 0.000528 -0.000000 -0.000000 1.000000 0.000000 2.815200 -0.000528 -0.000000 1.000000 0.000000 0.000000 0.000000 0.000000 1.000000
1.000000 -0.000000 0.000528 0.000000 0.000000 1.000000 0.000000 2.815200 -0.000528 -0.000000 1.000000 0.000000 0.000000 0.000000 0.000000 1.000000
1.000000 0.000000 0.000528 0.000000 -0.000000 1.000000 0.000000 2.815200 -0.000528 -0.000000 1.000000 -0.000000 0.000000 0.000000 0.000000 1.000000
1.000000 -0.000000 0.000528 0.000000 0.000000 1.000000 0.000000 2.815200 -0.000528 -0.000000 1.000000 0.000000 0.000000 0.000000 0.000000 1.000000
1.000000 -0.000000 0.000528 0.000000 0.000000 1.000000 -0.000000 2.815200 -0.000528 0.000000 1.000000 0.000000 0.000000 0.000000 0.000000 1.000000
1.000000 0.000000 0.000528 0.000000 -0.000000 1.000000 0.000000 2.815200 -0.000528 -0.000000 1.000000 0.000000 0.000000 0.000000 0.000000 1.000000
1.000000 0.000000 0.000528 -0.000000 -0.000000 1.000000 0.000000 2.815200 -0.000528 -0.000000 1.000000 0.000000 0.000000 0.000000 0.000000 1.000000
1.000000 -0.000000 0.000528 -0.000000 0.000000 1.000000 0.000000 2.815200 -0.000528 -0.000000 1.000000 0.000000 0.000000 0.000000 0.000000 1.000000
1.000000 -0.000000 0.000528 0.000000 0.000000 1.000000 -0.000000 2.815200 -0.000528 0.000000 1.000000 0.000000 0.000000 0.000000 0.000000 1.000000
1.000000 0.000000 0.000528 0.000000 -0.000000 1.000000 0.000000 2.815200 -0.000528 -0.000000 1.000000 0.000000 0.000000 0.000000 0.000000 1.000000
1.000000 0.000000 0.000528 0.000000 -0.000000 1.000000 0.000000 2.815200 -0.000528 -0.000000 1.000000 -0.000000 0.000000 0.000000 0.000000 1.000000
1.000000 -0.000000 0.000528 -0.000000 0.000000 1.000000 -0.000000 2.815200 -0.000528 0.000000 1.000000 0.000000 0.000000 0.000000 0.000000 1.000000
1.000000 -0.000000 0.000528 0.000000 0.000000 1.000000 0.000000 2.815200 -0.000528 -0.000000 1.000000 -0.000000 0.000000 0.000000 0.000000 1.000000
1.000000 0.000000 0.000528 0.000000 -0.000000 1.000000 0.000000 2.815200 -0.000528 -0.000000 1.000000 0.000000 0.000000 0.000000 0.000000 1.000000
1.000000 0.000000 0.000528 0.000000 -0.000000 1.000000 0.000000 2.815200 -0.000528 -0.000000 1.000000 0.000000 0.000000 0.000000 0.000000 1.000000
1.000000 -0.000000 0.000528 -0.000000 0.000000 1.000000 0.000000 2.815200 -0.000528 -0.000000 1.000000 0.000000 0.000000 0.000000 0.000000 1.000000
1.000000 0.000000 0.000528 -0.000000 -0.000000 1.000000 -0.000000 2.815200 -0.000528 0.000000 1.000000 -0.000000 0.000000 0.000000 0.000000 1.000000</float_array>
        <technique_common>
          <accessor source="#mixamorig_LeftHandPinky3-Matrix-animation-output-transform-array" count="71" stride="16">
            <param type="float4x4"/>
          </accessor>
        </technique_common>
      </source>
      <source id="mixamorig_LeftHandPinky3-Interpolations">
        <Name_array id="mixamorig_LeftHandPinky3-Interpolations-array" count="71">
 LINEAR LINEAR LINEAR LINEAR LINEAR LINEAR LINEAR LINEAR LINEAR LINEAR LINEAR
LINEAR LINEAR LINEAR LINEAR LINEAR LINEAR LINEAR LINEAR LINEAR LINEAR LINEAR LINEAR
LINEAR LINEAR LINEAR LINEAR LINEAR LINEAR LINEAR LINEAR LINEAR LINEAR LINEAR LINEAR
LINEAR LINEAR LINEAR LINEAR LINEAR LINEAR LINEAR LINEAR LINEAR LINEAR LINEAR LINEAR
LINEAR LINEAR LINEAR LINEAR LINEAR LINEAR LINEAR LINEAR LINEAR LINEAR LINEAR LINEAR
LINEAR LINEAR LINEAR LINEAR LINEAR LINEAR LINEAR LINEAR LINEAR LINEAR LINEAR LINEAR</Name_array>
        <technique_common>
          <accessor source="#mixamorig_LeftHandPinky3-Interpolations-array" count="71">
            <param type="name"/>
          </accessor>
        </technique_common>
      </source>
      <sampler id="mixamorig_LeftHandPinky3-Matrix-animation-transform">
        <input semantic="INPUT" source="#mixamorig_LeftHandPinky3-Matrix-animation-input"/>
        <input semantic="OUTPUT" source="#mixamorig_LeftHandPinky3-Matrix-animation-output-transform"/>
        <input semantic="INTERPOLATION" source="#mixamorig_LeftHandPinky3-Interpolations"/>
      </sampler>
      <channel source="#mixamorig_LeftHandPinky3-Matrix-animation-transform" target="mixamorig_LeftHandPinky3/matrix"/>
    </animation>
    <animation id="mixamorig_RightShoulder-anim" name="mixamorig_RightShoulder">
      <source id="mixamorig_RightShoulder-Matrix-animation-input">
        <float_array id="mixamorig_RightShoulder-Matrix-animation-input-array" count="71">

0.000000 0.033333 0.066667 0.100000 0.133333 0.166667 0.200000 0.233333 0.266667 0.300000 0.333333 0.366667 0.400000 0.433333 0.466667 0.500000
0.533333 0.566667 0.600000 0.633333 0.666667 0.700000 0.733333 0.766667 0.800000 0.833333 0.866667 0.900000 0.933333 0.966667 1.000000 1.033333
1.066667 1.100000 1.133333 1.166667 1.200000 1.233333 1.266667 1.300000 1.333333 1.366667 1.400000 1.433333 1.466667 1.500000 1.533333 1.566667
1.600000 1.633333 1.666667 1.700000 1.733333 1.766667 1.800000 1.833333 1.866667 1.900000 1.933333 1.966667 2.000000 2.033333 2.066667 2.100000
2.133333 2.166667 2.200000 2.233333 2.266667 2.300000 2.333333</float_array>
        <technique_common>
          <accessor source="#mixamorig_RightShoulder-Matrix-animation-input-array" count="71">
            <param name="TIME" type="float"/>
          </accessor>
        </technique_common>
      </source>
      <source id="mixamorig_RightShoulder-Matrix-animation-output-transform">
        <float_array id="mixamorig_RightShoulder-Matrix-animation-output-transform-array" count="1136">

0.305621 -0.815039 -0.492247 -6.144200 -0.077191 0.494072 -0.865987 10.187200 0.949019 0.302661 0.088085 -3.793200 0.000000 0.000000 0.000000 1.000000
0.306826 -0.814117 -0.493023 -6.144200 -0.081558 0.493614 -0.865849 10.187200 0.948265 0.305875 0.085055 -3.793200 0.000000 0.000000 0.000000 1.000000
0.312347 -0.813496 -0.490575 -6.144200 -0.082545 0.491217 -0.867117 10.187200 0.946375 0.311336 0.086280 -3.793200 0.000000 0.000000 0.000000 1.000000
0.315656 -0.813430 -0.488562 -6.144200 -0.087335 0.487795 -0.868579 10.187200 0.944846 0.316841 0.082934 -3.793200 0.000000 0.000000 0.000000 1.000000
0.318298 -0.813917 -0.486031 -6.144200 -0.093493 0.483245 -0.870479 10.187200 0.943369 0.322512 0.077720 -3.793200 0.000000 0.000000 0.000000 1.000000
0.326757 -0.813704 -0.480744 -6.144200 -0.093307 0.478407 -0.873167 10.187200 0.940491 0.330170 0.080398 -3.793200 0.000000 0.000000 0.000000 1.000000
0.328470 -0.814242 -0.478661 -6.144200 -0.099635 0.474082 -0.874825 10.187200 0.939245 0.335045 0.074595 -3.793200 0.000000 0.000000 0.000000 1.000000
0.331314 -0.814374 -0.476472 -6.144200 -0.103763 0.470482 -0.876288 10.187200 0.937798 0.339767 0.071375 -3.793200 0.000000 0.000000 0.000000 1.000000
0.334106 -0.814834 -0.473729 -6.144200 -0.106649 0.466701 -0.877961 10.187200 0.936482 0.343855 0.069026 -3.793200 0.000000 0.000000 0.000000 1.000000
0.335670 -0.815634 -0.471240 -6.144200 -0.110037 0.462888 -0.879560 10.187200 0.935531 0.347096 0.065628 -3.793200 0.000000 0.000000 0.000000 1.000000
0.337781 -0.816312 -0.468550 -6.144200 -0.112740 0.459135 -0.881184 10.187200 0.934449 0.350471 0.063056 -3.793200 0.000000 0.000000 0.000000 1.000000
0.340072 -0.816800 -0.466035 -6.144200 -0.114772 0.455818 -0.882642 10.187200 0.933369 0.353649 0.061265 -3.793200 0.000000 0.000000 0.000000 1.000000
0.342005 -0.817203 -0.463909 -6.144200 -0.115884 0.453232 -0.883828 10.187200 0.932525 0.356033 0.060306 -3.793200 0.000000 0.000000 0.000000 1.000000
0.341135 -0.817678 -0.463713 -6.144200 -0.119623 0.451532 -0.884200 10.187200 0.932372 0.357102 0.056220 -3.793200 0.000000 0.000000 0.000000 1.000000
0.341322 -0.817634 -0.463653 -6.144200 -0.121616 0.450714 -0.884345 10.187200 0.932046 0.358234 0.054401 -3.793200 0.000000 0.000000 0.000000 1.000000
0.342903 -0.816901 -0.463778 -6.144200 -0.122443 0.450630 -0.884274 10.187200 0.931357 0.360006 0.054499 -3.793200 0.000000 0.000000 0.000000 1.000000
0.344300 -0.815806 -0.464669 -6.144200 -0.124315 0.450958 -0.883845 10.187200 0.930593 0.362074 0.053848 -3.793200 0.000000 0.000000 0.000000 1.000000
0.345961 -0.814556 -0.465628 -6.144200 -0.125820 0.451514 -0.883349 10.187200 0.929774 0.364189 0.053718 -3.793200 0.000000 0.000000 0.000000 1.000000
0.347647 -0.812986 -0.467114 -6.144200 -0.126745 0.452869 -0.882522 10.187200 0.929020 0.366010 0.054397 -3.793200 0.000000 0.000000 0.000000 1.000000
0.346621 -0.811577 -0.470315 -6.144200 -0.129428 0.455222 -0.880921 10.187200 0.929033 0.366218 0.052749 -3.793200 0.000000 0.000000 0.000000 1.000000
0.345987 -0.810280 -0.473011 -6.144200 -0.129927 0.457912 -0.879452 10.187200 0.929200 0.365736 0.053155 -3.793200 0.000000 0.000000 0.000000 1.000000
0.346246 -0.808978 -0.475046 -6.144200 -0.128201 0.460817 -0.878187 10.187200 0.929343 0.364970 0.055844 -3.793200 0.000000 0.000000 0.000000 1.000000
0.345058 -0.808112 -0.477378 -6.144200 -0.127273 0.463633 -0.876839 10.187200 0.929912 0.363318 0.057129 -3.793200 0.000000 0.000000 0.000000 1.000000
0.342486 -0.807714 -0.479897 -6.144200 -0.127471 0.466116 -0.875492 10.187200 0.930835 0.361017 0.056679 -3.793200 0.000000 0.000000 0.000000 1.000000
0.341078 -0.807685 -0.480948 -6.144200 -0.125762 0.467822 -0.874829 10.187200 0.931584 0.358870 0.057988 -3.793200 0.000000 0.000000 0.000000 1.000000
0.339235 -0.808036 -0.481661 -6.144200 -0.125887 0.468422 -0.874490 10.187200 0.932240 0.357293 0.057184 -3.793200 0.000000 0.000000 0.000000 1.000000
0.339060 -0.808021 -0.481810 -6.144200 -0.124259 0.469195 -0.874309 10.187200 0.932522 0.356312 0.058682 -3.793200 0.000000 0.000000 0.000000 1.000000
0.339416 -0.807783 -0.481958 -6.144200 -0.121862 0.470295 -0.874055 10.187200 0.932709 0.355401 0.061187 -3.793200 0.000000 0.000000 0.000000 1.000000
0.337410 -0.808195 -0.482676 -6.144200 -0.121261 0.471157 -0.873674 10.187200 0.933515 0.353316 0.060971 -3.793200 0.000000 0.000000 0.000000 1.000000
0.335295 -0.808526 -0.483594 -6.144200 -0.119847 0.472532 -0.873127 10.187200 0.934459 0.350713 0.061538 -3.793200 0.000000 0.000000 0.000000 1.000000
0.333478 -0.808712 -0.484538 -6.144200 -0.117283 0.474378 -0.872474 10.187200 0.935434 0.347779 0.063346 -3.793200 0.000000 0.000000 0.000000 1.000000
0.331824 -0.808975 -0.485233 -6.144200 -0.114677 0.475970 -0.871953 10.187200 0.936345 0.344980 0.065167 -3.793200 0.000000 0.000000 0.000000 1.000000
0.329165 -0.809404 -0.486330 -6.144200 -0.113545 0.477367 -0.871337 10.187200 0.937421 0.342034 0.065229 -3.793200 0.000000 0.000000 0.000000 1.000000
0.326850 -0.809929 -0.487014 -6.144200 -0.112255 0.478399 -0.870938 10.187200 0.938386 0.339336 0.065446 -3.793200 0.000000 0.000000 0.000000 1.000000
0.326079 -0.810359 -0.486818 -6.144200 -0.109779 0.479021 -0.870912 10.187200 0.938947 0.337428 0.067238 -3.793200 0.000000 0.000000 0.000000 1.000000
0.324351 -0.811131 -0.486685 -6.144200 -0.108791 0.479099 -0.870993 10.187200 0.939660 0.335454 0.067152 -3.793200 0.000000 0.000000 0.000000 1.000000
0.324576 -0.811682 -0.485615 -6.144200 -0.105050 0.479300 -0.871341 10.187200 0.940008 0.333831 0.070302 -3.793200 0.000000 0.000000 0.000000 1.000000
0.321236 -0.812625 -0.486260 -6.144200 -0.104072 0.480071 -0.871035 10.187200 0.941263 0.330414 0.069644 -3.793200 0.000000 0.000000 0.000000 1.000000
0.318930 -0.813471 -0.486362 -6.144200 -0.101206 0.480996 -0.870862 10.187200 0.942359 0.326966 0.071076 -3.793200 0.000000 0.000000 0.000000 1.000000
0.316262 -0.814457 -0.486454 -6.144200 -0.098303 0.481878 -0.870707 10.187200 0.943565 0.323191 0.072336 -3.793200 0.000000 0.000000 0.000000 1.000000
0.314273 -0.815072 -0.486714 -6.144200 -0.094842 0.483169 -0.870375 10.187200 0.944583 0.319696 0.074544 -3.793200 0.000000 0.000000 0.000000 1.000000
0.310958 -0.815793 -0.487634 -6.144200 -0.092954 0.484506 -0.869835 10.187200 0.945867 0.315810 0.074829 -3.793200 0.000000 0.000000 0.000000 1.000000
0.308304 -0.816671 -0.487849 -6.144200 -0.090358 0.485372 -0.869626 10.187200 0.946987 0.312190 0.075849 -3.793200 0.000000 0.000000 0.000000 1.000000
0.305074 -0.817633 -0.488269 -6.144200 -0.088471 0.486161 -0.869379 10.187200 0.948210 0.308423 0.075978 -3.793200 0.000000 0.000000 0.000000 1.000000
0.303947 -0.817784 -0.488719 -6.144200 -0.084921 0.487690 -0.868877 10.187200 0.948897 0.305595 0.078785 -3.793200 0.000000 0.000000 0.000000 1.000000
0.301186 -0.818124 -0.489858 -6.144200 -0.083590 0.489082 -0.868223 10.187200 0.949894 0.302444 0.078918 -3.793200 0.000000 0.000000 0.000000 1.000000
0.300480 -0.818798 -0.489164 -6.144200 -0.080817 0.489163 -0.868440 10.187200 0.950358 0.300482 0.080811 -3.793200 0.000000 0.000000 0.000000 1.000000
0.297293 -0.820195 -0.488771 -6.144200 -0.080281 0.488630 -0.868790 10.187200 0.951405 0.297524 0.079420 -3.793200 0.000000 0.000000 0.000000 1.000000
0.296079 -0.820961 -0.488221 -6.144200 -0.078601 0.488464 -0.869037 10.187200 0.951924 0.295678 0.080095 -3.793200 0.000000 0.000000 0.000000 1.000000
0.295270 -0.821187 -0.488331 -6.144200 -0.077538 0.488838 -0.868922 10.187200 0.952262 0.294430 0.080666 -3.793200 0.000000 0.000000 0.000000 1.000000
0.296992 -0.820935 -0.487711 -6.144200 -0.073918 0.489458 -0.868888 10.187200 0.952015 0.294103 0.084683 -3.793200 0.000000 0.000000 0.000000 1.000000
0.295658 -0.820841 -0.488678 -6.144200 -0.074034 0.490320 -0.868392 10.187200 0.952421 0.292925 0.084197 -3.793200 0.000000 0.000000 0.000000 1.000000
0.294577 -0.820555 -0.489809 -6.144200 -0.074674 0.491220 -0.867829 10.187200 0.952706 0.292218 0.083428 -3.793200 0.000000 0.000000 0.000000 1.000000
0.293377 -0.819968 -0.491510 -6.144200 -0.075912 0.492529 -0.866979 10.187200 0.952978 0.291663 0.082251 -3.793200 0.000000 0.000000 0.000000 1.000000
0.295417 -0.819354 -0.491313 -6.144200 -0.073441 0.493267 -0.866772 10.187200 0.952541 0.292142 0.085546 -3.793200 0.000000 0.000000 0.000000 1.000000
0.297803 -0.819194 -0.490138 -6.144200 -0.069089 0.493592 -0.866945 10.187200 0.952124 0.292042 0.090396 -3.793200 0.000000 0.000000 0.000000 1.000000
0.294626 -0.819937 -0.490815 -6.144200 -0.068624 0.494133 -0.866674 10.187200 0.953146 0.289026 0.089317 -3.793200 0.000000 0.000000 0.000000 1.000000
0.294821 -0.821323 -0.488374 -6.144200 -0.062618 0.493386 -0.867554 10.187200 0.953499 0.286354 0.094031 -3.793200 0.000000 0.000000 0.000000 1.000000
0.288486 -0.823989 -0.487666 -6.144200 -0.062868 0.491921 -0.868367 10.187200 0.955418 0.281171 0.090110 -3.793200 0.000000 0.000000 0.000000 1.000000
0.287339 -0.826477 -0.484120 -6.144200 -0.057533 0.489630 -0.870030 10.187200 0.956100 0.277846 0.093140 -3.793200 0.000000 0.000000 0.000000 1.000000
0.284134 -0.829054 -0.481598 -6.144200 -0.055019 0.487374 -0.871458 10.187200 0.957205 0.274108 0.092866 -3.793200 0.000000 0.000000 0.000000 1.000000
0.283217 -0.830707 -0.479285 -6.144200 -0.051807 0.485765 -0.872553 10.187200 0.957656 0.271952 0.094541 -3.793200 0.000000 0.000000 0.000000 1.000000
0.282097 -0.831430 -0.478692 -6.144200 -0.051578 0.485091 -0.872941 10.187200 0.957998 0.270945 0.093959 -3.793200 0.000000 0.000000 0.000000 1.000000
0.282409 -0.831003 -0.479249 -6.144200 -0.052966 0.485316 -0.872733 10.187200 0.957831 0.271852 0.093043 -3.793200 0.000000 0.000000 0.000000 1.000000
0.282877 -0.829539 -0.481503 -6.144200 -0.057899 0.486324 -0.871858 10.187200 0.957407 0.274507 0.089540 -3.793200 0.000000 0.000000 0.000000 1.000000
0.289422 -0.826705 -0.482487 -6.144200 -0.059747 0.487475 -0.871090 10.187200 0.955335 0.280940 0.091693 -3.793200 0.000000 0.000000 0.000000 1.000000
0.295408 -0.823688 -0.484017 -6.144200 -0.063957 0.488441 -0.870250 10.187200 0.953228 0.288035 0.091609 -3.793200 0.000000 0.000000 0.000000 1.000000
0.299982 -0.820858 -0.486008 -6.144200 -0.069308 0.489371 -0.869317 10.187200 0.951424 0.294463 0.089911 -3.793200 0.000000 0.000000 0.000000 1.000000
0.303380 -0.818372 -0.488086 -6.144200 -0.073922 0.490471 -0.868317 10.187200 0.949998 0.299510 0.088304 -3.793200 0.000000 0.000000 0.000000 1.000000
0.306521 -0.816181 -0.489789 -6.144200 -0.075545 0.492075 -0.867269 10.187200 0.948861 0.302838 0.089173 -3.793200 0.000000 0.000000 0.000000 1.000000
0.305615 -0.814980 -0.492348 -6.144200 -0.077185 0.494181 -0.865926 10.187200 0.949022 0.302642 0.088125 -3.793200 0.000000 0.000000 0.000000 1.000000</float_array>
        <technique_common>
          <accessor source="#mixamorig_RightShoulder-Matrix-animation-output-transform-array" count="71" stride="16">
            <param type="float4x4"/>
          </accessor>
        </technique_common>
      </source>
      <source id="mixamorig_RightShoulder-Interpolations">
        <Name_array id="mixamorig_RightShoulder-Interpolations-array" count="71">
 LINEAR LINEAR LINEAR LINEAR LINEAR LINEAR LINEAR LINEAR LINEAR LINEAR LINEAR
LINEAR LINEAR LINEAR LINEAR LINEAR LINEAR LINEAR LINEAR LINEAR LINEAR LINEAR LINEAR
LINEAR LINEAR LINEAR LINEAR LINEAR LINEAR LINEAR LINEAR LINEAR LINEAR LINEAR LINEAR
LINEAR LINEAR LINEAR LINEAR LINEAR LINEAR LINEAR LINEAR LINEAR LINEAR LINEAR LINEAR
LINEAR LINEAR LINEAR LINEAR LINEAR LINEAR LINEAR LINEAR LINEAR LINEAR LINEAR LINEAR
LINEAR LINEAR LINEAR LINEAR LINEAR LINEAR LINEAR LINEAR LINEAR LINEAR LINEAR LINEAR</Name_array>
        <technique_common>
          <accessor source="#mixamorig_RightShoulder-Interpolations-array" count="71">
            <param type="name"/>
          </accessor>
        </technique_common>
      </source>
      <sampler id="mixamorig_RightShoulder-Matrix-animation-transform">
        <input semantic="INPUT" source="#mixamorig_RightShoulder-Matrix-animation-input"/>
        <input semantic="OUTPUT" source="#mixamorig_RightShoulder-Matrix-animation-output-transform"/>
        <input semantic="INTERPOLATION" source="#mixamorig_RightShoulder-Interpolations"/>
      </sampler>
      <channel source="#mixamorig_RightShoulder-Matrix-animation-transform" target="mixamorig_RightShoulder/matrix"/>
    </animation>
    <animation id="mixamorig_RightArm-anim" name="mixamorig_RightArm">
      <source id="mixamorig_RightArm-Matrix-animation-input">
        <float_array id="mixamorig_RightArm-Matrix-animation-input-array" count="71">

0.000000 0.033333 0.066667 0.100000 0.133333 0.166667 0.200000 0.233333 0.266667 0.300000 0.333333 0.366667 0.400000 0.433333 0.466667 0.500000
0.533333 0.566667 0.600000 0.633333 0.666667 0.700000 0.733333 0.766667 0.800000 0.833333 0.866667 0.900000 0.933333 0.966667 1.000000 1.033333
1.066667 1.100000 1.133333 1.166667 1.200000 1.233333 1.266667 1.300000 1.333333 1.366667 1.400000 1.433333 1.466667 1.500000 1.533333 1.566667
1.600000 1.633333 1.666667 1.700000 1.733333 1.766667 1.800000 1.833333 1.866667 1.900000 1.933333 1.966667 2.000000 2.033333 2.066667 2.100000
2.133333 2.166667 2.200000 2.233333 2.266667 2.300000 2.333333</float_array>
        <technique_common>
          <accessor source="#mixamorig_RightArm-Matrix-animation-input-array" count="71">
            <param name="TIME" type="float"/>
          </accessor>
        </technique_common>
      </source>
      <source id="mixamorig_RightArm-Matrix-animation-output-transform">
        <float_array id="mixamorig_RightArm-Matrix-animation-output-transform-array" count="1136">

0.574848 0.337899 0.745234 0.000000 -0.533742 0.845167 0.028501 12.466000 -0.620216 -0.414147 0.666194 0.000000 0.000000 0.000000 0.000000 1.000000
0.576036 0.334856 0.745690 -0.000000 -0.531863 0.846269 0.030836 12.466000 -0.620728 -0.414368 0.665579 -0.000000 0.000000 0.000000 0.000000 1.000000
0.580040 0.330573 0.744496 0.000000 -0.529175 0.847755 0.035860 12.466000 -0.619296 -0.414769 0.666663 0.000000 0.000000 0.000000 0.000000 1.000000
0.583118 0.324662 0.744693 0.000000 -0.526502 0.849132 0.042073 12.466000 -0.618683 -0.416616 0.666080 0.000000 0.000000 0.000000 0.000000 1.000000
0.585280 0.318567 0.745629 -0.000000 -0.524979 0.849701 0.049050 12.466000 -0.617936 -0.420148 0.664554 0.000000 0.000000 0.000000 0.000000 1.000000
0.590128 0.313121 0.744113 0.000000 -0.522981 0.850444 0.056891 12.466000 -0.615012 -0.422730 0.665627 0.000000 0.000000 0.000000 0.000000 1.000000
0.589881 0.308386 0.746283 0.000000 -0.523332 0.849835 0.062478 12.466000 -0.614950 -0.427409 0.662690 0.000000 0.000000 0.000000 0.000000 1.000000
0.590674 0.305023 0.747037 0.000000 -0.523597 0.849310 0.067219 12.466000 -0.613963 -0.430851 0.661375 0.000000 0.000000 0.000000 0.000000 1.000000
0.590856 0.302653 0.747857 0.000000 -0.524480 0.848456 0.071009 12.466000 -0.613033 -0.434192 0.660051 -0.000000 0.000000 0.000000 0.000000 1.000000
0.590493 0.300840 0.748875 -0.000000 -0.525920 0.847281 0.074320 12.466000 -0.612149 -0.437734 0.658531 0.000000 0.000000 0.000000 0.000000 1.000000
0.590403 0.299068 0.749655 0.000000 -0.527082 0.846273 0.077500 12.466000 -0.611235 -0.440886 0.657276 -0.000000 0.000000 0.000000 0.000000 1.000000
0.590252 0.297573 0.750368 0.000000 -0.528134 0.845366 0.080193 12.466000 -0.610473 -0.443629 0.656137 0.000000 0.000000 0.000000 0.000000 1.000000
0.589982 0.297018 0.750800 0.000000 -0.529193 0.844556 0.081734 12.466000 -0.609816 -0.445539 0.655453 -0.000000 0.000000 0.000000 0.000000 1.000000
0.588806 0.296542 0.751911 0.000000 -0.530149 0.843898 0.082329 12.466000 -0.610122 -0.447100 0.654104 0.000000 0.000000 0.000000 0.000000 1.000000
0.588462 0.296358 0.752253 0.000000 -0.530177 0.843885 0.082282 12.466000 -0.610430 -0.447247 0.653716 0.000000 0.000000 0.000000 0.000000 1.000000
0.589168 0.295787 0.751925 0.000000 -0.528962 0.844655 0.082202 12.466000 -0.610803 -0.446170 0.654104 0.000000 0.000000 0.000000 0.000000 1.000000
0.589828 0.294540 0.751897 0.000000 -0.527358 0.845636 0.082427 12.466000 -0.611553 -0.445136 0.654108 -0.000000 0.000000 0.000000 0.000000 1.000000
0.590355 0.293258 0.751984 0.000000 -0.525994 0.846444 0.082843 12.466000 -0.612218 -0.444446 0.653954 0.000000 0.000000 0.000000 0.000000 1.000000
0.591754 0.292184 0.751303 0.000000 -0.523974 0.847677 0.083036 12.466000 -0.612600 -0.442800 0.654713 0.000000 0.000000 0.000000 0.000000 1.000000
0.592231 0.291497 0.751194 0.000000 -0.522126 0.848895 0.082227 12.466000 -0.613715 -0.440916 0.654940 0.000000 0.000000 0.000000 0.000000 1.000000
0.592275 0.292211 0.750881 -0.000000 -0.521234 0.849608 0.080505 12.466000 -0.614430 -0.439066 0.655512 0.000000 0.000000 0.000000 0.000000 1.000000
0.592568 0.294184 0.749879 0.000000 -0.520922 0.850017 0.078173 12.466000 -0.614413 -0.436951 0.656940 -0.000000 0.000000 0.000000 0.000000 1.000000
0.591934 0.296673 0.749399 0.000000 -0.521618 0.849825 0.075585 12.466000 -0.614434 -0.435641 0.657790 0.000000 0.000000 0.000000 0.000000 1.000000
0.590481 0.298758 0.749718 0.000000 -0.522435 0.849554 0.072930 12.466000 -0.615137 -0.434743 0.657727 0.000000 0.000000 0.000000 0.000000 1.000000
0.590067 0.300548 0.749328 0.000000 -0.522868 0.849449 0.071033 12.466000 -0.615167 -0.433714 0.658379 0.000000 0.000000 0.000000 0.000000 1.000000
0.589937 0.299914 0.749684 0.000000 -0.521749 0.850185 0.070452 12.466000 -0.616241 -0.432709 0.658035 0.000000 0.000000 0.000000 0.000000 1.000000
0.591943 0.298459 0.748683 0.000000 -0.518441 0.852230 0.070165 12.466000 -0.617109 -0.429681 0.659205 -0.000000 0.000000 0.000000 0.000000 1.000000
0.595069 0.296347 0.747042 0.000000 -0.513503 0.855247 0.069768 12.466000 -0.618229 -0.425125 0.661106 -0.000000 0.000000 0.000000 0.000000 1.000000
0.596443 0.294637 0.746622 0.000000 -0.509769 0.857555 0.068817 12.466000 -0.619993 -0.421650 0.661680 0.000000 0.000000 0.000000 0.000000 1.000000
0.597448 0.294208 0.745988 0.000000 -0.507014 0.859318 0.067153 12.466000 -0.621284 -0.418346 0.662565 -0.000000 0.000000 0.000000 0.000000 1.000000
0.597240 0.295645 0.745586 0.000000 -0.505950 0.860170 0.064203 12.466000 -0.622350 -0.415573 0.663310 0.000000 0.000000 0.000000 0.000000 1.000000
0.596192 0.298419 0.745320 0.000000 -0.506996 0.859765 0.061312 12.466000 -0.622503 -0.414428 0.663882 -0.000000 0.000000 0.000000 0.000000 1.000000
0.593825 0.301524 0.745960 -0.000000 -0.509394 0.858545 0.058473 12.466000 -0.622809 -0.414710 0.663419 0.000000 0.000000 0.000000 0.000000 1.000000
0.591430 0.305255 0.746345 0.000000 -0.512720 0.856734 0.055893 12.466000 -0.622358 -0.415723 0.663209 0.000000 0.000000 0.000000 0.000000 1.000000
0.589162 0.309128 0.746544 0.000000 -0.516287 0.854742 0.053517 12.466000 -0.621559 -0.416961 0.663180 0.000000 0.000000 0.000000 0.000000 1.000000
0.586628 0.312282 0.747227 0.000000 -0.520043 0.852557 0.051970 12.466000 -0.620824 -0.419077 0.662534 0.000000 0.000000 0.000000 0.000000 1.000000
0.585505 0.315533 0.746741 0.000000 -0.522744 0.851006 0.050283 12.466000 -0.619615 -0.419795 0.663211 0.000000 0.000000 0.000000 0.000000 1.000000
0.583090 0.318485 0.747377 -0.000000 -0.525403 0.849504 0.047904 12.466000 -0.619643 -0.420607 0.662671 -0.000000 0.000000 0.000000 0.000000 1.000000
0.581241 0.321732 0.747427 0.000000 -0.527543 0.848332 0.045081 12.466000 -0.619562 -0.420503 0.662812 -0.000000 0.000000 0.000000 0.000000 1.000000
0.579319 0.325006 0.747503 0.000000 -0.529727 0.847117 0.042224 12.466000 -0.619499 -0.420434 0.662915 -0.000000 0.000000 0.000000 0.000000 1.000000
0.578171 0.328039 0.747067 0.000000 -0.530734 0.846641 0.038985 12.466000 -0.619709 -0.419034 0.663605 0.000000 0.000000 0.000000 0.000000 1.000000
0.576608 0.330463 0.747206 0.000000 -0.531399 0.846367 0.035755 12.466000 -0.620595 -0.417681 0.663630 0.000000 0.000000 0.000000 0.000000 1.000000
0.575153 0.332802 0.747289 0.000000 -0.531944 0.846152 0.032582 12.466000 -0.621477 -0.416256 0.663699 0.000000 0.000000 0.000000 0.000000 1.000000
0.573758 0.335027 0.747368 0.000000 -0.532423 0.845964 0.029518 12.466000 -0.622357 -0.414852 0.663755 0.000000 0.000000 0.000000 0.000000 1.000000
0.574099 0.337108 0.746169 0.000000 -0.531422 0.846697 0.026348 12.466000 -0.622897 -0.411658 0.665234 0.000000 0.000000 0.000000 0.000000 1.000000
0.573061 0.339003 0.746108 -0.000000 -0.531570 0.846686 0.023579 12.466000 -0.623726 -0.410121 0.665407 0.000000 0.000000 0.000000 0.000000 1.000000
0.572017 0.341030 0.745986 0.000000 -0.533078 0.845777 0.022111 12.466000 -0.623397 -0.410317 0.665595 -0.000000 0.000000 0.000000 0.000000 1.000000
0.568870 0.343454 0.747280 0.000000 -0.536788 0.843456 0.020975 12.466000 -0.623094 -0.413063 0.664179 -0.000000 0.000000 0.000000 0.000000 1.000000
0.567562 0.345078 0.747525 -0.000000 -0.538927 0.842104 0.020444 12.466000 -0.622439 -0.414465 0.663919 -0.000000 0.000000 0.000000 0.000000 1.000000
0.567134 0.345792 0.747520 -0.000000 -0.539523 0.841735 0.019956 12.466000 -0.622313 -0.414622 0.663939 0.000000 0.000000 0.000000 0.000000 1.000000
0.568341 0.346327 0.746356 0.000000 -0.538899 0.842143 0.019591 12.466000 -0.621753 -0.413345 0.665259 0.000000 0.000000 0.000000 0.000000 1.000000
0.568324 0.346262 0.746398 0.000000 -0.538221 0.842591 0.018927 12.466000 -0.622355 -0.412484 0.665230 0.000000 0.000000 0.000000 0.000000 1.000000
0.569017 0.345715 0.746124 0.000000 -0.536871 0.843459 0.018619 12.466000 -0.622888 -0.411166 0.665547 -0.000000 0.000000 0.000000 0.000000 1.000000
0.569492 0.344873 0.746151 0.000000 -0.535249 0.844499 0.018193 12.466000 -0.623849 -0.409737 0.665528 -0.000000 0.000000 0.000000 0.000000 1.000000
0.570746 0.344453 0.745386 -0.000000 -0.533974 0.845304 0.018240 12.466000 -0.623795 -0.408427 0.666384 0.000000 0.000000 0.000000 0.000000 1.000000
0.571166 0.345445 0.744605 -0.000000 -0.534366 0.845065 0.017846 12.466000 -0.623075 -0.408085 0.667266 0.000000 0.000000 0.000000 0.000000 1.000000
0.567251 0.348458 0.746193 0.000000 -0.538043 0.842775 0.015457 12.466000 -0.623487 -0.410252 0.665550 0.000000 0.000000 0.000000 0.000000 1.000000
0.563644 0.354880 0.745899 0.000000 -0.544714 0.838526 0.012667 12.466000 -0.620960 -0.413441 0.665939 -0.000000 0.000000 0.000000 0.000000 1.000000
0.555577 0.362072 0.748491 0.000000 -0.554154 0.832369 0.008681 12.466000 -0.619878 -0.419602 0.663088 0.000000 0.000000 0.000000 0.000000 1.000000
0.550291 0.369549 0.748741 0.000000 -0.562886 0.826514 0.005762 12.466000 -0.616716 -0.424626 0.662837 0.000000 0.000000 0.000000 0.000000 1.000000
0.544333 0.376087 0.749840 -0.000000 -0.571494 0.820600 0.003288 12.466000 -0.614082 -0.430319 0.661611 0.000000 0.000000 0.000000 0.000000 1.000000
0.540828 0.380994 0.749899 -0.000000 -0.577364 0.816485 0.001572 12.466000 -0.611682 -0.433816 0.661550 0.000000 0.000000 0.000000 0.000000 1.000000
0.538574 0.383088 0.750454 0.000000 -0.580178 0.814489 0.000597 12.466000 -0.611009 -0.435719 0.660922 0.000000 0.000000 0.000000 0.000000 1.000000
0.539113 0.381917 0.750665 0.000000 -0.579305 0.815109 0.001341 12.466000 -0.611361 -0.435587 0.660682 0.000000 0.000000 0.000000 0.000000 1.000000
0.541362 0.376977 0.751543 0.000000 -0.574830 0.818265 0.003625 12.466000 -0.613594 -0.433972 0.659675 0.000000 0.000000 0.000000 0.000000 1.000000
0.548972 0.369265 0.749849 -0.000000 -0.566041 0.824333 0.008460 12.466000 -0.615002 -0.429090 0.661555 0.000000 0.000000 0.000000 0.000000 1.000000
0.556607 0.359817 0.748813 0.000000 -0.556659 0.830612 0.014652 12.466000 -0.616701 -0.424989 0.662620 -0.000000 0.000000 0.000000 0.000000 1.000000
0.563288 0.350550 0.748213 0.000000 -0.547990 0.836227 0.020766 12.466000 -0.618396 -0.421710 0.663134 0.000000 0.000000 0.000000 0.000000 1.000000
0.568819 0.343401 0.747342 0.000000 -0.541172 0.840520 0.025682 12.466000 -0.619336 -0.419049 0.663943 0.000000 0.000000 0.000000 0.000000 1.000000
0.573426 0.339190 0.745743 0.000000 -0.535914 0.843798 0.028293 12.466000 -0.619660 -0.415878 0.665633 0.000000 0.000000 0.000000 0.000000 1.000000
0.574859 0.337922 0.745215 0.000000 -0.533739 0.845169 0.028480 12.466000 -0.620209 -0.414123 0.666215 0.000000 0.000000 0.000000 0.000000 1.000000</float_array>
        <technique_common>
          <accessor source="#mixamorig_RightArm-Matrix-animation-output-transform-array" count="71" stride="16">
            <param type="float4x4"/>
          </accessor>
        </technique_common>
      </source>
      <source id="mixamorig_RightArm-Interpolations">
        <Name_array id="mixamorig_RightArm-Interpolations-array" count="71">
 LINEAR LINEAR LINEAR LINEAR LINEAR LINEAR LINEAR LINEAR LINEAR LINEAR LINEAR
LINEAR LINEAR LINEAR LINEAR LINEAR LINEAR LINEAR LINEAR LINEAR LINEAR LINEAR LINEAR
LINEAR LINEAR LINEAR LINEAR LINEAR LINEAR LINEAR LINEAR LINEAR LINEAR LINEAR LINEAR
LINEAR LINEAR LINEAR LINEAR LINEAR LINEAR LINEAR LINEAR LINEAR LINEAR LINEAR LINEAR
LINEAR LINEAR LINEAR LINEAR LINEAR LINEAR LINEAR LINEAR LINEAR LINEAR LINEAR LINEAR
LINEAR LINEAR LINEAR LINEAR LINEAR LINEAR LINEAR LINEAR LINEAR LINEAR LINEAR LINEAR</Name_array>
        <technique_common>
          <accessor source="#mixamorig_RightArm-Interpolations-array" count="71">
            <param type="name"/>
          </accessor>
        </technique_common>
      </source>
      <sampler id="mixamorig_RightArm-Matrix-animation-transform">
        <input semantic="INPUT" source="#mixamorig_RightArm-Matrix-animation-input"/>
        <input semantic="OUTPUT" source="#mixamorig_RightArm-Matrix-animation-output-transform"/>
        <input semantic="INTERPOLATION" source="#mixamorig_RightArm-Interpolations"/>
      </sampler>
      <channel source="#mixamorig_RightArm-Matrix-animation-transform" target="mixamorig_RightArm/matrix"/>
    </animation>
    <animation id="mixamorig_RightForeArm-anim" name="mixamorig_RightForeArm">
      <source id="mixamorig_RightForeArm-Matrix-animation-input">
        <float_array id="mixamorig_RightForeArm-Matrix-animation-input-array" count="71">

0.000000 0.033333 0.066667 0.100000 0.133333 0.166667 0.200000 0.233333 0.266667 0.300000 0.333333 0.366667 0.400000 0.433333 0.466667 0.500000
0.533333 0.566667 0.600000 0.633333 0.666667 0.700000 0.733333 0.766667 0.800000 0.833333 0.866667 0.900000 0.933333 0.966667 1.000000 1.033333
1.066667 1.100000 1.133333 1.166667 1.200000 1.233333 1.266667 1.300000 1.333333 1.366667 1.400000 1.433333 1.466667 1.500000 1.533333 1.566667
1.600000 1.633333 1.666667 1.700000 1.733333 1.766667 1.800000 1.833333 1.866667 1.900000 1.933333 1.966667 2.000000 2.033333 2.066667 2.100000
2.133333 2.166667 2.200000 2.233333 2.266667 2.300000 2.333333</float_array>
        <technique_common>
          <accessor source="#mixamorig_RightForeArm-Matrix-animation-input-array" count="71">
            <param name="TIME" type="float"/>
          </accessor>
        </technique_common>
      </source>
      <source id="mixamorig_RightForeArm-Matrix-animation-output-transform">
        <float_array id="mixamorig_RightForeArm-Matrix-animation-output-transform-array" count="1136">

0.831307 0.428723 0.353731 -0.000000 -0.441886 0.895826 -0.047262 27.687000 -0.337144 -0.117019 0.934152 0.000000 0.000000 0.000000 0.000000 1.000000
0.830252 0.429999 0.354657 0.000000 -0.443602 0.895008 -0.046667 27.687000 -0.337488 -0.118581 0.933831 -0.000000 0.000000 0.000000 0.000000 1.000000
0.829499 0.433496 0.352154 -0.000000 -0.446409 0.893520 -0.048391 27.687000 -0.335634 -0.117064 0.934690 0.000000 0.000000 0.000000 0.000000 1.000000
0.827871 0.437377 0.351185 -0.000000 -0.450256 0.891556 -0.048956 27.687000 -0.334513 -0.117594 0.935025 0.000000 0.000000 0.000000 0.000000 1.000000
0.826637 0.440230 0.350527 -0.000000 -0.453395 0.889988 -0.048519 27.687000 -0.333324 -0.118820 0.935295 -0.000000 0.000000 0.000000 0.000000 1.000000
0.827104 0.442876 0.346063 0.000000 -0.454678 0.889181 -0.051235 27.687000 -0.330404 -0.114971 0.936811 0.000000 0.000000 0.000000 0.000000 1.000000
0.827165 0.442935 0.345842 -0.000000 -0.455030 0.889052 -0.050334 27.687000 -0.329766 -0.115734 0.936942 0.000000 0.000000 0.000000 0.000000 1.000000
0.827645 0.442525 0.345216 -0.000000 -0.454603 0.889286 -0.050061 27.687000 -0.329149 -0.115504 0.937187 0.000000 0.000000 0.000000 0.000000 1.000000
0.828703 0.441893 0.343485 -0.000000 -0.453717 0.889742 -0.050000 27.687000 -0.327708 -0.114410 0.937826 0.000000 0.000000 0.000000 0.000000 1.000000
0.829755 0.440831 0.342307 -0.000000 -0.452665 0.890316 -0.049304 27.687000 -0.326497 -0.114040 0.938294 0.000000 0.000000 0.000000 0.000000 1.000000
0.830757 0.439848 0.341140 0.000000 -0.451570 0.890890 -0.048986 27.687000 -0.325464 -0.113353 0.938735 0.000000 0.000000 0.000000 0.000000 1.000000
0.831886 0.438763 0.339782 0.000000 -0.450244 0.891563 -0.048954 27.687000 -0.324416 -0.112261 0.939229 -0.000000 0.000000 0.000000 0.000000 1.000000
0.833127 0.437720 0.338085 0.000000 -0.448802 0.892272 -0.049266 27.687000 -0.323228 -0.110688 0.939825 0.000000 0.000000 0.000000 0.000000 1.000000
0.833511 0.436371 0.338880 -0.000000 -0.447881 0.892802 -0.048038 27.687000 -0.323515 -0.111737 0.939602 -0.000000 0.000000 0.000000 0.000000 1.000000
0.834038 0.435310 0.338948 -0.000000 -0.447025 0.893273 -0.047248 27.687000 -0.323341 -0.112111 0.939618 0.000000 0.000000 0.000000 0.000000 1.000000
0.834516 0.434733 0.338513 0.000000 -0.446382 0.893599 -0.047161 27.687000 -0.322997 -0.111749 0.939779 -0.000000 0.000000 0.000000 0.000000 1.000000
0.834701 0.434062 0.338916 0.000000 -0.445777 0.893910 -0.046980 27.687000 -0.323353 -0.111866 0.939643 0.000000 0.000000 0.000000 0.000000 1.000000
0.835362 0.432815 0.338882 0.000000 -0.444512 0.894551 -0.046762 27.687000 -0.323387 -0.111574 0.939666 -0.000000 0.000000 0.000000 0.000000 1.000000
0.835763 0.431624 0.339413 0.000000 -0.443318 0.895146 -0.046721 27.687000 -0.323990 -0.111420 0.939476 0.000000 0.000000 0.000000 0.000000 1.000000
0.835701 0.430076 0.341524 0.000000 -0.442296 0.895706 -0.045660 27.687000 -0.325542 -0.112896 0.938763 -0.000000 0.000000 0.000000 0.000000 1.000000
0.836326 0.428199 0.342351 0.000000 -0.440569 0.896583 -0.045150 27.687000 -0.326279 -0.113070 0.938487 0.000000 0.000000 0.000000 0.000000 1.000000
0.837355 0.426281 0.342230 0.000000 -0.438451 0.897614 -0.045282 27.687000 -0.326493 -0.112134 0.938525 0.000000 0.000000 0.000000 0.000000 1.000000
0.838138 0.424063 0.343067 -0.000000 -0.436264 0.898691 -0.045041 27.687000 -0.327411 -0.111917 0.938231 0.000000 0.000000 0.000000 0.000000 1.000000
0.838228 0.422706 0.344520 0.000000 -0.435234 0.899224 -0.044359 27.687000 -0.328551 -0.112764 0.937730 -0.000000 0.000000 0.000000 0.000000 1.000000
0.838012 0.422762 0.344976 -0.000000 -0.435259 0.899199 -0.044624 27.687000 -0.329067 -0.112758 0.937550 0.000000 0.000000 0.000000 0.000000 1.000000
0.836132 0.425357 0.346345 0.000000 -0.438282 0.897738 -0.044458 27.687000 -0.329837 -0.114624 0.937053 0.000000 0.000000 0.000000 0.000000 1.000000
0.833680 0.429662 0.346940 -0.000000 -0.442724 0.895518 -0.045194 27.687000 -0.330109 -0.115922 0.936798 0.000000 0.000000 0.000000 0.000000 1.000000
0.830509 0.435498 0.347269 0.000000 -0.448646 0.892509 -0.046307 27.687000 -0.330108 -0.117342 0.936621 0.000000 0.000000 0.000000 0.000000 1.000000
0.827123 0.440758 0.348713 0.000000 -0.454433 0.889567 -0.046488 27.687000 -0.330694 -0.120015 0.936076 -0.000000 0.000000 0.000000 0.000000 1.000000
0.824223 0.444716 0.350549 0.000000 -0.458935 0.887251 -0.046527 27.687000 -0.331716 -0.122531 0.935388 0.000000 0.000000 0.000000 0.000000 1.000000
0.822963 0.446310 0.351482 0.000000 -0.460691 0.886327 -0.046787 27.687000 -0.332409 -0.123420 0.935025 0.000000 0.000000 0.000000 0.000000 1.000000
0.823152 0.445371 0.352229 0.000000 -0.459655 0.886845 -0.047153 27.687000 -0.333373 -0.123090 0.934725 -0.000000 0.000000 0.000000 0.000000 1.000000
0.823983 0.443116 0.353128 0.000000 -0.457293 0.888056 -0.047320 27.687000 -0.334566 -0.122492 0.934378 0.000000 0.000000 0.000000 0.000000 1.000000
0.825380 0.439933 0.353845 0.000000 -0.454039 0.889735 -0.047109 27.687000 -0.335553 -0.121776 0.934117 0.000000 0.000000 0.000000 0.000000 1.000000
0.827556 0.436347 0.353203 -0.000000 -0.450038 0.891759 -0.047238 27.687000 -0.335585 -0.119863 0.934353 -0.000000 0.000000 0.000000 0.000000 1.000000
0.829096 0.432822 0.353929 -0.000000 -0.446571 0.893534 -0.046593 27.687000 -0.336414 -0.119424 0.934111 -0.000000 0.000000 0.000000 0.000000 1.000000
0.830589 0.430409 0.353369 0.000000 -0.443751 0.894917 -0.046990 27.687000 -0.336461 -0.117778 0.934303 0.000000 0.000000 0.000000 0.000000 1.000000
0.831110 0.428291 0.354715 -0.000000 -0.441940 0.895855 -0.046194 27.687000 -0.337557 -0.118370 0.933833 0.000000 0.000000 0.000000 0.000000 1.000000
0.831602 0.427072 0.355031 -0.000000 -0.440718 0.896463 -0.046059 27.687000 -0.337943 -0.118166 0.933719 0.000000 0.000000 0.000000 0.000000 1.000000
0.831616 0.426280 0.355948 0.000000 -0.440019 0.896811 -0.045977 27.687000 -0.338817 -0.118389 0.933374 0.000000 0.000000 0.000000 0.000000 1.000000
0.831305 0.426388 0.356546 0.000000 -0.440224 0.896711 -0.045959 27.687000 -0.339315 -0.118754 0.933147 0.000000 0.000000 0.000000 0.000000 1.000000
0.830400 0.427036 0.357878 -0.000000 -0.441300 0.896209 -0.045428 27.687000 -0.340133 -0.120209 0.932663 0.000000 0.000000 0.000000 0.000000 1.000000
0.829585 0.428235 0.358334 0.000000 -0.442677 0.895532 -0.045375 27.687000 -0.340331 -0.120984 0.932490 0.000000 0.000000 0.000000 0.000000 1.000000
0.828412 0.429568 0.359452 -0.000000 -0.444501 0.894660 -0.044756 27.687000 -0.340813 -0.122701 0.932090 0.000000 0.000000 0.000000 0.000000 1.000000
0.827182 0.431708 0.359719 0.000000 -0.446679 0.893551 -0.045226 27.687000 -0.340952 -0.123269 0.931964 0.000000 0.000000 0.000000 0.000000 1.000000
0.826166 0.432810 0.360729 -0.000000 -0.448066 0.892863 -0.045085 27.687000 -0.341594 -0.124383 0.931580 0.000000 0.000000 0.000000 0.000000 1.000000
0.826302 0.433277 0.359855 -0.000000 -0.448204 0.892760 -0.045740 27.687000 -0.341082 -0.123493 0.931886 0.000000 0.000000 0.000000 0.000000 1.000000
0.826900 0.432100 0.359897 0.000000 -0.447212 0.893295 -0.044993 27.687000 -0.340936 -0.123746 0.931907 0.000000 0.000000 0.000000 0.000000 1.000000
0.827255 0.431771 0.359477 0.000000 -0.446711 0.893535 -0.045228 27.687000 -0.340733 -0.123167 0.932057 0.000000 0.000000 0.000000 0.000000 1.000000
0.827058 0.432203 0.359410 0.000000 -0.447189 0.893298 -0.045172 27.687000 -0.340584 -0.123365 0.932086 0.000000 0.000000 0.000000 0.000000 1.000000
0.827102 0.433169 0.358144 -0.000000 -0.447536 0.893052 -0.046585 27.687000 -0.340020 -0.121751 0.932503 0.000000 0.000000 0.000000 0.000000 1.000000
0.826643 0.433802 0.358437 0.000000 -0.448379 0.892645 -0.046263 27.687000 -0.340026 -0.122473 0.932407 0.000000 0.000000 0.000000 0.000000 1.000000
0.826015 0.434646 0.358863 -0.000000 -0.449377 0.892147 -0.046193 27.687000 -0.340236 -0.123109 0.932247 0.000000 0.000000 0.000000 0.000000 1.000000
0.825374 0.435249 0.359605 0.000000 -0.450291 0.891709 -0.045764 27.687000 -0.340581 -0.124154 0.931982 0.000000 0.000000 0.000000 0.000000 1.000000
0.825716 0.435733 0.358231 -0.000000 -0.450302 0.891658 -0.046628 27.687000 -0.339737 -0.122810 0.932468 0.000000 0.000000 0.000000 0.000000 1.000000
0.827071 0.434530 0.356562 0.000000 -0.448437 0.892549 -0.047538 27.687000 -0.338906 -0.120578 0.933061 0.000000 0.000000 0.000000 0.000000 1.000000
0.828759 0.430817 0.357148 0.000000 -0.445189 0.894271 -0.045675 27.687000 -0.339065 -0.121145 0.932930 -0.000000 0.000000 0.000000 0.000000 1.000000
0.832762 0.424959 0.354848 0.000000 -0.438586 0.897532 -0.045588 27.687000 -0.337861 -0.117667 0.933812 0.000000 0.000000 0.000000 0.000000 1.000000
0.836438 0.417353 0.355229 0.000000 -0.431655 0.901050 -0.042235 27.687000 -0.337705 -0.118009 0.933825 -0.000000 0.000000 0.000000 0.000000 1.000000
0.841078 0.410451 0.352304 0.000000 -0.423900 0.904732 -0.042051 27.687000 -0.336001 -0.113973 0.934940 0.000000 0.000000 0.000000 0.000000 1.000000
0.845204 0.403163 0.350841 0.000000 -0.416239 0.908329 -0.041037 27.687000 -0.335223 -0.111349 0.935536 0.000000 0.000000 0.000000 0.000000 1.000000
0.848551 0.398035 0.348612 -0.000000 -0.410520 0.910937 -0.040842 27.687000 -0.333820 -0.108455 0.936377 0.000000 0.000000 0.000000 0.000000 1.000000
0.850185 0.395433 0.347588 0.000000 -0.407989 0.912121 -0.039752 27.687000 -0.332762 -0.108015 0.936804 0.000000 0.000000 0.000000 0.000000 1.000000
0.850049 0.396085 0.347179 0.000000 -0.408721 0.911804 -0.039515 27.687000 -0.332210 -0.108310 0.936966 0.000000 0.000000 0.000000 0.000000 1.000000
0.847927 0.399762 0.348153 -0.000000 -0.412985 0.909904 -0.038960 27.687000 -0.332361 -0.110747 0.936628 -0.000000 0.000000 0.000000 0.000000 1.000000
0.844847 0.406809 0.347477 0.000000 -0.419789 0.906702 -0.040859 27.687000 -0.331680 -0.111348 0.936798 0.000000 0.000000 0.000000 0.000000 1.000000
0.840988 0.414127 0.348193 0.000000 -0.427229 0.903154 -0.042292 27.687000 -0.331986 -0.113191 0.936468 0.000000 0.000000 0.000000 0.000000 1.000000
0.837047 0.420511 0.350033 0.000000 -0.433930 0.899900 -0.043419 27.687000 -0.333252 -0.115546 0.935731 -0.000000 0.000000 0.000000 0.000000 1.000000
0.833776 0.425075 0.352318 -0.000000 -0.438885 0.897458 -0.044151 27.687000 -0.334958 -0.117815 0.934838 0.000000 0.000000 0.000000 0.000000 1.000000
0.831902 0.428169 0.353002 -0.000000 -0.441787 0.895960 -0.045604 27.687000 -0.335802 -0.118013 0.934511 0.000000 0.000000 0.000000 0.000000 1.000000
0.831202 0.428673 0.354039 -0.000000 -0.441834 0.895845 -0.047371 27.687000 -0.337471 -0.117051 0.934030 0.000000 0.000000 0.000000 0.000000 1.000000</float_array>
        <technique_common>
          <accessor source="#mixamorig_RightForeArm-Matrix-animation-output-transform-array" count="71" stride="16">
            <param type="float4x4"/>
          </accessor>
        </technique_common>
      </source>
      <source id="mixamorig_RightForeArm-Interpolations">
        <Name_array id="mixamorig_RightForeArm-Interpolations-array" count="71">
 LINEAR LINEAR LINEAR LINEAR LINEAR LINEAR LINEAR LINEAR LINEAR LINEAR LINEAR
LINEAR LINEAR LINEAR LINEAR LINEAR LINEAR LINEAR LINEAR LINEAR LINEAR LINEAR LINEAR
LINEAR LINEAR LINEAR LINEAR LINEAR LINEAR LINEAR LINEAR LINEAR LINEAR LINEAR LINEAR
LINEAR LINEAR LINEAR LINEAR LINEAR LINEAR LINEAR LINEAR LINEAR LINEAR LINEAR LINEAR
LINEAR LINEAR LINEAR LINEAR LINEAR LINEAR LINEAR LINEAR LINEAR LINEAR LINEAR LINEAR
LINEAR LINEAR LINEAR LINEAR LINEAR LINEAR LINEAR LINEAR LINEAR LINEAR LINEAR LINEAR</Name_array>
        <technique_common>
          <accessor source="#mixamorig_RightForeArm-Interpolations-array" count="71">
            <param type="name"/>
          </accessor>
        </technique_common>
      </source>
      <sampler id="mixamorig_RightForeArm-Matrix-animation-transform">
        <input semantic="INPUT" source="#mixamorig_RightForeArm-Matrix-animation-input"/>
        <input semantic="OUTPUT" source="#mixamorig_RightForeArm-Matrix-animation-output-transform"/>
        <input semantic="INTERPOLATION" source="#mixamorig_RightForeArm-Interpolations"/>
      </sampler>
      <channel source="#mixamorig_RightForeArm-Matrix-animation-transform" target="mixamorig_RightForeArm/matrix"/>
    </animation>
    <animation id="mixamorig_RightHand-anim" name="mixamorig_RightHand">
      <source id="mixamorig_RightHand-Matrix-animation-input">
        <float_array id="mixamorig_RightHand-Matrix-animation-input-array" count="71">

0.000000 0.033333 0.066667 0.100000 0.133333 0.166667 0.200000 0.233333 0.266667 0.300000 0.333333 0.366667 0.400000 0.433333 0.466667 0.500000
0.533333 0.566667 0.600000 0.633333 0.666667 0.700000 0.733333 0.766667 0.800000 0.833333 0.866667 0.900000 0.933333 0.966667 1.000000 1.033333
1.066667 1.100000 1.133333 1.166667 1.200000 1.233333 1.266667 1.300000 1.333333 1.366667 1.400000 1.433333 1.466667 1.500000 1.533333 1.566667
1.600000 1.633333 1.666667 1.700000 1.733333 1.766667 1.800000 1.833333 1.866667 1.900000 1.933333 1.966667 2.000000 2.033333 2.066667 2.100000
2.133333 2.166667 2.200000 2.233333 2.266667 2.300000 2.333333</float_array>
        <technique_common>
          <accessor source="#mixamorig_RightHand-Matrix-animation-input-array" count="71">
            <param name="TIME" type="float"/>
          </accessor>
        </technique_common>
      </source>
      <source id="mixamorig_RightHand-Matrix-animation-output-transform">
        <float_array id="mixamorig_RightHand-Matrix-animation-output-transform-array" count="1136">

0.982283 0.142666 0.121516 -0.000000 -0.186722 0.689862 0.699447 27.894800 0.015958 -0.709744 0.704279 0.000000 0.000000 0.000000 0.000000 1.000000
0.982439 0.142091 0.120927 -0.000000 -0.185901 0.690054 0.699476 27.894800 0.015943 -0.709673 0.704351 -0.000000 0.000000 0.000000 0.000000 1.000000
0.982760 0.140769 0.119862 -0.000000 -0.184194 0.689437 0.700534 27.894800 0.015977 -0.710535 0.703480 0.000000 0.000000 0.000000 0.000000 1.000000
0.983210 0.138338 0.118996 -0.000000 -0.181861 0.689359 0.701221 27.894800 0.014975 -0.711089 0.702943 0.000000 0.000000 0.000000 0.000000 1.000000
0.983636 0.135627 0.118596 -0.000000 -0.179671 0.689690 0.701460 27.894800 0.013343 -0.711290 0.702772 0.000000 0.000000 0.000000 0.000000 1.000000
0.983893 0.134101 0.118205 0.000000 -0.178304 0.688951 0.702534 27.894800 0.012773 -0.712294 0.701765 0.000000 0.000000 0.000000 0.000000 1.000000
0.984049 0.132916 0.118244 0.000000 -0.177507 0.689479 0.702218 27.894800 0.011810 -0.712006 0.702074 -0.000000 0.000000 0.000000 0.000000 1.000000
0.984109 0.132436 0.118279 0.000000 -0.177198 0.689676 0.702102 27.894800 0.011410 -0.711904 0.702184 0.000000 0.000000 0.000000 0.000000 1.000000
0.984143 0.132164 0.118298 0.000000 -0.177020 0.689689 0.702134 27.894800 0.011208 -0.711942 0.702149 -0.000000 0.000000 0.000000 0.000000 1.000000
0.984148 0.131852 0.118612 0.000000 -0.177026 0.689800 0.702024 27.894800 0.010744 -0.711892 0.702206 -0.000000 0.000000 0.000000 0.000000 1.000000
0.984134 0.131900 0.118669 0.000000 -0.177100 0.689753 0.702052 27.894800 0.010749 -0.711929 0.702169 0.000000 0.000000 0.000000 0.000000 1.000000
0.984092 0.132202 0.118681 -0.000000 -0.177319 0.689590 0.702156 27.894800 0.010985 -0.712031 0.702062 -0.000000 0.000000 0.000000 0.000000 1.000000
0.984036 0.132534 0.118779 0.000000 -0.177615 0.689172 0.702491 27.894800 0.011245 -0.712374 0.701710 -0.000000 0.000000 0.000000 0.000000 1.000000
0.983968 0.132986 0.118832 0.000000 -0.177973 0.689285 0.702291 27.894800 0.011486 -0.712181 0.701902 -0.000000 0.000000 0.000000 0.000000 1.000000
0.983901 0.133395 0.118930 0.000000 -0.178330 0.689230 0.702254 27.894800 0.011707 -0.712157 0.701922 -0.000000 0.000000 0.000000 0.000000 1.000000
0.983809 0.133996 0.119012 0.000000 -0.178810 0.689144 0.702216 27.894800 0.012078 -0.712127 0.701947 0.000000 0.000000 0.000000 0.000000 1.000000
0.983712 0.134646 0.119081 0.000000 -0.179314 0.688993 0.702236 27.894800 0.012507 -0.712151 0.701915 -0.000000 0.000000 0.000000 0.000000 1.000000
0.983549 0.135327 0.119655 -0.000000 -0.180201 0.688924 0.702076 27.894800 0.012577 -0.712088 0.701977 0.000000 0.000000 0.000000 0.000000 1.000000
0.983345 0.136124 0.120425 -0.000000 -0.181309 0.688750 0.701961 27.894800 0.012611 -0.712105 0.701960 0.000000 0.000000 0.000000 0.000000 1.000000
0.983121 0.136641 0.121661 0.000000 -0.182556 0.688820 0.701570 27.894800 0.012061 -0.711938 0.702139 0.000000 0.000000 0.000000 0.000000 1.000000
0.982847 0.137619 0.122772 0.000000 -0.184033 0.688582 0.701418 27.894800 0.011990 -0.711980 0.702097 0.000000 0.000000 0.000000 0.000000 1.000000
0.982535 0.138902 0.123821 -0.000000 -0.185680 0.688290 0.701270 27.894800 0.012184 -0.712013 0.702060 0.000000 0.000000 0.000000 0.000000 1.000000
0.982241 0.140075 0.124824 0.000000 -0.187216 0.688023 0.701124 27.894800 0.012328 -0.712042 0.702029 -0.000000 0.000000 0.000000 0.000000 1.000000
0.982081 0.140518 0.125583 0.000000 -0.188070 0.688033 0.700885 27.894800 0.012082 -0.711944 0.702132 0.000000 0.000000 0.000000 0.000000 1.000000
0.982067 0.140452 0.125768 0.000000 -0.188153 0.687882 0.701012 27.894800 0.011945 -0.712104 0.701972 0.000000 0.000000 0.000000 0.000000 1.000000
0.982384 0.139257 0.124619 -0.000000 -0.186504 0.688557 0.700789 27.894800 0.011783 -0.711686 0.702399 0.000000 0.000000 0.000000 0.000000 1.000000
0.982790 0.137554 0.123298 0.000000 -0.184370 0.689048 0.700872 27.894800 0.011450 -0.711542 0.702550 0.000000 0.000000 0.000000 0.000000 1.000000
0.983317 0.135295 0.121581 0.000000 -0.181564 0.689594 0.701066 27.894800 0.011009 -0.711446 0.702655 0.000000 0.000000 0.000000 0.000000 1.000000
0.983857 0.133007 0.119730 -0.000000 -0.178647 0.690496 0.700928 27.894800 0.010555 -0.711002 0.703111 0.000000 0.000000 0.000000 0.000000 1.000000
0.984274 0.131401 0.118061 -0.000000 -0.176339 0.691304 0.700717 27.894800 0.010459 -0.710516 0.703604 -0.000000 0.000000 0.000000 0.000000 1.000000
0.984422 0.130977 0.117295 -0.000000 -0.175498 0.691575 0.700660 27.894800 0.010652 -0.710330 0.703788 -0.000000 0.000000 0.000000 0.000000 1.000000
0.984323 0.131584 0.117444 0.000000 -0.176030 0.691419 0.700680 27.894800 0.010995 -0.710370 0.703743 0.000000 0.000000 0.000000 0.000000 1.000000
0.984106 0.132633 0.118080 -0.000000 -0.177217 0.691090 0.700706 27.894800 0.011332 -0.710495 0.703611 0.000000 0.000000 0.000000 0.000000 1.000000
0.983809 0.134067 0.118934 -0.000000 -0.178831 0.690774 0.700608 27.894800 0.011772 -0.710533 0.703565 0.000000 0.000000 0.000000 0.000000 1.000000
0.983439 0.136072 0.119713 -0.000000 -0.180793 0.690322 0.700550 27.894800 0.012685 -0.710592 0.703490 0.000000 0.000000 0.000000 0.000000 1.000000
0.983118 0.137874 0.120292 0.000000 -0.182475 0.690262 0.700172 27.894800 0.013502 -0.710302 0.703768 0.000000 0.000000 0.000000 0.000000 1.000000
0.982833 0.139793 0.120406 0.000000 -0.183903 0.689907 0.700149 27.894800 0.014807 -0.710272 0.703771 0.000000 0.000000 0.000000 0.000000 1.000000
0.982627 0.140847 0.120854 0.000000 -0.184967 0.689915 0.699860 27.894800 0.015194 -0.710056 0.703981 0.000000 0.000000 0.000000 0.000000 1.000000
0.982483 0.141853 0.120849 0.000000 -0.185671 0.689788 0.699799 27.894800 0.015908 -0.709979 0.704043 0.000000 0.000000 0.000000 0.000000 1.000000
0.982415 0.142795 0.120294 0.000000 -0.185941 0.689802 0.699714 27.894800 0.016937 -0.709777 0.704223 0.000000 0.000000 0.000000 0.000000 1.000000
0.982410 0.143376 0.119639 0.000000 -0.185886 0.689831 0.699700 27.894800 0.017789 -0.709631 0.704349 -0.000000 0.000000 0.000000 0.000000 1.000000
0.982496 0.143363 0.118948 0.000000 -0.185392 0.690117 0.699549 27.894800 0.018201 -0.709356 0.704616 0.000000 0.000000 0.000000 0.000000 1.000000
0.982628 0.143420 0.117787 0.000000 -0.184614 0.690398 0.699477 27.894800 0.018999 -0.709071 0.704881 0.000000 0.000000 0.000000 0.000000 1.000000
0.982801 0.143195 0.116606 0.000000 -0.183628 0.690918 0.699223 27.894800 0.019560 -0.708609 0.705330 0.000000 0.000000 0.000000 0.000000 1.000000
0.982961 0.143076 0.115399 0.000000 -0.182687 0.691010 0.699379 27.894800 0.020323 -0.708544 0.705374 0.000000 0.000000 0.000000 0.000000 1.000000
0.983071 0.142733 0.114885 0.000000 -0.182081 0.691092 0.699456 27.894800 0.020440 -0.708533 0.705382 0.000000 0.000000 0.000000 0.000000 1.000000
0.983129 0.142788 0.114321 -0.000000 -0.181719 0.691099 0.699542 27.894800 0.020880 -0.708515 0.705387 0.000000 0.000000 0.000000 0.000000 1.000000
0.983136 0.142707 0.114362 -0.000000 -0.181700 0.691417 0.699233 27.894800 0.020713 -0.708221 0.705687 0.000000 0.000000 0.000000 0.000000 1.000000
0.983161 0.142602 0.114273 0.000000 -0.181560 0.691341 0.699346 27.894800 0.020726 -0.708317 0.705590 0.000000 0.000000 0.000000 0.000000 1.000000
0.983219 0.142229 0.114244 -0.000000 -0.181279 0.691480 0.699280 27.894800 0.020461 -0.708256 0.705659 0.000000 0.000000 0.000000 0.000000 1.000000
0.983240 0.142305 0.113966 0.000000 -0.181123 0.691072 0.699724 27.894800 0.020816 -0.708639 0.705264 0.000000 0.000000 0.000000 0.000000 1.000000
0.983265 0.141799 0.114377 0.000000 -0.181055 0.690986 0.699827 27.894800 0.020202 -0.708824 0.705096 -0.000000 0.000000 0.000000 0.000000 1.000000
0.983295 0.141150 0.114924 -0.000000 -0.180977 0.690704 0.700126 27.894800 0.019445 -0.709229 0.704710 0.000000 0.000000 0.000000 0.000000 1.000000
0.983304 0.140620 0.115498 -0.000000 -0.181007 0.690551 0.700268 27.894800 0.018715 -0.709482 0.704475 -0.000000 0.000000 0.000000 0.000000 1.000000
0.983267 0.141045 0.115291 -0.000000 -0.181149 0.690144 0.700633 27.894800 0.019254 -0.709794 0.704146 0.000000 0.000000 0.000000 0.000000 1.000000
0.983063 0.142704 0.114990 -0.000000 -0.182097 0.689765 0.700760 27.894800 0.020685 -0.709831 0.704068 0.000000 0.000000 0.000000 0.000000 1.000000
0.982755 0.144341 0.115578 -0.000000 -0.183681 0.690011 0.700105 27.894800 0.021304 -0.709261 0.704624 -0.000000 0.000000 0.000000 0.000000 1.000000
0.982162 0.147706 0.116362 -0.000000 -0.186600 0.689301 0.700032 27.894800 0.023191 -0.709258 0.704567 -0.000000 0.000000 0.000000 0.000000 1.000000
0.981564 0.150384 0.117970 0.000000 -0.189649 0.689502 0.699013 27.894800 0.023779 -0.708499 0.705311 -0.000000 0.000000 0.000000 0.000000 1.000000
0.980880 0.153998 0.118995 0.000000 -0.192914 0.688706 0.698905 27.894800 0.025677 -0.708498 0.705246 0.000000 0.000000 0.000000 0.000000 1.000000
0.980169 0.157109 0.120767 -0.000000 -0.196361 0.688100 0.698542 27.894800 0.026648 -0.708403 0.705305 -0.000000 0.000000 0.000000 0.000000 1.000000
0.979633 0.159328 0.122207 -0.000000 -0.198937 0.687436 0.698466 27.894800 0.027276 -0.708552 0.705131 0.000000 0.000000 0.000000 0.000000 1.000000
0.979397 0.159959 0.123267 0.000000 -0.200143 0.687486 0.698073 27.894800 0.026919 -0.708361 0.705337 -0.000000 0.000000 0.000000 0.000000 1.000000
0.979471 0.159131 0.123751 -0.000000 -0.199905 0.687651 0.697978 27.894800 0.025972 -0.708388 0.705345 0.000000 0.000000 0.000000 0.000000 1.000000
0.979871 0.156645 0.123754 0.000000 -0.198171 0.688398 0.697736 27.894800 0.024105 -0.708216 0.705584 0.000000 0.000000 0.000000 0.000000 1.000000
0.980495 0.153505 0.122738 0.000000 -0.195235 0.688817 0.698151 27.894800 0.022626 -0.708497 0.705352 0.000000 0.000000 0.000000 0.000000 1.000000
0.981186 0.150046 0.121495 -0.000000 -0.191925 0.689676 0.698220 27.894800 0.020973 -0.708402 0.705498 0.000000 0.000000 0.000000 0.000000 1.000000
0.981785 0.146936 0.120449 -0.000000 -0.189001 0.690549 0.698155 27.894800 0.019408 -0.708204 0.705741 0.000000 0.000000 0.000000 0.000000 1.000000
0.982210 0.144622 0.119780 -0.000000 -0.186904 0.691237 0.698039 27.894800 0.018155 -0.708008 0.705971 0.000000 0.000000 0.000000 0.000000 1.000000
0.982405 0.143149 0.119957 -0.000000 -0.185981 0.691024 0.698496 27.894800 0.017096 -0.708515 0.705488 0.000000 0.000000 0.000000 0.000000 1.000000
0.982291 0.142686 0.121428 0.000000 -0.186674 0.689914 0.699408 27.894800 0.016021 -0.709690 0.704332 0.000000 0.000000 0.000000 0.000000 1.000000</float_array>
        <technique_common>
          <accessor source="#mixamorig_RightHand-Matrix-animation-output-transform-array" count="71" stride="16">
            <param type="float4x4"/>
          </accessor>
        </technique_common>
      </source>
      <source id="mixamorig_RightHand-Interpolations">
        <Name_array id="mixamorig_RightHand-Interpolations-array" count="71">
 LINEAR LINEAR LINEAR LINEAR LINEAR LINEAR LINEAR LINEAR LINEAR LINEAR LINEAR
LINEAR LINEAR LINEAR LINEAR LINEAR LINEAR LINEAR LINEAR LINEAR LINEAR LINEAR LINEAR
LINEAR LINEAR LINEAR LINEAR LINEAR LINEAR LINEAR LINEAR LINEAR LINEAR LINEAR LINEAR
LINEAR LINEAR LINEAR LINEAR LINEAR LINEAR LINEAR LINEAR LINEAR LINEAR LINEAR LINEAR
LINEAR LINEAR LINEAR LINEAR LINEAR LINEAR LINEAR LINEAR LINEAR LINEAR LINEAR LINEAR
LINEAR LINEAR LINEAR LINEAR LINEAR LINEAR LINEAR LINEAR LINEAR LINEAR LINEAR LINEAR</Name_array>
        <technique_common>
          <accessor source="#mixamorig_RightHand-Interpolations-array" count="71">
            <param type="name"/>
          </accessor>
        </technique_common>
      </source>
      <sampler id="mixamorig_RightHand-Matrix-animation-transform">
        <input semantic="INPUT" source="#mixamorig_RightHand-Matrix-animation-input"/>
        <input semantic="OUTPUT" source="#mixamorig_RightHand-Matrix-animation-output-transform"/>
        <input semantic="INTERPOLATION" source="#mixamorig_RightHand-Interpolations"/>
      </sampler>
      <channel source="#mixamorig_RightHand-Matrix-animation-transform" target="mixamorig_RightHand/matrix"/>
    </animation>
    <animation id="mixamorig_RightHandThumb1-anim" name="mixamorig_RightHandThumb1">
      <source id="mixamorig_RightHandThumb1-Matrix-animation-input">
        <float_array id="mixamorig_RightHandThumb1-Matrix-animation-input-array" count="71">

0.000000 0.033333 0.066667 0.100000 0.133333 0.166667 0.200000 0.233333 0.266667 0.300000 0.333333 0.366667 0.400000 0.433333 0.466667 0.500000
0.533333 0.566667 0.600000 0.633333 0.666667 0.700000 0.733333 0.766667 0.800000 0.833333 0.866667 0.900000 0.933333 0.966667 1.000000 1.033333
1.066667 1.100000 1.133333 1.166667 1.200000 1.233333 1.266667 1.300000 1.333333 1.366667 1.400000 1.433333 1.466667 1.500000 1.533333 1.566667
1.600000 1.633333 1.666667 1.700000 1.733333 1.766667 1.800000 1.833333 1.866667 1.900000 1.933333 1.966667 2.000000 2.033333 2.066667 2.100000
2.133333 2.166667 2.200000 2.233333 2.266667 2.300000 2.333333</float_array>
        <technique_common>
          <accessor source="#mixamorig_RightHandThumb1-Matrix-animation-input-array" count="71">
            <param name="TIME" type="float"/>
          </accessor>
        </technique_common>
      </source>
      <source id="mixamorig_RightHandThumb1-Matrix-animation-output-transform">
        <float_array id="mixamorig_RightHandThumb1-Matrix-animation-output-transform-array" count="1136">

0.789843 0.368727 -0.490090 2.330000 -0.515616 0.831916 -0.205074 2.421000 0.332098 0.414675 0.847205 1.430000 0.000000 0.000000 0.000000 1.000000
0.788263 0.369619 -0.491958 2.330000 -0.517279 0.831034 -0.204461 2.421000 0.333261 0.415649 0.846270 1.430000 0.000000 0.000000 0.000000 1.000000
0.791667 0.368660 -0.487189 2.330000 -0.514140 0.832776 -0.205291 2.421000 0.330037 0.413006 0.848824 1.430000 0.000000 0.000000 0.000000 1.000000
0.793112 0.367333 -0.485840 2.330000 -0.512341 0.833701 -0.206031 2.421000 0.329363 0.412321 0.849418 1.430000 0.000000 0.000000 0.000000 1.000000
0.790866 0.367746 -0.489176 2.330000 -0.514362 0.832535 -0.205713 2.421000 0.331606 0.414305 0.847578 1.430000 0.000000 0.000000 0.000000 1.000000
0.791946 0.369050 -0.486439 2.330000 -0.514281 0.832615 -0.205589 2.421000 0.329144 0.412982 0.849182 1.430000 0.000000 0.000000 0.000000 1.000000
0.794041 0.366857 -0.484680 2.330000 -0.511472 0.834093 -0.206604 2.421000 0.328474 0.411952 0.849941 1.430000 0.000000 0.000000 0.000000 1.000000
0.796780 0.366451 -0.480474 2.330000 -0.509149 0.835363 -0.207212 2.421000 0.325437 0.409735 0.852178 1.430000 0.000000 0.000000 0.000000 1.000000
0.798563 0.364721 -0.478827 2.330000 -0.506835 0.836555 -0.208073 2.421000 0.324676 0.408845 0.852896 1.430000 0.000000 0.000000 0.000000 1.000000
0.807128 0.363395 -0.465283 2.330000 -0.499482 0.840482 -0.210019 2.421000 0.314742 0.401913 0.859886 1.430000 0.000000 0.000000 0.000000 1.000000
0.808118 0.361160 -0.465305 2.330000 -0.497465 0.841472 -0.210839 2.421000 0.315395 0.401856 0.859673 1.430000 0.000000 0.000000 0.000000 1.000000
0.808246 0.360811 -0.465355 2.330000 -0.497176 0.841609 -0.210976 2.421000 0.315524 0.401884 0.859613 1.430000 0.000000 0.000000 0.000000 1.000000
0.810160 0.360049 -0.462607 2.330000 -0.495261 0.842592 -0.211554 2.421000 0.313620 0.400504 0.860953 1.430000 0.000000 0.000000 0.000000 1.000000
0.813631 0.357966 -0.458110 2.330000 -0.491361 0.844576 -0.212737 2.421000 0.310756 0.398187 0.863063 1.430000 0.000000 0.000000 0.000000 1.000000
0.815893 0.358278 -0.453824 2.330000 -0.489786 0.845387 -0.213144 2.421000 0.307293 0.396179 0.865224 1.430000 0.000000 0.000000 0.000000 1.000000
0.816805 0.357052 -0.453148 2.330000 -0.488402 0.846042 -0.213722 2.421000 0.307072 0.395888 0.865436 1.430000 0.000000 0.000000 0.000000 1.000000
0.817309 0.357171 -0.452145 2.330000 -0.488068 0.846222 -0.213772 2.421000 0.306262 0.395395 0.865949 1.430000 0.000000 0.000000 0.000000 1.000000
0.815816 0.357141 -0.454857 2.330000 -0.489313 0.845509 -0.213745 2.421000 0.308249 0.396944 0.864533 1.430000 0.000000 0.000000 0.000000 1.000000
0.813861 0.358857 -0.457003 2.330000 -0.491896 0.844166 -0.213127 2.421000 0.309304 0.398254 0.863554 1.430000 0.000000 0.000000 0.000000 1.000000
0.812422 0.359864 -0.458768 2.330000 -0.493680 0.843198 -0.212831 2.421000 0.310243 0.399393 0.862690 1.430000 0.000000 0.000000 0.000000 1.000000
0.807420 0.361035 -0.466612 2.330000 -0.498237 0.840835 -0.211557 2.421000 0.315964 0.403299 0.858788 1.430000 0.000000 0.000000 0.000000 1.000000
0.807146 0.361787 -0.466504 2.330000 -0.498881 0.840511 -0.211325 2.421000 0.315647 0.403301 0.858904 1.430000 0.000000 0.000000 0.000000 1.000000
0.804207 0.362113 -0.471301 2.330000 -0.501374 0.839167 -0.210767 2.421000 0.319179 0.405799 0.856418 1.430000 0.000000 0.000000 0.000000 1.000000
0.805480 0.361180 -0.469842 2.330000 -0.499853 0.839957 -0.211233 2.421000 0.318353 0.404996 0.857105 1.430000 0.000000 0.000000 0.000000 1.000000
0.810336 0.356726 -0.464868 2.330000 -0.493472 0.843249 -0.213111 2.421000 0.315977 0.402091 0.859349 1.430000 0.000000 0.000000 0.000000 1.000000
0.821772 0.348377 -0.450914 2.330000 -0.479450 0.850374 -0.216776 2.421000 0.307926 0.394331 0.865843 1.430000 0.000000 0.000000 0.000000 1.000000
0.833267 0.341244 -0.434993 2.330000 -0.465819 0.857114 -0.219926 2.421000 0.297790 0.385886 0.873163 1.430000 0.000000 0.000000 0.000000 1.000000
0.833082 0.341261 -0.435333 2.330000 -0.466065 0.856925 -0.220142 2.421000 0.297922 0.386290 0.872939 1.430000 0.000000 0.000000 0.000000 1.000000
0.832765 0.342136 -0.435252 2.330000 -0.466924 0.856461 -0.220130 2.421000 0.297462 0.386546 0.872982 1.430000 0.000000 0.000000 0.000000 1.000000
0.834335 0.341999 -0.432344 2.330000 -0.465613 0.857060 -0.220572 2.421000 0.295110 0.385336 0.874315 1.430000 0.000000 0.000000 0.000000 1.000000
0.832417 0.343788 -0.434617 2.330000 -0.468274 0.855768 -0.219957 2.421000 0.296313 0.386616 0.873342 1.430000 0.000000 0.000000 0.000000 1.000000
0.831038 0.344042 -0.437048 2.330000 -0.469576 0.855106 -0.219755 2.421000 0.298117 0.387851 0.872180 1.430000 0.000000 0.000000 0.000000 1.000000
0.832011 0.344372 -0.434932 2.330000 -0.469009 0.855372 -0.219930 2.421000 0.296291 0.386971 0.873192 1.430000 0.000000 0.000000 0.000000 1.000000
0.829306 0.346601 -0.438315 2.330000 -0.472560 0.853633 -0.219082 2.421000 0.298226 0.388816 0.871713 1.430000 0.000000 0.000000 0.000000 1.000000
0.834137 0.346325 -0.429272 2.330000 -0.468420 0.855719 -0.219835 2.421000 0.291202 0.384452 0.876013 1.430000 0.000000 0.000000 0.000000 1.000000
0.835239 0.345371 -0.427894 2.330000 -0.466978 0.856386 -0.220305 2.421000 0.290356 0.383825 0.876568 1.430000 0.000000 0.000000 0.000000 1.000000
0.836358 0.344748 -0.426209 2.330000 -0.465665 0.857038 -0.220550 2.421000 0.289243 0.382930 0.877327 1.430000 0.000000 0.000000 0.000000 1.000000
0.838146 0.343664 -0.423564 2.330000 -0.463515 0.858092 -0.220978 2.421000 0.287515 0.381541 0.878500 1.430000 0.000000 0.000000 0.000000 1.000000
0.842396 0.342545 -0.415972 2.330000 -0.459242 0.860213 -0.221655 2.421000 0.281898 0.377753 0.881950 1.430000 0.000000 0.000000 0.000000 1.000000
0.841795 0.341271 -0.418229 2.330000 -0.459034 0.860240 -0.221978 2.421000 0.284023 0.378841 0.880801 1.430000 0.000000 0.000000 0.000000 1.000000
0.845172 0.339479 -0.412842 2.330000 -0.455065 0.862174 -0.222647 2.421000 0.280358 0.376045 0.883170 1.430000 0.000000 0.000000 0.000000 1.000000
0.841436 0.340156 -0.419856 2.330000 -0.458688 0.860363 -0.222217 2.421000 0.285641 0.379564 0.879966 1.430000 0.000000 0.000000 0.000000 1.000000
0.847561 0.338014 -0.409129 2.330000 -0.452218 0.863463 -0.223450 2.421000 0.277739 0.374403 0.884694 1.430000 0.000000 0.000000 0.000000 1.000000
0.845722 0.339712 -0.411522 2.330000 -0.454900 0.862121 -0.223187 2.421000 0.278962 0.375956 0.883650 1.430000 0.000000 0.000000 0.000000 1.000000
0.844378 0.340261 -0.413821 2.330000 -0.456351 0.861443 -0.222845 2.421000 0.280658 0.377013 0.882662 1.430000 0.000000 0.000000 0.000000 1.000000
0.840230 0.341301 -0.421340 2.330000 -0.460493 0.859416 -0.222149 2.421000 0.286287 0.380680 0.879274 1.430000 0.000000 0.000000 0.000000 1.000000
0.840621 0.340912 -0.420874 2.330000 -0.459956 0.859649 -0.222358 2.421000 0.286000 0.380502 0.879444 1.430000 0.000000 0.000000 0.000000 1.000000
0.841397 0.343351 -0.417325 2.330000 -0.460785 0.859285 -0.222050 2.421000 0.282360 0.379130 0.881211 1.430000 0.000000 0.000000 0.000000 1.000000
0.838869 0.342785 -0.422844 2.330000 -0.462568 0.858389 -0.221811 2.421000 0.286932 0.381664 0.878637 1.430000 0.000000 0.000000 0.000000 1.000000
0.837926 0.343878 -0.423826 2.330000 -0.464062 0.857630 -0.221624 2.421000 0.287274 0.382386 0.878211 1.430000 0.000000 0.000000 0.000000 1.000000
0.837316 0.344017 -0.424917 2.330000 -0.464632 0.857369 -0.221442 2.421000 0.288131 0.382847 0.877729 1.430000 0.000000 0.000000 0.000000 1.000000
0.840635 0.343417 -0.418805 2.330000 -0.461549 0.858839 -0.222191 2.421000 0.283382 0.380080 0.880474 1.430000 0.000000 0.000000 0.000000 1.000000
0.842484 0.344279 -0.414359 2.330000 -0.460514 0.859365 -0.222305 2.421000 0.279551 0.378106 0.882546 1.430000 0.000000 0.000000 0.000000 1.000000
0.843567 0.342947 -0.413257 2.330000 -0.458813 0.860161 -0.222743 2.421000 0.279079 0.377506 0.882952 1.430000 0.000000 0.000000 0.000000 1.000000
0.846129 0.341386 -0.409293 2.330000 -0.455709 0.861639 -0.223402 2.421000 0.276397 0.375546 0.884630 1.430000 0.000000 0.000000 0.000000 1.000000
0.848969 0.340225 -0.404350 2.330000 -0.452574 0.863145 -0.223958 2.421000 0.272817 0.373131 0.886760 1.430000 0.000000 0.000000 0.000000 1.000000
0.848015 0.339766 -0.406730 2.330000 -0.453147 0.862829 -0.224018 2.421000 0.274825 0.374279 0.885656 1.430000 0.000000 0.000000 0.000000 1.000000
0.853098 0.339014 -0.396602 2.330000 -0.448305 0.865157 -0.224779 2.421000 0.266920 0.369557 0.890046 1.430000 0.000000 0.000000 0.000000 1.000000
0.851932 0.339441 -0.398737 2.330000 -0.449625 0.864485 -0.224730 2.421000 0.268420 0.370737 0.889103 1.430000 0.000000 0.000000 0.000000 1.000000
0.850723 0.339836 -0.400976 2.330000 -0.450879 0.863913 -0.224414 2.421000 0.270145 0.371706 0.888176 1.430000 0.000000 0.000000 0.000000 1.000000
0.851294 0.340262 -0.399399 2.330000 -0.450692 0.863969 -0.224577 2.421000 0.268653 0.371187 0.888845 1.430000 0.000000 0.000000 0.000000 1.000000
0.853713 0.340045 -0.394391 2.330000 -0.448474 0.865023 -0.224958 2.421000 0.264661 0.368924 0.890982 1.430000 0.000000 0.000000 0.000000 1.000000
0.850055 0.340872 -0.401513 2.330000 -0.452132 0.863282 -0.224325 2.421000 0.270153 0.372225 0.887956 1.430000 0.000000 0.000000 0.000000 1.000000
0.851108 0.340046 -0.399980 2.330000 -0.450706 0.863972 -0.224535 2.421000 0.269219 0.371376 0.888595 1.430000 0.000000 0.000000 0.000000 1.000000
0.844764 0.342146 -0.411472 2.330000 -0.457419 0.860739 -0.223375 2.421000 0.277743 0.376914 0.883626 1.430000 0.000000 0.000000 0.000000 1.000000
0.841337 0.344283 -0.416679 2.330000 -0.461614 0.858709 -0.222555 2.421000 0.281184 0.379589 0.881390 1.430000 0.000000 0.000000 0.000000 1.000000
0.834509 0.347939 -0.427239 2.330000 -0.469375 0.855029 -0.220484 2.421000 0.288586 0.384531 0.876843 1.430000 0.000000 0.000000 0.000000 1.000000
0.827845 0.351947 -0.436813 2.330000 -0.477207 0.851167 -0.218603 2.421000 0.294865 0.389420 0.872586 1.430000 0.000000 0.000000 0.000000 1.000000
0.812925 0.357641 -0.459615 2.330000 -0.492148 0.843835 -0.213852 2.421000 0.311357 0.400044 0.861987 1.430000 0.000000 0.000000 0.000000 1.000000
0.795700 0.364905 -0.483432 2.330000 -0.509209 0.835205 -0.207698 2.421000 0.327975 0.411433 0.850386 1.430000 0.000000 0.000000 0.000000 1.000000
0.789843 0.368727 -0.490090 2.330000 -0.515616 0.831916 -0.205075 2.421000 0.332098 0.414675 0.847205 1.430000 0.000000 0.000000 0.000000 1.000000</float_array>
        <technique_common>
          <accessor source="#mixamorig_RightHandThumb1-Matrix-animation-output-transform-array" count="71" stride="16">
            <param type="float4x4"/>
          </accessor>
        </technique_common>
      </source>
      <source id="mixamorig_RightHandThumb1-Interpolations">
        <Name_array id="mixamorig_RightHandThumb1-Interpolations-array" count="71">
 LINEAR LINEAR LINEAR LINEAR LINEAR LINEAR LINEAR LINEAR LINEAR LINEAR LINEAR
LINEAR LINEAR LINEAR LINEAR LINEAR LINEAR LINEAR LINEAR LINEAR LINEAR LINEAR LINEAR
LINEAR LINEAR LINEAR LINEAR LINEAR LINEAR LINEAR LINEAR LINEAR LINEAR LINEAR LINEAR
LINEAR LINEAR LINEAR LINEAR LINEAR LINEAR LINEAR LINEAR LINEAR LINEAR LINEAR LINEAR
LINEAR LINEAR LINEAR LINEAR LINEAR LINEAR LINEAR LINEAR LINEAR LINEAR LINEAR LINEAR
LINEAR LINEAR LINEAR LINEAR LINEAR LINEAR LINEAR LINEAR LINEAR LINEAR LINEAR LINEAR</Name_array>
        <technique_common>
          <accessor source="#mixamorig_RightHandThumb1-Interpolations-array" count="71">
            <param type="name"/>
          </accessor>
        </technique_common>
      </source>
      <sampler id="mixamorig_RightHandThumb1-Matrix-animation-transform">
        <input semantic="INPUT" source="#mixamorig_RightHandThumb1-Matrix-animation-input"/>
        <input semantic="OUTPUT" source="#mixamorig_RightHandThumb1-Matrix-animation-output-transform"/>
        <input semantic="INTERPOLATION" source="#mixamorig_RightHandThumb1-Interpolations"/>
      </sampler>
      <channel source="#mixamorig_RightHandThumb1-Matrix-animation-transform" target="mixamorig_RightHandThumb1/matrix"/>
    </animation>
    <animation id="mixamorig_RightHandThumb2-anim" name="mixamorig_RightHandThumb2">
      <source id="mixamorig_RightHandThumb2-Matrix-animation-input">
        <float_array id="mixamorig_RightHandThumb2-Matrix-animation-input-array" count="71">

0.000000 0.033333 0.066667 0.100000 0.133333 0.166667 0.200000 0.233333 0.266667 0.300000 0.333333 0.366667 0.400000 0.433333 0.466667 0.500000
0.533333 0.566667 0.600000 0.633333 0.666667 0.700000 0.733333 0.766667 0.800000 0.833333 0.866667 0.900000 0.933333 0.966667 1.000000 1.033333
1.066667 1.100000 1.133333 1.166667 1.200000 1.233333 1.266667 1.300000 1.333333 1.366667 1.400000 1.433333 1.466667 1.500000 1.533333 1.566667
1.600000 1.633333 1.666667 1.700000 1.733333 1.766667 1.800000 1.833333 1.866667 1.900000 1.933333 1.966667 2.000000 2.033333 2.066667 2.100000
2.133333 2.166667 2.200000 2.233333 2.266667 2.300000 2.333333</float_array>
        <technique_common>
          <accessor source="#mixamorig_RightHandThumb2-Matrix-animation-input-array" count="71">
            <param name="TIME" type="float"/>
          </accessor>
        </technique_common>
      </source>
      <source id="mixamorig_RightHandThumb2-Matrix-animation-output-transform">
        <float_array id="mixamorig_RightHandThumb2-Matrix-animation-output-transform-array" count="1136">

0.995227 -0.048617 0.084617 0.000000 0.027367 0.971318 0.236202 4.514100 -0.093674 -0.232759 0.968013 0.000000 0.000000 0.000000 0.000000 1.000000
0.995205 -0.049114 0.084588 -0.000000 0.027706 0.970926 0.237771 4.514100 -0.093807 -0.234287 0.967631 -0.000000 0.000000 0.000000 0.000000 1.000000
0.995182 -0.048587 0.085161 0.000000 0.027330 0.971621 0.234959 4.514100 -0.094160 -0.231500 0.968267 -0.000000 0.000000 0.000000 0.000000 1.000000
0.995190 -0.048341 0.085209 -0.000000 0.027191 0.971903 0.233807 4.514100 -0.094117 -0.230366 0.968542 0.000000 0.000000 0.000000 0.000000 1.000000
0.995186 -0.048911 0.084921 0.000000 0.027616 0.971395 0.235857 4.514100 -0.094028 -0.232376 0.968070 0.000000 0.000000 0.000000 0.000000 1.000000
0.995143 -0.048761 0.085520 -0.000000 0.027398 0.971573 0.235150 4.514100 -0.094555 -0.231665 0.968190 -0.000000 0.000000 0.000000 0.000000 1.000000
0.995158 -0.048470 0.085502 0.000000 0.027222 0.971836 0.234079 4.514100 -0.094440 -0.230618 0.968451 0.000000 0.000000 0.000000 0.000000 1.000000
0.995145 -0.047911 0.085971 -0.000000 0.026868 0.972582 0.231005 4.514100 -0.094682 -0.227573 0.969147 0.000000 0.000000 0.000000 0.000000 1.000000
0.995138 -0.047775 0.086127 0.000000 0.026774 0.972766 0.230240 4.514100 -0.094781 -0.226814 0.969315 -0.000000 0.000000 0.000000 0.000000 1.000000
0.995071 -0.046330 0.087680 0.000000 0.025819 0.974703 0.222010 4.514100 -0.095748 -0.218652 0.971094 -0.000000 0.000000 0.000000 0.000000 1.000000
0.995096 -0.046188 0.087464 0.000000 0.025737 0.974727 0.221912 4.514100 -0.095503 -0.218572 0.971136 0.000000 0.000000 0.000000 0.000000 1.000000
0.995102 -0.046178 0.087410 0.000000 0.025757 0.974768 0.221729 4.514100 -0.095443 -0.218391 0.971183 -0.000000 0.000000 0.000000 0.000000 1.000000
0.995084 -0.045881 0.087765 0.000000 0.025569 0.975188 0.219897 4.514100 -0.095676 -0.216572 0.971567 -0.000000 0.000000 0.000000 0.000000 1.000000
0.995091 -0.045115 0.088085 0.000000 0.025125 0.976053 0.216077 4.514100 -0.095724 -0.212803 0.972395 -0.000000 0.000000 0.000000 0.000000 1.000000
0.995026 -0.044763 0.088992 -0.000000 0.024804 0.976548 0.213866 4.514100 -0.096478 -0.210595 0.972801 -0.000000 0.000000 0.000000 0.000000 1.000000
0.995060 -0.044551 0.088716 0.000000 0.024715 0.976682 0.213263 4.514100 -0.096149 -0.210017 0.972958 -0.000000 0.000000 0.000000 0.000000 1.000000
0.995057 -0.044442 0.088802 0.000000 0.024628 0.976771 0.212865 4.514100 -0.096199 -0.209626 0.973038 0.000000 0.000000 0.000000 0.000000 1.000000
0.995046 -0.044846 0.088723 0.000000 0.024896 0.976441 0.214343 4.514100 -0.096245 -0.211072 0.972721 0.000000 0.000000 0.000000 0.000000 1.000000
0.995024 -0.045130 0.088834 0.000000 0.025044 0.976201 0.215418 4.514100 -0.096442 -0.212121 0.972473 -0.000000 0.000000 0.000000 0.000000 1.000000
0.995007 -0.045425 0.088872 0.000000 0.025194 0.975902 0.216749 4.514100 -0.096576 -0.213428 0.972174 0.000000 0.000000 0.000000 0.000000 1.000000
0.995029 -0.046439 0.088096 -0.000000 0.025819 0.974668 0.222160 4.514100 -0.096181 -0.218781 0.971022 0.000000 0.000000 0.000000 0.000000 1.000000
0.995002 -0.046670 0.088278 -0.000000 0.025919 0.974466 0.223036 4.514100 -0.096433 -0.219633 0.970805 -0.000000 0.000000 0.000000 0.000000 1.000000
0.995026 -0.047150 0.087749 0.000000 0.026235 0.973826 0.225777 4.514100 -0.096098 -0.222352 0.970219 0.000000 0.000000 0.000000 0.000000 1.000000
0.995041 -0.046872 0.087728 -0.000000 0.026105 0.974149 0.224392 4.514100 -0.095978 -0.220989 0.970542 -0.000000 0.000000 0.000000 0.000000 1.000000
0.995059 -0.046095 0.087934 -0.000000 0.025655 0.974988 0.220773 4.514100 -0.095911 -0.217426 0.971353 0.000000 0.000000 0.000000 0.000000 1.000000
0.995095 -0.044155 0.088523 0.000000 0.024557 0.977106 0.211330 4.514100 -0.095827 -0.208120 0.973398 0.000000 0.000000 0.000000 0.000000 1.000000
0.995133 -0.041807 0.089232 -0.000000 0.023232 0.979552 0.199845 4.514100 -0.095762 -0.196799 0.975756 0.000000 0.000000 0.000000 0.000000 1.000000
0.995117 -0.041549 0.089536 0.000000 0.023027 0.979782 0.198737 4.514100 -0.095984 -0.195705 0.975954 0.000000 0.000000 0.000000 0.000000 1.000000
0.995087 -0.041562 0.089863 -0.000000 0.023026 0.979886 0.198225 4.514100 -0.096294 -0.195182 0.976028 0.000000 0.000000 0.000000 0.000000 1.000000
0.995083 -0.041234 0.090053 -0.000000 0.022833 0.980233 0.196524 4.514100 -0.096377 -0.193502 0.976355 0.000000 0.000000 0.000000 0.000000 1.000000
0.995046 -0.041754 0.090220 0.000000 0.023091 0.979775 0.198766 4.514100 -0.096694 -0.195699 0.975885 -0.000000 0.000000 0.000000 0.000000 1.000000
0.995037 -0.042273 0.090083 -0.000000 0.023381 0.979256 0.201275 4.514100 -0.096722 -0.198170 0.975384 0.000000 0.000000 0.000000 0.000000 1.000000
0.995005 -0.042170 0.090476 0.000000 0.023283 0.979428 0.200447 4.514100 -0.097068 -0.197339 0.975518 0.000000 0.000000 0.000000 0.000000 1.000000
0.994972 -0.042853 0.090523 0.000000 0.023639 0.978783 0.203530 4.514100 -0.097324 -0.200367 0.974875 -0.000000 0.000000 0.000000 0.000000 1.000000
0.994908 -0.041987 0.091625 0.000000 0.023063 0.979815 0.198573 4.514100 -0.098113 -0.195449 0.975794 -0.000000 0.000000 0.000000 0.000000 1.000000
0.994865 -0.042041 0.092066 -0.000000 0.023100 0.979957 0.197864 4.514100 -0.098539 -0.194722 0.975896 0.000000 0.000000 0.000000 0.000000 1.000000
0.994865 -0.041766 0.092192 0.000000 0.022900 0.980152 0.196920 4.514100 -0.098587 -0.193798 0.976075 -0.000000 0.000000 0.000000 0.000000 1.000000
0.994867 -0.041491 0.092293 0.000000 0.022729 0.980393 0.195735 4.514100 -0.098605 -0.192633 0.976304 0.000000 0.000000 0.000000 0.000000 1.000000
0.994851 -0.040514 0.092899 -0.000000 0.022152 0.981385 0.190768 4.514100 -0.098898 -0.187728 0.977229 -0.000000 0.000000 0.000000 0.000000 1.000000
0.994882 -0.040575 0.092544 0.000000 0.022219 0.981267 0.191365 4.514100 -0.098575 -0.188330 0.977146 -0.000000 0.000000 0.000000 0.000000 1.000000
0.994872 -0.039914 0.092937 0.000000 0.021830 0.981921 0.188027 4.514100 -0.098762 -0.185034 0.977757 -0.000000 0.000000 0.000000 0.000000 1.000000
0.994897 -0.040511 0.092403 0.000000 0.022198 0.981297 0.191214 4.514100 -0.098421 -0.188187 0.977189 0.000000 0.000000 0.000000 0.000000 1.000000
0.994865 -0.039156 0.093326 0.000000 0.021390 0.982645 0.184259 4.514100 -0.098921 -0.181316 0.978437 0.000000 0.000000 0.000000 0.000000 1.000000
0.994835 -0.039584 0.093467 -0.000000 0.021601 0.982294 0.186094 4.514100 -0.099179 -0.183114 0.978076 0.000000 0.000000 0.000000 0.000000 1.000000
0.994825 -0.040012 0.093398 -0.000000 0.021832 0.981907 0.188102 4.514100 -0.099234 -0.185089 0.977699 -0.000000 0.000000 0.000000 0.000000 1.000000
0.994846 -0.040933 0.092763 0.000000 0.022381 0.980974 0.192845 4.514100 -0.098892 -0.189775 0.976835 0.000000 0.000000 0.000000 0.000000 1.000000
0.994838 -0.040958 0.092842 -0.000000 0.022393 0.980978 0.192822 4.514100 -0.098974 -0.189747 0.976832 0.000000 0.000000 0.000000 0.000000 1.000000
0.994756 -0.040839 0.093772 0.000000 0.022227 0.981231 0.191548 4.514100 -0.099835 -0.188460 0.976993 -0.000000 0.000000 0.000000 0.000000 1.000000
0.994789 -0.041414 0.093165 -0.000000 0.022589 0.980602 0.194701 4.514100 -0.099421 -0.191582 0.976428 0.000000 0.000000 0.000000 0.000000 1.000000
0.994805 -0.041471 0.092967 -0.000000 0.022611 0.980460 0.195416 4.514100 -0.099254 -0.192299 0.976304 -0.000000 0.000000 0.000000 0.000000 1.000000
0.994774 -0.041862 0.093129 0.000000 0.022827 0.980185 0.196764 4.514100 -0.099521 -0.193610 0.976018 0.000000 0.000000 0.000000 0.000000 1.000000
0.994732 -0.041101 0.093908 0.000000 0.022347 0.981015 0.192641 4.514100 -0.100043 -0.189527 0.976765 -0.000000 0.000000 0.000000 0.000000 1.000000
0.994667 -0.040813 0.094724 0.000000 0.022102 0.981389 0.190754 4.514100 -0.100746 -0.187643 0.977057 -0.000000 0.000000 0.000000 0.000000 1.000000
0.994680 -0.040622 0.094670 -0.000000 0.022019 0.981569 0.189836 4.514100 -0.100636 -0.186741 0.977241 0.000000 0.000000 0.000000 0.000000 1.000000
0.994671 -0.040065 0.094998 0.000000 0.021694 0.982111 0.187051 4.514100 -0.100793 -0.183993 0.977746 0.000000 0.000000 0.000000 0.000000 1.000000
0.994650 -0.039368 0.095511 0.000000 0.021279 0.982792 0.183488 4.514100 -0.101091 -0.180474 0.978371 0.000000 0.000000 0.000000 0.000000 1.000000
0.994676 -0.039344 0.095250 -0.000000 0.021291 0.982770 0.183602 4.514100 -0.100832 -0.180596 0.978375 -0.000000 0.000000 0.000000 0.000000 1.000000
0.994603 -0.038342 0.096411 0.000000 0.020657 0.983787 0.178147 4.514100 -0.101678 -0.175194 0.979269 -0.000000 0.000000 0.000000 0.000000 1.000000
0.994589 -0.038746 0.096392 -0.000000 0.020869 0.983448 0.179983 4.514100 -0.101770 -0.176998 0.978935 -0.000000 0.000000 0.000000 0.000000 1.000000
0.994596 -0.038997 0.096219 0.000000 0.021009 0.983201 0.181315 4.514100 -0.101674 -0.178314 0.978707 0.000000 0.000000 0.000000 0.000000 1.000000
0.994562 -0.038894 0.096613 -0.000000 0.020918 0.983346 0.180536 4.514100 -0.102026 -0.177533 0.978812 -0.000000 0.000000 0.000000 0.000000 1.000000
0.994518 -0.038434 0.097248 -0.000000 0.020623 0.983827 0.177930 4.514100 -0.102514 -0.174949 0.979226 0.000000 0.000000 0.000000 0.000000 1.000000
0.994569 -0.039402 0.096330 0.000000 0.021215 0.982887 0.182986 4.514100 -0.101892 -0.179949 0.978385 0.000000 0.000000 0.000000 0.000000 1.000000
0.994555 -0.039122 0.096587 0.000000 0.021042 0.983157 0.181547 4.514100 -0.102063 -0.178526 0.978627 0.000000 0.000000 0.000000 0.000000 1.000000
0.994605 -0.040444 0.095522 -0.000000 0.021833 0.981852 0.188388 4.514100 -0.101407 -0.185286 0.977438 0.000000 0.000000 0.000000 0.000000 1.000000
0.994615 -0.041059 0.095157 0.000000 0.022189 0.981247 0.191473 4.514100 -0.101234 -0.188330 0.976874 0.000000 0.000000 0.000000 0.000000 1.000000
0.994661 -0.042285 0.094133 0.000000 0.022932 0.979956 0.197891 4.514100 -0.100614 -0.194676 0.975694 0.000000 0.000000 0.000000 0.000000 1.000000
0.994710 -0.043102 0.093238 0.000000 0.023452 0.979025 0.202385 4.514100 -0.100006 -0.199128 0.974857 0.000000 0.000000 0.000000 0.000000 1.000000
0.994912 -0.045492 0.089892 0.000000 0.025075 0.975984 0.216396 4.514100 -0.097578 -0.213041 0.972159 0.000000 0.000000 0.000000 0.000000 1.000000
0.995168 -0.047881 0.085725 0.000000 0.026837 0.972441 0.231601 4.514100 -0.094452 -0.228181 0.969027 0.000000 0.000000 0.000000 0.000000 1.000000
0.995227 -0.048619 0.084617 0.000000 0.027369 0.971319 0.236201 4.514100 -0.093674 -0.232758 0.968013 0.000000 0.000000 0.000000 0.000000 1.000000</float_array>
        <technique_common>
          <accessor source="#mixamorig_RightHandThumb2-Matrix-animation-output-transform-array" count="71" stride="16">
            <param type="float4x4"/>
          </accessor>
        </technique_common>
      </source>
      <source id="mixamorig_RightHandThumb2-Interpolations">
        <Name_array id="mixamorig_RightHandThumb2-Interpolations-array" count="71">
 LINEAR LINEAR LINEAR LINEAR LINEAR LINEAR LINEAR LINEAR LINEAR LINEAR LINEAR
LINEAR LINEAR LINEAR LINEAR LINEAR LINEAR LINEAR LINEAR LINEAR LINEAR LINEAR LINEAR
LINEAR LINEAR LINEAR LINEAR LINEAR LINEAR LINEAR LINEAR LINEAR LINEAR LINEAR LINEAR
LINEAR LINEAR LINEAR LINEAR LINEAR LINEAR LINEAR LINEAR LINEAR LINEAR LINEAR LINEAR
LINEAR LINEAR LINEAR LINEAR LINEAR LINEAR LINEAR LINEAR LINEAR LINEAR LINEAR LINEAR
LINEAR LINEAR LINEAR LINEAR LINEAR LINEAR LINEAR LINEAR LINEAR LINEAR LINEAR LINEAR</Name_array>
        <technique_common>
          <accessor source="#mixamorig_RightHandThumb2-Interpolations-array" count="71">
            <param type="name"/>
          </accessor>
        </technique_common>
      </source>
      <sampler id="mixamorig_RightHandThumb2-Matrix-animation-transform">
        <input semantic="INPUT" source="#mixamorig_RightHandThumb2-Matrix-animation-input"/>
        <input semantic="OUTPUT" source="#mixamorig_RightHandThumb2-Matrix-animation-output-transform"/>
        <input semantic="INTERPOLATION" source="#mixamorig_RightHandThumb2-Interpolations"/>
      </sampler>
      <channel source="#mixamorig_RightHandThumb2-Matrix-animation-transform" target="mixamorig_RightHandThumb2/matrix"/>
    </animation>
    <animation id="mixamorig_RightHandThumb3-anim" name="mixamorig_RightHandThumb3">
      <source id="mixamorig_RightHandThumb3-Matrix-animation-input">
        <float_array id="mixamorig_RightHandThumb3-Matrix-animation-input-array" count="71">

0.000000 0.033333 0.066667 0.100000 0.133333 0.166667 0.200000 0.233333 0.266667 0.300000 0.333333 0.366667 0.400000 0.433333 0.466667 0.500000
0.533333 0.566667 0.600000 0.633333 0.666667 0.700000 0.733333 0.766667 0.800000 0.833333 0.866667 0.900000 0.933333 0.966667 1.000000 1.033333
1.066667 1.100000 1.133333 1.166667 1.200000 1.233333 1.266667 1.300000 1.333333 1.366667 1.400000 1.433333 1.466667 1.500000 1.533333 1.566667
1.600000 1.633333 1.666667 1.700000 1.733333 1.766667 1.800000 1.833333 1.866667 1.900000 1.933333 1.966667 2.000000 2.033333 2.066667 2.100000
2.133333 2.166667 2.200000 2.233333 2.266667 2.300000 2.333333</float_array>
        <technique_common>
          <accessor source="#mixamorig_RightHandThumb3-Matrix-animation-input-array" count="71">
            <param name="TIME" type="float"/>
          </accessor>
        </technique_common>
      </source>
      <source id="mixamorig_RightHandThumb3-Matrix-animation-output-transform">
        <float_array id="mixamorig_RightHandThumb3-Matrix-animation-output-transform-array" count="1136">

1.000000 0.000000 0.000319 0.000000 -0.000000 1.000000 -0.000000 5.178500 -0.000319 0.000000 1.000000 -0.000000 0.000000 0.000000 0.000000 1.000000
1.000000 -0.000000 0.000319 0.000000 0.000000 1.000000 0.000000 5.178500 -0.000319 -0.000000 1.000000 0.000000 0.000000 0.000000 0.000000 1.000000
1.000000 0.000000 0.000318 0.000000 -0.000000 1.000000 -0.000000 5.178500 -0.000318 0.000000 1.000000 0.000000 0.000000 0.000000 0.000000 1.000000
1.000000 0.000000 0.000319 0.000000 -0.000000 1.000000 -0.000000 5.178500 -0.000319 0.000000 1.000000 0.000000 0.000000 0.000000 0.000000 1.000000
1.000000 -0.000000 0.000319 0.000000 0.000000 1.000000 -0.000000 5.178500 -0.000319 0.000000 1.000000 0.000000 0.000000 0.000000 0.000000 1.000000
1.000000 0.000000 0.000318 0.000000 -0.000000 1.000000 -0.000000 5.178500 -0.000318 0.000000 1.000000 0.000000 0.000000 0.000000 0.000000 1.000000
1.000000 0.000000 0.000319 0.000000 -0.000000 1.000000 -0.000000 5.178500 -0.000319 0.000000 1.000000 -0.000000 0.000000 0.000000 0.000000 1.000000
1.000000 -0.000000 0.000319 0.000000 0.000000 1.000000 0.000000 5.178500 -0.000319 -0.000000 1.000000 -0.000000 0.000000 0.000000 0.000000 1.000000
1.000000 -0.000000 0.000319 -0.000000 0.000000 1.000000 0.000000 5.178500 -0.000319 -0.000000 1.000000 0.000000 0.000000 0.000000 0.000000 1.000000
1.000000 -0.000000 0.000319 0.000000 0.000000 1.000000 0.000000 5.178500 -0.000319 -0.000000 1.000000 0.000000 0.000000 0.000000 0.000000 1.000000
1.000000 0.000000 0.000319 0.000000 -0.000000 1.000000 -0.000000 5.178500 -0.000319 0.000000 1.000000 0.000000 0.000000 0.000000 0.000000 1.000000
1.000000 -0.000000 0.000319 0.000000 0.000000 1.000000 0.000000 5.178500 -0.000319 -0.000000 1.000000 -0.000000 0.000000 0.000000 0.000000 1.000000
1.000000 0.000000 0.000319 0.000000 -0.000000 1.000000 -0.000000 5.178500 -0.000319 0.000000 1.000000 0.000000 0.000000 0.000000 0.000000 1.000000
1.000000 -0.000000 0.000319 0.000000 0.000000 1.000000 -0.000000 5.178500 -0.000319 0.000000 1.000000 0.000000 0.000000 0.000000 0.000000 1.000000
1.000000 -0.000000 0.000319 0.000000 0.000000 1.000000 0.000000 5.178500 -0.000319 -0.000000 1.000000 0.000000 0.000000 0.000000 0.000000 1.000000
1.000000 0.000000 0.000319 0.000000 -0.000000 1.000000 0.000000 5.178500 -0.000319 -0.000000 1.000000 -0.000000 0.000000 0.000000 0.000000 1.000000
1.000000 0.000000 0.000319 0.000000 -0.000000 1.000000 -0.000000 5.178500 -0.000319 0.000000 1.000000 0.000000 0.000000 0.000000 0.000000 1.000000
1.000000 0.000000 0.000319 -0.000000 -0.000000 1.000000 -0.000000 5.178500 -0.000319 0.000000 1.000000 0.000000 0.000000 0.000000 0.000000 1.000000
1.000000 0.000000 0.000319 0.000000 -0.000000 1.000000 -0.000000 5.178500 -0.000319 0.000000 1.000000 0.000000 0.000000 0.000000 0.000000 1.000000
1.000000 0.000000 0.000319 0.000000 -0.000000 1.000000 -0.000000 5.178500 -0.000319 0.000000 1.000000 -0.000000 0.000000 0.000000 0.000000 1.000000
1.000000 0.000000 0.000319 0.000000 -0.000000 1.000000 0.000000 5.178500 -0.000319 -0.000000 1.000000 -0.000000 0.000000 0.000000 0.000000 1.000000
1.000000 -0.000000 0.000319 0.000000 0.000000 1.000000 -0.000000 5.178500 -0.000319 0.000000 1.000000 0.000000 0.000000 0.000000 0.000000 1.000000
1.000000 -0.000000 0.000319 -0.000000 0.000000 1.000000 -0.000000 5.178500 -0.000319 0.000000 1.000000 0.000000 0.000000 0.000000 0.000000 1.000000
1.000000 0.000000 0.000319 0.000000 -0.000000 1.000000 -0.000000 5.178500 -0.000319 0.000000 1.000000 -0.000000 0.000000 0.000000 0.000000 1.000000
1.000000 -0.000000 0.000319 0.000000 0.000000 1.000000 -0.000000 5.178500 -0.000319 0.000000 1.000000 -0.000000 0.000000 0.000000 0.000000 1.000000
1.000000 0.000000 0.000319 0.000000 -0.000000 1.000000 -0.000000 5.178500 -0.000319 0.000000 1.000000 0.000000 0.000000 0.000000 0.000000 1.000000
1.000000 -0.000000 0.000319 -0.000000 0.000000 1.000000 -0.000000 5.178500 -0.000319 0.000000 1.000000 0.000000 0.000000 0.000000 0.000000 1.000000
1.000000 -0.000000 0.000319 0.000000 0.000000 1.000000 -0.000000 5.178500 -0.000319 0.000000 1.000000 -0.000000 0.000000 0.000000 0.000000 1.000000
1.000000 -0.000000 0.000319 0.000000 0.000000 1.000000 -0.000000 5.178500 -0.000319 0.000000 1.000000 0.000000 0.000000 0.000000 0.000000 1.000000
1.000000 -0.000000 0.000319 0.000000 0.000000 1.000000 0.000000 5.178500 -0.000319 -0.000000 1.000000 -0.000000 0.000000 0.000000 0.000000 1.000000
1.000000 -0.000000 0.000318 0.000000 0.000000 1.000000 0.000000 5.178500 -0.000318 -0.000000 1.000000 -0.000000 0.000000 0.000000 0.000000 1.000000
1.000000 -0.000000 0.000319 -0.000000 0.000000 1.000000 0.000000 5.178500 -0.000319 -0.000000 1.000000 0.000000 0.000000 0.000000 0.000000 1.000000
1.000000 0.000000 0.000319 0.000000 -0.000000 1.000000 0.000000 5.178500 -0.000319 -0.000000 1.000000 0.000000 0.000000 0.000000 0.000000 1.000000
1.000000 -0.000000 0.000319 -0.000000 0.000000 1.000000 -0.000000 5.178500 -0.000319 0.000000 1.000000 0.000000 0.000000 0.000000 0.000000 1.000000
1.000000 0.000000 0.000319 0.000000 -0.000000 1.000000 0.000000 5.178500 -0.000319 -0.000000 1.000000 0.000000 0.000000 0.000000 0.000000 1.000000
1.000000 -0.000000 0.000319 -0.000000 0.000000 1.000000 -0.000000 5.178500 -0.000319 0.000000 1.000000 -0.000000 0.000000 0.000000 0.000000 1.000000
1.000000 -0.000000 0.000319 0.000000 0.000000 1.000000 -0.000000 5.178500 -0.000319 0.000000 1.000000 -0.000000 0.000000 0.000000 0.000000 1.000000
1.000000 -0.000000 0.000319 0.000000 0.000000 1.000000 -0.000000 5.178500 -0.000319 0.000000 1.000000 0.000000 0.000000 0.000000 0.000000 1.000000
1.000000 -0.000000 0.000319 0.000000 0.000000 1.000000 -0.000000 5.178500 -0.000319 0.000000 1.000000 -0.000000 0.000000 0.000000 0.000000 1.000000
1.000000 -0.000000 0.000319 0.000000 0.000000 1.000000 -0.000000 5.178500 -0.000319 0.000000 1.000000 0.000000 0.000000 0.000000 0.000000 1.000000
1.000000 -0.000000 0.000319 -0.000000 0.000000 1.000000 -0.000000 5.178500 -0.000319 0.000000 1.000000 0.000000 0.000000 0.000000 0.000000 1.000000
1.000000 -0.000000 0.000319 0.000000 0.000000 1.000000 -0.000000 5.178500 -0.000319 0.000000 1.000000 0.000000 0.000000 0.000000 0.000000 1.000000
1.000000 -0.000000 0.000319 0.000000 0.000000 1.000000 0.000000 5.178500 -0.000319 -0.000000 1.000000 0.000000 0.000000 0.000000 0.000000 1.000000
1.000000 -0.000000 0.000319 0.000000 0.000000 1.000000 0.000000 5.178500 -0.000319 -0.000000 1.000000 0.000000 0.000000 0.000000 0.000000 1.000000
1.000000 -0.000000 0.000319 0.000000 0.000000 1.000000 -0.000000 5.178500 -0.000319 0.000000 1.000000 -0.000000 0.000000 0.000000 0.000000 1.000000
1.000000 -0.000000 0.000319 0.000000 0.000000 1.000000 0.000000 5.178500 -0.000319 -0.000000 1.000000 -0.000000 0.000000 0.000000 0.000000 1.000000
1.000000 0.000000 0.000319 0.000000 -0.000000 1.000000 0.000000 5.178500 -0.000319 -0.000000 1.000000 0.000000 0.000000 0.000000 0.000000 1.000000
1.000000 -0.000000 0.000318 0.000000 0.000000 1.000000 -0.000000 5.178500 -0.000318 0.000000 1.000000 0.000000 0.000000 0.000000 0.000000 1.000000
1.000000 0.000000 0.000319 0.000000 -0.000000 1.000000 -0.000000 5.178500 -0.000319 0.000000 1.000000 0.000000 0.000000 0.000000 0.000000 1.000000
1.000000 -0.000000 0.000319 0.000000 0.000000 1.000000 -0.000000 5.178500 -0.000319 0.000000 1.000000 -0.000000 0.000000 0.000000 0.000000 1.000000
1.000000 -0.000000 0.000319 -0.000000 0.000000 1.000000 -0.000000 5.178500 -0.000319 0.000000 1.000000 -0.000000 0.000000 0.000000 0.000000 1.000000
1.000000 0.000000 0.000319 0.000000 -0.000000 1.000000 -0.000000 5.178500 -0.000319 0.000000 1.000000 0.000000 0.000000 0.000000 0.000000 1.000000
1.000000 0.000000 0.000318 0.000000 -0.000000 1.000000 0.000000 5.178500 -0.000318 -0.000000 1.000000 0.000000 0.000000 0.000000 0.000000 1.000000
1.000000 0.000000 0.000319 0.000000 -0.000000 1.000000 0.000000 5.178500 -0.000319 -0.000000 1.000000 0.000000 0.000000 0.000000 0.000000 1.000000
1.000000 -0.000000 0.000319 0.000000 0.000000 1.000000 -0.000000 5.178500 -0.000319 0.000000 1.000000 0.000000 0.000000 0.000000 0.000000 1.000000
1.000000 0.000000 0.000319 0.000000 -0.000000 1.000000 -0.000000 5.178500 -0.000319 0.000000 1.000000 0.000000 0.000000 0.000000 0.000000 1.000000
1.000000 -0.000000 0.000319 0.000000 0.000000 1.000000 0.000000 5.178500 -0.000319 -0.000000 1.000000 0.000000 0.000000 0.000000 0.000000 1.000000
1.000000 0.000000 0.000319 0.000000 -0.000000 1.000000 0.000000 5.178500 -0.000319 -0.000000 1.000000 0.000000 0.000000 0.000000 0.000000 1.000000
1.000000 -0.000000 0.000319 0.000000 0.000000 1.000000 -0.000000 5.178500 -0.000319 0.000000 1.000000 0.000000 0.000000 0.000000 0.000000 1.000000
1.000000 -0.000000 0.000319 -0.000000 0.000000 1.000000 -0.000000 5.178500 -0.000319 0.000000 1.000000 0.000000 0.000000 0.000000 0.000000 1.000000
1.000000 -0.000000 0.000319 0.000000 0.000000 1.000000 -0.000000 5.178500 -0.000319 0.000000 1.000000 -0.000000 0.000000 0.000000 0.000000 1.000000
1.000000 -0.000000 0.000319 -0.000000 0.000000 1.000000 0.000000 5.178500 -0.000319 -0.000000 1.000000 -0.000000 0.000000 0.000000 0.000000 1.000000
1.000000 -0.000000 0.000319 0.000000 0.000000 1.000000 0.000000 5.178500 -0.000319 -0.000000 1.000000 0.000000 0.000000 0.000000 0.000000 1.000000
1.000000 -0.000000 0.000319 -0.000000 0.000000 1.000000 -0.000000 5.178500 -0.000319 0.000000 1.000000 0.000000 0.000000 0.000000 0.000000 1.000000
1.000000 -0.000000 0.000319 0.000000 0.000000 1.000000 -0.000000 5.178500 -0.000319 0.000000 1.000000 0.000000 0.000000 0.000000 0.000000 1.000000
1.000000 0.000000 0.000318 0.000000 -0.000000 1.000000 -0.000000 5.178500 -0.000318 0.000000 1.000000 -0.000000 0.000000 0.000000 0.000000 1.000000
1.000000 0.000000 0.000319 -0.000000 -0.000000 1.000000 -0.000000 5.178500 -0.000319 0.000000 1.000000 -0.000000 0.000000 0.000000 0.000000 1.000000
1.000000 0.000000 0.000319 -0.000000 -0.000000 1.000000 0.000000 5.178500 -0.000319 -0.000000 1.000000 0.000000 0.000000 0.000000 0.000000 1.000000
1.000000 -0.000000 0.000319 -0.000000 0.000000 1.000000 0.000000 5.178500 -0.000319 -0.000000 1.000000 0.000000 0.000000 0.000000 0.000000 1.000000
1.000000 -0.000000 0.000319 0.000000 0.000000 1.000000 -0.000000 5.178500 -0.000319 0.000000 1.000000 0.000000 0.000000 0.000000 0.000000 1.000000
1.000000 -0.000000 0.000319 -0.000000 0.000000 1.000000 0.000000 5.178500 -0.000319 -0.000000 1.000000 0.000000 0.000000 0.000000 0.000000 1.000000</float_array>
        <technique_common>
          <accessor source="#mixamorig_RightHandThumb3-Matrix-animation-output-transform-array" count="71" stride="16">
            <param type="float4x4"/>
          </accessor>
        </technique_common>
      </source>
      <source id="mixamorig_RightHandThumb3-Interpolations">
        <Name_array id="mixamorig_RightHandThumb3-Interpolations-array" count="71">
 LINEAR LINEAR LINEAR LINEAR LINEAR LINEAR LINEAR LINEAR LINEAR LINEAR LINEAR
LINEAR LINEAR LINEAR LINEAR LINEAR LINEAR LINEAR LINEAR LINEAR LINEAR LINEAR LINEAR
LINEAR LINEAR LINEAR LINEAR LINEAR LINEAR LINEAR LINEAR LINEAR LINEAR LINEAR LINEAR
LINEAR LINEAR LINEAR LINEAR LINEAR LINEAR LINEAR LINEAR LINEAR LINEAR LINEAR LINEAR
LINEAR LINEAR LINEAR LINEAR LINEAR LINEAR LINEAR LINEAR LINEAR LINEAR LINEAR LINEAR
LINEAR LINEAR LINEAR LINEAR LINEAR LINEAR LINEAR LINEAR LINEAR LINEAR LINEAR LINEAR</Name_array>
        <technique_common>
          <accessor source="#mixamorig_RightHandThumb3-Interpolations-array" count="71">
            <param type="name"/>
          </accessor>
        </technique_common>
      </source>
      <sampler id="mixamorig_RightHandThumb3-Matrix-animation-transform">
        <input semantic="INPUT" source="#mixamorig_RightHandThumb3-Matrix-animation-input"/>
        <input semantic="OUTPUT" source="#mixamorig_RightHandThumb3-Matrix-animation-output-transform"/>
        <input semantic="INTERPOLATION" source="#mixamorig_RightHandThumb3-Interpolations"/>
      </sampler>
      <channel source="#mixamorig_RightHandThumb3-Matrix-animation-transform" target="mixamorig_RightHandThumb3/matrix"/>
    </animation>
    <animation id="mixamorig_RightHandIndex1-anim" name="mixamorig_RightHandIndex1">
      <source id="mixamorig_RightHandIndex1-Matrix-animation-input">
        <float_array id="mixamorig_RightHandIndex1-Matrix-animation-input-array" count="71">

0.000000 0.033333 0.066667 0.100000 0.133333 0.166667 0.200000 0.233333 0.266667 0.300000 0.333333 0.366667 0.400000 0.433333 0.466667 0.500000
0.533333 0.566667 0.600000 0.633333 0.666667 0.700000 0.733333 0.766667 0.800000 0.833333 0.866667 0.900000 0.933333 0.966667 1.000000 1.033333
1.066667 1.100000 1.133333 1.166667 1.200000 1.233333 1.266667 1.300000 1.333333 1.366667 1.400000 1.433333 1.466667 1.500000 1.533333 1.566667
1.600000 1.633333 1.666667 1.700000 1.733333 1.766667 1.800000 1.833333 1.866667 1.900000 1.933333 1.966667 2.000000 2.033333 2.066667 2.100000
2.133333 2.166667 2.200000 2.233333 2.266667 2.300000 2.333333</float_array>
        <technique_common>
          <accessor source="#mixamorig_RightHandIndex1-Matrix-animation-input-array" count="71">
            <param name="TIME" type="float"/>
          </accessor>
        </technique_common>
      </source>
      <source id="mixamorig_RightHandIndex1-Matrix-animation-output-transform">
        <float_array id="mixamorig_RightHandIndex1-Matrix-animation-output-transform-array" count="1136">

0.998335 0.009732 -0.056860 2.202200 -0.055558 0.427516 -0.902299 10.514800 0.015527 0.903955 0.427345 0.266000 0.000000 0.000000 0.000000 1.000000
0.998336 0.009743 -0.056829 2.202200 -0.055525 0.428077 -0.902035 10.514800 0.015538 0.903690 0.427906 0.266000 0.000000 0.000000 0.000000 1.000000
0.998348 0.009729 -0.056626 2.202200 -0.055308 0.429667 -0.901292 10.514800 0.015562 0.902935 0.429496 0.266000 0.000000 0.000000 0.000000 1.000000
0.998346 0.009742 -0.056656 2.202200 -0.055335 0.429995 -0.901134 10.514800 0.015584 0.902779 0.429823 0.266000 0.000000 0.000000 0.000000 1.000000
0.998341 0.009659 -0.056756 2.202200 -0.055406 0.429063 -0.901574 10.514800 0.015644 0.903223 0.428887 0.266000 0.000000 0.000000 0.000000 1.000000
0.998340 0.009619 -0.056793 2.202200 -0.055423 0.428988 -0.901608 10.514800 0.015691 0.903259 0.428809 0.266000 0.000000 0.000000 0.000000 1.000000
0.998353 0.009593 -0.056567 2.202200 -0.055177 0.430814 -0.900752 10.514800 0.015729 0.902390 0.430634 0.266000 0.000000 0.000000 0.000000 1.000000
0.998352 0.009520 -0.056585 2.202200 -0.055157 0.431067 -0.900633 10.514800 0.015818 0.902270 0.430882 0.266000 0.000000 0.000000 0.000000 1.000000
0.998365 0.009482 -0.056376 2.202200 -0.054921 0.432821 -0.899805 10.514800 0.015869 0.901430 0.432634 0.266000 0.000000 0.000000 0.000000 1.000000
0.998363 0.009494 -0.056396 2.202200 -0.054949 0.432606 -0.899907 10.514800 0.015854 0.901533 0.432420 0.266000 0.000000 0.000000 0.000000 1.000000
0.998383 0.009312 -0.056084 2.202200 -0.054530 0.435882 -0.898350 10.514800 0.016081 0.899956 0.435685 0.266000 0.000000 0.000000 0.000000 1.000000
0.998382 0.009252 -0.056098 2.202200 -0.054514 0.436082 -0.898254 10.514800 0.016153 0.899859 0.435881 0.266000 0.000000 0.000000 0.000000 1.000000
0.998381 0.009227 -0.056125 2.202200 -0.054523 0.436240 -0.898177 10.514800 0.016197 0.899783 0.436037 0.266000 0.000000 0.000000 0.000000 1.000000
0.998384 0.009160 -0.056092 2.202200 -0.054464 0.436270 -0.898166 10.514800 0.016244 0.899769 0.436063 0.266000 0.000000 0.000000 0.000000 1.000000
0.998387 0.009079 -0.056036 2.202200 -0.054382 0.436055 -0.898276 10.514800 0.016280 0.899874 0.435845 0.266000 0.000000 0.000000 0.000000 1.000000
0.998390 0.009110 -0.055984 2.202200 -0.054342 0.436443 -0.898089 10.514800 0.016253 0.899686 0.436236 0.266000 0.000000 0.000000 0.000000 1.000000
0.998389 0.009246 -0.055976 2.202200 -0.054384 0.437007 -0.897812 10.514800 0.016161 0.899411 0.436806 0.266000 0.000000 0.000000 0.000000 1.000000
0.998379 0.009452 -0.056119 2.202200 -0.054628 0.435577 -0.898492 10.514800 0.015951 0.900102 0.435388 0.266000 0.000000 0.000000 0.000000 1.000000
0.998366 0.009644 -0.056319 2.202200 -0.054927 0.433573 -0.899443 10.514800 0.015744 0.901067 0.433394 0.266000 0.000000 0.000000 0.000000 1.000000
0.998355 0.009772 -0.056489 2.202200 -0.055165 0.431869 -0.900248 10.514800 0.015599 0.901883 0.431698 0.266000 0.000000 0.000000 0.000000 1.000000
0.998354 0.009892 -0.056501 2.202200 -0.055221 0.432269 -0.900052 10.514800 0.015520 0.901690 0.432104 0.266000 0.000000 0.000000 0.000000 1.000000
0.998351 0.009931 -0.056540 2.202200 -0.055273 0.432282 -0.900043 10.514800 0.015503 0.901684 0.432118 0.266000 0.000000 0.000000 0.000000 1.000000
0.998349 0.009845 -0.056594 2.202200 -0.055294 0.431720 -0.900311 10.514800 0.015569 0.901954 0.431551 0.266000 0.000000 0.000000 0.000000 1.000000
0.998351 0.009618 -0.056600 2.202200 -0.055188 0.432437 -0.899974 10.514800 0.015820 0.901613 0.432255 0.266000 0.000000 0.000000 0.000000 1.000000
0.998372 0.008719 -0.056374 2.202200 -0.054513 0.436964 -0.897826 10.514800 0.016805 0.899437 0.436727 0.266000 0.000000 0.000000 0.000000 1.000000
0.998400 0.007134 -0.056097 2.202200 -0.053419 0.444466 -0.894201 10.514800 0.018555 0.895767 0.444136 0.266000 0.000000 0.000000 0.000000 1.000000
0.998416 0.006096 -0.055936 2.202200 -0.052713 0.449026 -0.891963 10.514800 0.019679 0.893498 0.448636 0.266000 0.000000 0.000000 0.000000 1.000000
0.998399 0.006590 -0.056174 2.202200 -0.053213 0.446004 -0.893448 10.514800 0.019167 0.895007 0.445641 0.266000 0.000000 0.000000 0.000000 1.000000
0.998385 0.007119 -0.056363 2.202200 -0.053682 0.442967 -0.894929 10.514800 0.018596 0.896510 0.442634 0.266000 0.000000 0.000000 0.000000 1.000000
0.998384 0.007369 -0.056345 2.202200 -0.053799 0.441793 -0.895502 10.514800 0.018294 0.897087 0.441476 0.266000 0.000000 0.000000 0.000000 1.000000
0.998385 0.007414 -0.056321 2.202200 -0.053817 0.440853 -0.895964 10.514800 0.018187 0.897549 0.440540 0.266000 0.000000 0.000000 0.000000 1.000000
0.998388 0.007823 -0.056217 2.202200 -0.053860 0.443080 -0.894863 10.514800 0.017909 0.896448 0.442787 0.266000 0.000000 0.000000 0.000000 1.000000
0.998392 0.007956 -0.056117 2.202200 -0.053835 0.442781 -0.895012 10.514800 0.017727 0.896594 0.442498 0.266000 0.000000 0.000000 0.000000 1.000000
0.998395 0.008013 -0.056059 2.202200 -0.053809 0.442697 -0.895055 10.514800 0.017645 0.896635 0.442418 0.266000 0.000000 0.000000 0.000000 1.000000
0.998398 0.007942 -0.056021 2.202200 -0.053759 0.441915 -0.895445 10.514800 0.017645 0.897022 0.441634 0.266000 0.000000 0.000000 0.000000 1.000000
0.998401 0.007989 -0.055965 2.202200 -0.053718 0.442537 -0.895140 10.514800 0.017615 0.896714 0.442259 0.266000 0.000000 0.000000 0.000000 1.000000
0.998404 0.007970 -0.055914 2.202200 -0.053646 0.443419 -0.894707 10.514800 0.017662 0.896279 0.443139 0.266000 0.000000 0.000000 0.000000 1.000000
0.998410 0.007858 -0.055812 2.202200 -0.053479 0.444729 -0.894067 10.514800 0.017795 0.895631 0.444442 0.266000 0.000000 0.000000 0.000000 1.000000
0.998412 0.007778 -0.055793 2.202200 -0.053420 0.445088 -0.893892 10.514800 0.017880 0.895453 0.444796 0.266000 0.000000 0.000000 0.000000 1.000000
0.998414 0.007698 -0.055765 2.202200 -0.053349 0.445595 -0.893644 10.514800 0.017969 0.895202 0.445299 0.266000 0.000000 0.000000 0.000000 1.000000
0.998422 0.007554 -0.055653 2.202200 -0.053158 0.446925 -0.892991 10.514800 0.018127 0.894539 0.446621 0.266000 0.000000 0.000000 0.000000 1.000000
0.998412 0.007443 -0.055841 2.202200 -0.053308 0.445391 -0.893748 10.514800 0.018219 0.895305 0.445081 0.266000 0.000000 0.000000 0.000000 1.000000
0.998406 0.007473 -0.055939 2.202200 -0.053416 0.445059 -0.893907 10.514800 0.018216 0.895470 0.444749 0.266000 0.000000 0.000000 0.000000 1.000000
0.998401 0.007409 -0.056038 2.202200 -0.053503 0.443753 -0.894550 10.514800 0.018239 0.896118 0.443440 0.266000 0.000000 0.000000 0.000000 1.000000
0.998409 0.007398 -0.055898 2.202200 -0.053348 0.444875 -0.894002 10.514800 0.018254 0.895562 0.444562 0.266000 0.000000 0.000000 0.000000 1.000000
0.998413 0.007322 -0.055846 2.202200 -0.053258 0.445412 -0.893740 10.514800 0.018331 0.895296 0.445095 0.266000 0.000000 0.000000 0.000000 1.000000
0.998413 0.007336 -0.055843 2.202200 -0.053251 0.445942 -0.893476 10.514800 0.018349 0.895032 0.445625 0.266000 0.000000 0.000000 0.000000 1.000000
0.998386 0.007430 -0.056309 2.202200 -0.053751 0.443935 -0.894445 10.514800 0.018352 0.896028 0.443618 0.266000 0.000000 0.000000 0.000000 1.000000
0.998394 0.007457 -0.056166 2.202200 -0.053607 0.445260 -0.893795 10.514800 0.018343 0.895370 0.444944 0.266000 0.000000 0.000000 0.000000 1.000000
0.998373 0.007452 -0.056528 2.202200 -0.053972 0.443136 -0.894828 10.514800 0.018381 0.896423 0.442817 0.266000 0.000000 0.000000 0.000000 1.000000
0.998382 0.007424 -0.056372 2.202200 -0.053794 0.444460 -0.894182 10.514800 0.018417 0.895768 0.444140 0.266000 0.000000 0.000000 0.000000 1.000000
0.998380 0.007224 -0.056445 2.202200 -0.053786 0.443709 -0.894555 10.514800 0.018583 0.896142 0.443379 0.266000 0.000000 0.000000 0.000000 1.000000
0.998376 0.007124 -0.056522 2.202200 -0.053813 0.443576 -0.894620 10.514800 0.018699 0.896208 0.443239 0.266000 0.000000 0.000000 0.000000 1.000000
0.998382 0.006998 -0.056436 2.202200 -0.053655 0.444768 -0.894037 10.514800 0.018845 0.895618 0.444424 0.266000 0.000000 0.000000 0.000000 1.000000
0.998386 0.006763 -0.056385 2.202200 -0.053488 0.445548 -0.893659 10.514800 0.019078 0.895232 0.445191 0.266000 0.000000 0.000000 0.000000 1.000000
0.998390 0.006568 -0.056345 2.202200 -0.053353 0.446143 -0.893370 10.514800 0.019270 0.894937 0.445775 0.266000 0.000000 0.000000 0.000000 1.000000
0.998387 0.006318 -0.056419 2.202200 -0.053322 0.445463 -0.893711 10.514800 0.019486 0.895278 0.445081 0.266000 0.000000 0.000000 0.000000 1.000000
0.998389 0.006161 -0.056396 2.202200 -0.053228 0.445667 -0.893615 10.514800 0.019628 0.895178 0.445277 0.266000 0.000000 0.000000 0.000000 1.000000
0.998392 0.006069 -0.056356 2.202200 -0.053138 0.446234 -0.893337 10.514800 0.019726 0.894896 0.445839 0.266000 0.000000 0.000000 0.000000 1.000000
0.998401 0.006030 -0.056198 2.202200 -0.052951 0.447551 -0.892689 10.514800 0.019769 0.894238 0.447155 0.266000 0.000000 0.000000 0.000000 1.000000
0.998394 0.006163 -0.056320 2.202200 -0.053154 0.445988 -0.893459 10.514800 0.019611 0.895018 0.445600 0.266000 0.000000 0.000000 0.000000 1.000000
0.998395 0.006197 -0.056299 2.202200 -0.053150 0.445942 -0.893482 10.514800 0.019569 0.895040 0.445556 0.266000 0.000000 0.000000 0.000000 1.000000
0.998405 0.006184 -0.056115 2.202200 -0.052955 0.447152 -0.892889 10.514800 0.019570 0.894437 0.446766 0.266000 0.000000 0.000000 0.000000 1.000000
0.998407 0.006227 -0.056075 2.202200 -0.052945 0.446821 -0.893055 10.514800 0.019494 0.894602 0.446439 0.266000 0.000000 0.000000 0.000000 1.000000
0.998411 0.006517 -0.055967 2.202200 -0.052995 0.445985 -0.893470 10.514800 0.019138 0.895016 0.445622 0.266000 0.000000 0.000000 0.000000 1.000000
0.998404 0.006935 -0.056056 2.202200 -0.053313 0.443518 -0.894678 10.514800 0.018657 0.896238 0.443180 0.266000 0.000000 0.000000 0.000000 1.000000
0.998395 0.007353 -0.056150 2.202200 -0.053639 0.440772 -0.896015 10.514800 0.018161 0.897589 0.440459 0.266000 0.000000 0.000000 0.000000 1.000000
0.998378 0.008159 -0.056342 2.202200 -0.054295 0.434043 -0.899254 10.514800 0.017118 0.900855 0.433783 0.266000 0.000000 0.000000 0.000000 1.000000
0.998369 0.008553 -0.056449 2.202200 -0.054605 0.431726 -0.900350 10.514800 0.016670 0.901964 0.431489 0.266000 0.000000 0.000000 0.000000 1.000000
0.998345 0.009373 -0.056732 2.202200 -0.055267 0.428780 -0.901717 10.514800 0.015874 0.903360 0.428588 0.266000 0.000000 0.000000 0.000000 1.000000
0.998333 0.009934 -0.056855 2.202200 -0.055640 0.427507 -0.902298 10.514800 0.015342 0.903958 0.427347 0.266000 0.000000 0.000000 0.000000 1.000000</float_array>
        <technique_common>
          <accessor source="#mixamorig_RightHandIndex1-Matrix-animation-output-transform-array" count="71" stride="16">
            <param type="float4x4"/>
          </accessor>
        </technique_common>
      </source>
      <source id="mixamorig_RightHandIndex1-Interpolations">
        <Name_array id="mixamorig_RightHandIndex1-Interpolations-array" count="71">
 LINEAR LINEAR LINEAR LINEAR LINEAR LINEAR LINEAR LINEAR LINEAR LINEAR LINEAR
LINEAR LINEAR LINEAR LINEAR LINEAR LINEAR LINEAR LINEAR LINEAR LINEAR LINEAR LINEAR
LINEAR LINEAR LINEAR LINEAR LINEAR LINEAR LINEAR LINEAR LINEAR LINEAR LINEAR LINEAR
LINEAR LINEAR LINEAR LINEAR LINEAR LINEAR LINEAR LINEAR LINEAR LINEAR LINEAR LINEAR
LINEAR LINEAR LINEAR LINEAR LINEAR LINEAR LINEAR LINEAR LINEAR LINEAR LINEAR LINEAR
LINEAR LINEAR LINEAR LINEAR LINEAR LINEAR LINEAR LINEAR LINEAR LINEAR LINEAR LINEAR</Name_array>
        <technique_common>
          <accessor source="#mixamorig_RightHandIndex1-Interpolations-array" count="71">
            <param type="name"/>
          </accessor>
        </technique_common>
      </source>
      <sampler id="mixamorig_RightHandIndex1-Matrix-animation-transform">
        <input semantic="INPUT" source="#mixamorig_RightHandIndex1-Matrix-animation-input"/>
        <input semantic="OUTPUT" source="#mixamorig_RightHandIndex1-Matrix-animation-output-transform"/>
        <input semantic="INTERPOLATION" source="#mixamorig_RightHandIndex1-Interpolations"/>
      </sampler>
      <channel source="#mixamorig_RightHandIndex1-Matrix-animation-transform" target="mixamorig_RightHandIndex1/matrix"/>
    </animation>
    <animation id="mixamorig_RightHandIndex2-anim" name="mixamorig_RightHandIndex2">
      <source id="mixamorig_RightHandIndex2-Matrix-animation-input">
        <float_array id="mixamorig_RightHandIndex2-Matrix-animation-input-array" count="71">

0.000000 0.033333 0.066667 0.100000 0.133333 0.166667 0.200000 0.233333 0.266667 0.300000 0.333333 0.366667 0.400000 0.433333 0.466667 0.500000
0.533333 0.566667 0.600000 0.633333 0.666667 0.700000 0.733333 0.766667 0.800000 0.833333 0.866667 0.900000 0.933333 0.966667 1.000000 1.033333
1.066667 1.100000 1.133333 1.166667 1.200000 1.233333 1.266667 1.300000 1.333333 1.366667 1.400000 1.433333 1.466667 1.500000 1.533333 1.566667
1.600000 1.633333 1.666667 1.700000 1.733333 1.766667 1.800000 1.833333 1.866667 1.900000 1.933333 1.966667 2.000000 2.033333 2.066667 2.100000
2.133333 2.166667 2.200000 2.233333 2.266667 2.300000 2.333333</float_array>
        <technique_common>
          <accessor source="#mixamorig_RightHandIndex2-Matrix-animation-input-array" count="71">
            <param name="TIME" type="float"/>
          </accessor>
        </technique_common>
      </source>
      <source id="mixamorig_RightHandIndex2-Matrix-animation-output-transform">
        <float_array id="mixamorig_RightHandIndex2-Matrix-animation-output-transform-array" count="1136">

0.985602 0.110723 -0.127785 -0.000000 -0.166468 0.767796 -0.618691 5.549300 0.029609 0.631055 0.775173 -0.000000 0.000000 0.000000 0.000000 1.000000
0.985577 0.110902 -0.127821 0.000000 -0.166682 0.766678 -0.620018 5.549300 0.029236 0.632381 0.774106 0.000000 0.000000 0.000000 0.000000 1.000000
0.985564 0.111024 -0.127816 -0.000000 -0.166791 0.766261 -0.620503 5.549300 0.029049 0.632864 0.773718 0.000000 0.000000 0.000000 0.000000 1.000000
0.985566 0.110989 -0.127828 0.000000 -0.166773 0.766253 -0.620518 5.549300 0.029078 0.632880 0.773704 0.000000 0.000000 0.000000 0.000000 1.000000
0.985567 0.110973 -0.127835 0.000000 -0.166765 0.766240 -0.620537 5.549300 0.029090 0.632899 0.773688 0.000000 0.000000 0.000000 0.000000 1.000000
0.985602 0.110725 -0.127785 0.000000 -0.166472 0.767779 -0.618711 5.549300 0.029604 0.631075 0.775157 0.000000 0.000000 0.000000 0.000000 1.000000
0.985574 0.110923 -0.127825 0.000000 -0.166706 0.766554 -0.620165 5.549300 0.029195 0.632528 0.773987 -0.000000 0.000000 0.000000 0.000000 1.000000
0.985601 0.110730 -0.127786 0.000000 -0.166477 0.767749 -0.618746 5.549300 0.029594 0.631111 0.775128 0.000000 0.000000 0.000000 0.000000 1.000000
0.985611 0.110624 -0.127805 0.000000 -0.166397 0.767957 -0.618509 5.549300 0.029727 0.630875 0.775314 0.000000 0.000000 0.000000 0.000000 1.000000
0.985607 0.110664 -0.127797 0.000000 -0.166426 0.767890 -0.618584 5.549300 0.029679 0.630950 0.775256 0.000000 0.000000 0.000000 0.000000 1.000000
0.985607 0.110690 -0.127778 -0.000000 -0.166430 0.767997 -0.618451 5.549300 0.029677 0.630815 0.775365 0.000000 0.000000 0.000000 0.000000 1.000000
0.985569 0.110961 -0.127833 0.000000 -0.166751 0.766314 -0.620449 5.549300 0.029115 0.632812 0.773758 0.000000 0.000000 0.000000 0.000000 1.000000
0.985602 0.110720 -0.127784 0.000000 -0.166466 0.767810 -0.618674 5.549300 0.029614 0.631038 0.775187 -0.000000 0.000000 0.000000 0.000000 1.000000
0.985577 0.110901 -0.127821 0.000000 -0.166681 0.766685 -0.620009 5.549300 0.029239 0.632372 0.774113 0.000000 0.000000 0.000000 0.000000 1.000000
0.985562 0.111057 -0.127803 0.000000 -0.166810 0.766232 -0.620534 5.549300 0.029013 0.632894 0.773695 0.000000 0.000000 0.000000 0.000000 1.000000
0.985561 0.111098 -0.127779 -0.000000 -0.166827 0.766230 -0.620533 5.549300 0.028968 0.632890 0.773700 0.000000 0.000000 0.000000 0.000000 1.000000
0.985565 0.111047 -0.127786 -0.000000 -0.166792 0.766218 -0.620557 5.549300 0.029001 0.632913 0.773679 0.000000 0.000000 0.000000 0.000000 1.000000
0.985572 0.110972 -0.127798 -0.000000 -0.166742 0.766225 -0.620562 5.549300 0.029057 0.632918 0.773674 0.000000 0.000000 0.000000 0.000000 1.000000
0.985579 0.110923 -0.127792 -0.000000 -0.166697 0.766295 -0.620487 5.549300 0.029100 0.632841 0.773735 0.000000 0.000000 0.000000 0.000000 1.000000
0.985614 0.110664 -0.127746 0.000000 -0.166404 0.767684 -0.618847 5.549300 0.029584 0.631202 0.775054 0.000000 0.000000 0.000000 0.000000 1.000000
0.985627 0.110538 -0.127753 0.000000 -0.166299 0.767938 -0.618559 5.549300 0.029733 0.630914 0.775283 0.000000 0.000000 0.000000 0.000000 1.000000
0.985631 0.110519 -0.127740 0.000000 -0.166277 0.767931 -0.618574 5.549300 0.029732 0.630926 0.775273 0.000000 0.000000 0.000000 0.000000 1.000000
0.985630 0.110575 -0.127696 0.000000 -0.166292 0.767942 -0.618556 5.549300 0.029666 0.630902 0.775295 0.000000 0.000000 0.000000 0.000000 1.000000
0.985627 0.110672 -0.127638 0.000000 -0.166332 0.767908 -0.618588 5.549300 0.029554 0.630928 0.775279 -0.000000 0.000000 0.000000 0.000000 1.000000
0.985606 0.110962 -0.127544 -0.000000 -0.166549 0.766786 -0.619920 5.549300 0.029012 0.632239 0.774230 0.000000 0.000000 0.000000 0.000000 1.000000
0.985577 0.111496 -0.127309 0.000000 -0.166944 0.763807 -0.623481 5.549300 0.027724 0.635742 0.771404 -0.000000 0.000000 0.000000 0.000000 1.000000
0.985591 0.111407 -0.127274 0.000000 -0.166822 0.764517 -0.622643 5.549300 0.027936 0.634904 0.772086 0.000000 0.000000 0.000000 0.000000 1.000000
0.985578 0.111371 -0.127404 0.000000 -0.166876 0.764539 -0.622602 5.549300 0.028066 0.634883 0.772098 0.000000 0.000000 0.000000 0.000000 1.000000
0.985631 0.110638 -0.127637 -0.000000 -0.166315 0.767704 -0.618846 5.549300 0.029519 0.631181 0.775074 0.000000 0.000000 0.000000 0.000000 1.000000
0.985641 0.110480 -0.127692 0.000000 -0.166206 0.768162 -0.618307 5.549300 0.029778 0.630652 0.775494 -0.000000 0.000000 0.000000 0.000000 1.000000
0.985608 0.110728 -0.127739 0.000000 -0.166512 0.766323 -0.620503 5.549300 0.029182 0.632842 0.773731 0.000000 0.000000 0.000000 0.000000 1.000000
0.985614 0.110714 -0.127697 0.000000 -0.166481 0.766193 -0.620671 5.549300 0.029124 0.633001 0.773603 0.000000 0.000000 0.000000 0.000000 1.000000
0.985652 0.110478 -0.127608 0.000000 -0.166180 0.767563 -0.619057 5.549300 0.029555 0.631381 0.774909 0.000000 0.000000 0.000000 0.000000 1.000000
0.985659 0.110442 -0.127588 0.000000 -0.166126 0.767850 -0.618715 5.549300 0.029636 0.631037 0.775186 0.000000 0.000000 0.000000 0.000000 1.000000
0.985679 0.110250 -0.127599 -0.000000 -0.165916 0.769298 -0.616970 5.549300 0.030140 0.629305 0.776573 -0.000000 0.000000 0.000000 0.000000 1.000000
0.985569 0.110555 -0.128182 0.000000 -0.166583 0.767901 -0.618529 5.549300 0.030050 0.630956 0.775236 0.000000 0.000000 0.000000 0.000000 1.000000
0.985614 0.110585 -0.127814 0.000000 -0.166308 0.769339 -0.616814 5.549300 0.030122 0.629197 0.776662 -0.000000 0.000000 0.000000 0.000000 1.000000
0.985567 0.111017 -0.127804 0.000000 -0.166705 0.767854 -0.618554 5.549300 0.029464 0.630932 0.775278 -0.000000 0.000000 0.000000 0.000000 1.000000
0.985566 0.111122 -0.127717 0.000000 -0.166734 0.767803 -0.618609 5.549300 0.029320 0.630975 0.775249 0.000000 0.000000 0.000000 0.000000 1.000000
0.985598 0.110920 -0.127644 0.000000 -0.166463 0.769257 -0.616874 5.549300 0.029767 0.629238 0.776642 -0.000000 0.000000 0.000000 0.000000 1.000000
0.985571 0.111143 -0.127661 0.000000 -0.166703 0.768066 -0.618292 5.549300 0.029334 0.630652 0.775511 -0.000000 0.000000 0.000000 0.000000 1.000000
0.985536 0.111411 -0.127694 -0.000000 -0.166998 0.766579 -0.620055 5.549300 0.028807 0.632412 0.774097 0.000000 0.000000 0.000000 0.000000 1.000000
0.985526 0.111532 -0.127669 0.000000 -0.167087 0.766317 -0.620355 5.549300 0.028645 0.632707 0.773861 -0.000000 0.000000 0.000000 0.000000 1.000000
0.985526 0.111554 -0.127651 -0.000000 -0.167094 0.766311 -0.620360 5.549300 0.028617 0.632710 0.773860 -0.000000 0.000000 0.000000 0.000000 1.000000
0.985531 0.111497 -0.127663 0.000000 -0.167059 0.766274 -0.620415 5.549300 0.028651 0.632766 0.773813 -0.000000 0.000000 0.000000 0.000000 1.000000
0.985538 0.111409 -0.127681 -0.000000 -0.167003 0.766265 -0.620442 5.549300 0.028715 0.632792 0.773789 0.000000 0.000000 0.000000 0.000000 1.000000
0.985548 0.111325 -0.127682 0.000000 -0.166932 0.766398 -0.620296 5.549300 0.028801 0.632646 0.773906 0.000000 0.000000 0.000000 0.000000 1.000000
0.985587 0.111033 -0.127635 0.000000 -0.166607 0.767929 -0.618487 5.549300 0.029342 0.630838 0.775360 0.000000 0.000000 0.000000 0.000000 1.000000
0.985557 0.111240 -0.127686 0.000000 -0.166867 0.766454 -0.620245 5.549300 0.028869 0.632593 0.773946 0.000000 0.000000 0.000000 0.000000 1.000000
0.985592 0.110977 -0.127640 0.000000 -0.166567 0.767935 -0.618491 5.549300 0.029381 0.630840 0.775356 -0.000000 0.000000 0.000000 0.000000 1.000000
0.985563 0.111186 -0.127687 0.000000 -0.166823 0.766518 -0.620178 5.549300 0.028919 0.632525 0.774000 0.000000 0.000000 0.000000 0.000000 1.000000
0.985555 0.111236 -0.127700 0.000000 -0.166888 0.766114 -0.620659 5.549300 0.028793 0.633005 0.773612 0.000000 0.000000 0.000000 0.000000 1.000000
0.985595 0.110954 -0.127641 0.000000 -0.166556 0.767811 -0.618648 5.549300 0.029363 0.630995 0.775231 0.000000 0.000000 0.000000 0.000000 1.000000
0.985604 0.110891 -0.127624 0.000000 -0.166480 0.768161 -0.618234 5.549300 0.029479 0.630581 0.775564 0.000000 0.000000 0.000000 0.000000 1.000000
0.985566 0.111177 -0.127672 0.000000 -0.166814 0.766362 -0.620373 5.549300 0.028872 0.632715 0.773846 0.000000 0.000000 0.000000 0.000000 1.000000
0.985569 0.111166 -0.127655 0.000000 -0.166792 0.766426 -0.620300 5.549300 0.028882 0.632640 0.773907 0.000000 0.000000 0.000000 0.000000 1.000000
0.985541 0.111385 -0.127680 -0.000000 -0.167038 0.765067 -0.621909 5.549300 0.028413 0.634245 0.772610 -0.000000 0.000000 0.000000 0.000000 1.000000
0.985595 0.111380 -0.127265 0.000000 -0.166722 0.766189 -0.620611 5.549300 0.028386 0.632889 0.773722 0.000000 0.000000 0.000000 0.000000 1.000000
0.985619 0.111336 -0.127120 0.000000 -0.166583 0.766502 -0.620262 5.549300 0.028380 0.632518 0.774025 0.000000 0.000000 0.000000 0.000000 1.000000
0.985612 0.111391 -0.127127 0.000000 -0.166633 0.766424 -0.620344 5.549300 0.028332 0.632602 0.773958 0.000000 0.000000 0.000000 0.000000 1.000000
0.985617 0.111378 -0.127095 0.000000 -0.166596 0.766569 -0.620176 5.549300 0.028353 0.632429 0.774099 0.000000 0.000000 0.000000 0.000000 1.000000
0.985537 0.111396 -0.127704 -0.000000 -0.167074 0.764790 -0.622241 5.549300 0.028352 0.634577 0.772340 0.000000 0.000000 0.000000 0.000000 1.000000
0.985565 0.111139 -0.127707 0.000000 -0.166813 0.766210 -0.620560 5.549300 0.028882 0.632906 0.773690 0.000000 0.000000 0.000000 0.000000 1.000000
0.985571 0.111092 -0.127704 0.000000 -0.166765 0.766429 -0.620303 5.549300 0.028966 0.632649 0.773897 0.000000 0.000000 0.000000 0.000000 1.000000
0.985568 0.111119 -0.127703 0.000000 -0.166790 0.766334 -0.620413 5.549300 0.028923 0.632759 0.773808 0.000000 0.000000 0.000000 0.000000 1.000000
0.985594 0.110936 -0.127666 0.000000 -0.166573 0.767475 -0.619060 5.549300 0.029304 0.631407 0.774898 0.000000 0.000000 0.000000 0.000000 1.000000
0.985639 0.110607 -0.127600 0.000000 -0.166183 0.769509 -0.616635 5.549300 0.029985 0.628984 0.776840 -0.000000 0.000000 0.000000 0.000000 1.000000
0.985612 0.110804 -0.127639 0.000000 -0.166416 0.768296 -0.618084 5.549300 0.029579 0.630432 0.775681 0.000000 0.000000 0.000000 0.000000 1.000000
0.985570 0.111104 -0.127700 0.000000 -0.166773 0.766422 -0.620309 5.549300 0.028953 0.632655 0.773892 0.000000 0.000000 0.000000 0.000000 1.000000
0.985568 0.111124 -0.127704 0.000000 -0.166795 0.766307 -0.620446 5.549300 0.028914 0.632792 0.773782 0.000000 0.000000 0.000000 0.000000 1.000000
0.985601 0.110885 -0.127655 0.000000 -0.166512 0.767792 -0.618683 5.549300 0.029410 0.631031 0.775200 0.000000 0.000000 0.000000 0.000000 1.000000</float_array>
        <technique_common>
          <accessor source="#mixamorig_RightHandIndex2-Matrix-animation-output-transform-array" count="71" stride="16">
            <param type="float4x4"/>
          </accessor>
        </technique_common>
      </source>
      <source id="mixamorig_RightHandIndex2-Interpolations">
        <Name_array id="mixamorig_RightHandIndex2-Interpolations-array" count="71">
 LINEAR LINEAR LINEAR LINEAR LINEAR LINEAR LINEAR LINEAR LINEAR LINEAR LINEAR
LINEAR LINEAR LINEAR LINEAR LINEAR LINEAR LINEAR LINEAR LINEAR LINEAR LINEAR LINEAR
LINEAR LINEAR LINEAR LINEAR LINEAR LINEAR LINEAR LINEAR LINEAR LINEAR LINEAR LINEAR
LINEAR LINEAR LINEAR LINEAR LINEAR LINEAR LINEAR LINEAR LINEAR LINEAR LINEAR LINEAR
LINEAR LINEAR LINEAR LINEAR LINEAR LINEAR LINEAR LINEAR LINEAR LINEAR LINEAR LINEAR
LINEAR LINEAR LINEAR LINEAR LINEAR LINEAR LINEAR LINEAR LINEAR LINEAR LINEAR LINEAR</Name_array>
        <technique_common>
          <accessor source="#mixamorig_RightHandIndex2-Interpolations-array" count="71">
            <param type="name"/>
          </accessor>
        </technique_common>
      </source>
      <sampler id="mixamorig_RightHandIndex2-Matrix-animation-transform">
        <input semantic="INPUT" source="#mixamorig_RightHandIndex2-Matrix-animation-input"/>
        <input semantic="OUTPUT" source="#mixamorig_RightHandIndex2-Matrix-animation-output-transform"/>
        <input semantic="INTERPOLATION" source="#mixamorig_RightHandIndex2-Interpolations"/>
      </sampler>
      <channel source="#mixamorig_RightHandIndex2-Matrix-animation-transform" target="mixamorig_RightHandIndex2/matrix"/>
    </animation>
    <animation id="mixamorig_RightHandIndex3-anim" name="mixamorig_RightHandIndex3">
      <source id="mixamorig_RightHandIndex3-Matrix-animation-input">
        <float_array id="mixamorig_RightHandIndex3-Matrix-animation-input-array" count="71">

0.000000 0.033333 0.066667 0.100000 0.133333 0.166667 0.200000 0.233333 0.266667 0.300000 0.333333 0.366667 0.400000 0.433333 0.466667 0.500000
0.533333 0.566667 0.600000 0.633333 0.666667 0.700000 0.733333 0.766667 0.800000 0.833333 0.866667 0.900000 0.933333 0.966667 1.000000 1.033333
1.066667 1.100000 1.133333 1.166667 1.200000 1.233333 1.266667 1.300000 1.333333 1.366667 1.400000 1.433333 1.466667 1.500000 1.533333 1.566667
1.600000 1.633333 1.666667 1.700000 1.733333 1.766667 1.800000 1.833333 1.866667 1.900000 1.933333 1.966667 2.000000 2.033333 2.066667 2.100000
2.133333 2.166667 2.200000 2.233333 2.266667 2.300000 2.333333</float_array>
        <technique_common>
          <accessor source="#mixamorig_RightHandIndex3-Matrix-animation-input-array" count="71">
            <param name="TIME" type="float"/>
          </accessor>
        </technique_common>
      </source>
      <source id="mixamorig_RightHandIndex3-Matrix-animation-output-transform">
        <float_array id="mixamorig_RightHandIndex3-Matrix-animation-output-transform-array" count="1136">

1.000000 -0.000000 0.000015 0.000000 0.000000 1.000000 0.000000 3.391100 -0.000015 -0.000000 1.000000 0.000000 0.000000 0.000000 0.000000 1.000000
1.000000 -0.000000 0.000015 0.000000 0.000000 1.000000 0.000000 3.391100 -0.000015 -0.000000 1.000000 -0.000000 0.000000 0.000000 0.000000 1.000000
1.000000 -0.000000 0.000015 0.000000 0.000000 1.000000 0.000000 3.391100 -0.000015 -0.000000 1.000000 0.000000 0.000000 0.000000 0.000000 1.000000
1.000000 -0.000000 0.000015 0.000000 0.000000 1.000000 -0.000000 3.391100 -0.000015 0.000000 1.000000 0.000000 0.000000 0.000000 0.000000 1.000000
1.000000 -0.000000 0.000015 0.000000 0.000000 1.000000 0.000000 3.391100 -0.000015 -0.000000 1.000000 0.000000 0.000000 0.000000 0.000000 1.000000
1.000000 0.000000 0.000015 0.000000 -0.000000 1.000000 -0.000000 3.391100 -0.000015 0.000000 1.000000 0.000000 0.000000 0.000000 0.000000 1.000000
1.000000 -0.000000 0.000015 0.000000 0.000000 1.000000 0.000000 3.391100 -0.000015 -0.000000 1.000000 0.000000 0.000000 0.000000 0.000000 1.000000
1.000000 0.000000 0.000015 0.000000 -0.000000 1.000000 0.000000 3.391100 -0.000015 -0.000000 1.000000 0.000000 0.000000 0.000000 0.000000 1.000000
1.000000 -0.000000 0.000015 0.000000 0.000000 1.000000 0.000000 3.391100 -0.000015 -0.000000 1.000000 0.000000 0.000000 0.000000 0.000000 1.000000
1.000000 -0.000000 0.000015 0.000000 0.000000 1.000000 0.000000 3.391100 -0.000015 -0.000000 1.000000 0.000000 0.000000 0.000000 0.000000 1.000000
1.000000 -0.000000 0.000015 0.000000 0.000000 1.000000 0.000000 3.391100 -0.000015 -0.000000 1.000000 0.000000 0.000000 0.000000 0.000000 1.000000
1.000000 0.000000 0.000015 0.000000 -0.000000 1.000000 -0.000000 3.391100 -0.000015 0.000000 1.000000 0.000000 0.000000 0.000000 0.000000 1.000000
1.000000 0.000000 0.000015 0.000000 -0.000000 1.000000 -0.000000 3.391100 -0.000015 0.000000 1.000000 -0.000000 0.000000 0.000000 0.000000 1.000000
1.000000 0.000000 0.000015 0.000000 -0.000000 1.000000 -0.000000 3.391100 -0.000015 0.000000 1.000000 0.000000 0.000000 0.000000 0.000000 1.000000
1.000000 0.000000 0.000015 0.000000 -0.000000 1.000000 -0.000000 3.391100 -0.000015 0.000000 1.000000 0.000000 0.000000 0.000000 0.000000 1.000000
1.000000 0.000000 0.000015 0.000000 -0.000000 1.000000 0.000000 3.391100 -0.000015 -0.000000 1.000000 0.000000 0.000000 0.000000 0.000000 1.000000
1.000000 0.000000 0.000015 0.000000 -0.000000 1.000000 0.000000 3.391100 -0.000015 -0.000000 1.000000 0.000000 0.000000 0.000000 0.000000 1.000000
1.000000 0.000000 0.000015 0.000000 -0.000000 1.000000 -0.000000 3.391100 -0.000015 0.000000 1.000000 0.000000 0.000000 0.000000 0.000000 1.000000
1.000000 -0.000000 0.000015 0.000000 0.000000 1.000000 0.000000 3.391100 -0.000015 -0.000000 1.000000 0.000000 0.000000 0.000000 0.000000 1.000000
1.000000 -0.000000 0.000015 0.000000 0.000000 1.000000 0.000000 3.391100 -0.000015 -0.000000 1.000000 0.000000 0.000000 0.000000 0.000000 1.000000
1.000000 0.000000 0.000015 0.000000 -0.000000 1.000000 0.000000 3.391100 -0.000015 -0.000000 1.000000 0.000000 0.000000 0.000000 0.000000 1.000000
1.000000 -0.000000 0.000015 0.000000 0.000000 1.000000 0.000000 3.391100 -0.000015 -0.000000 1.000000 0.000000 0.000000 0.000000 0.000000 1.000000
1.000000 0.000000 0.000015 0.000000 -0.000000 1.000000 0.000000 3.391100 -0.000015 -0.000000 1.000000 0.000000 0.000000 0.000000 0.000000 1.000000
1.000000 0.000000 0.000015 -0.000000 -0.000000 1.000000 0.000000 3.391100 -0.000015 -0.000000 1.000000 0.000000 0.000000 0.000000 0.000000 1.000000
1.000000 -0.000000 0.000015 0.000000 0.000000 1.000000 -0.000000 3.391100 -0.000015 0.000000 1.000000 0.000000 0.000000 0.000000 0.000000 1.000000
1.000000 -0.000000 0.000015 0.000000 0.000000 1.000000 0.000000 3.391100 -0.000015 -0.000000 1.000000 0.000000 0.000000 0.000000 0.000000 1.000000
1.000000 -0.000000 0.000015 0.000000 0.000000 1.000000 0.000000 3.391100 -0.000015 -0.000000 1.000000 0.000000 0.000000 0.000000 0.000000 1.000000
1.000000 0.000000 0.000015 0.000000 -0.000000 1.000000 0.000000 3.391100 -0.000015 -0.000000 1.000000 0.000000 0.000000 0.000000 0.000000 1.000000
1.000000 0.000000 0.000015 0.000000 -0.000000 1.000000 -0.000000 3.391100 -0.000015 0.000000 1.000000 0.000000 0.000000 0.000000 0.000000 1.000000
1.000000 -0.000000 0.000015 0.000000 0.000000 1.000000 0.000000 3.391100 -0.000015 -0.000000 1.000000 0.000000 0.000000 0.000000 0.000000 1.000000
1.000000 -0.000000 0.000015 0.000000 0.000000 1.000000 -0.000000 3.391100 -0.000015 0.000000 1.000000 0.000000 0.000000 0.000000 0.000000 1.000000
1.000000 -0.000000 0.000015 0.000000 0.000000 1.000000 0.000000 3.391100 -0.000015 -0.000000 1.000000 0.000000 0.000000 0.000000 0.000000 1.000000
1.000000 -0.000000 0.000015 0.000000 0.000000 1.000000 -0.000000 3.391100 -0.000015 0.000000 1.000000 0.000000 0.000000 0.000000 0.000000 1.000000
1.000000 0.000000 0.000015 0.000000 -0.000000 1.000000 0.000000 3.391100 -0.000015 -0.000000 1.000000 0.000000 0.000000 0.000000 0.000000 1.000000
1.000000 0.000000 0.000015 0.000000 -0.000000 1.000000 0.000000 3.391100 -0.000015 -0.000000 1.000000 0.000000 0.000000 0.000000 0.000000 1.000000
1.000000 0.000000 0.000015 0.000000 -0.000000 1.000000 0.000000 3.391100 -0.000015 -0.000000 1.000000 -0.000000 0.000000 0.000000 0.000000 1.000000
1.000000 -0.000000 0.000015 0.000000 0.000000 1.000000 0.000000 3.391100 -0.000015 -0.000000 1.000000 0.000000 0.000000 0.000000 0.000000 1.000000
1.000000 -0.000000 0.000015 0.000000 0.000000 1.000000 -0.000000 3.391100 -0.000015 0.000000 1.000000 -0.000000 0.000000 0.000000 0.000000 1.000000
1.000000 -0.000000 0.000015 0.000000 0.000000 1.000000 -0.000000 3.391100 -0.000015 0.000000 1.000000 0.000000 0.000000 0.000000 0.000000 1.000000
1.000000 -0.000000 0.000015 0.000000 0.000000 1.000000 -0.000000 3.391100 -0.000015 0.000000 1.000000 0.000000 0.000000 0.000000 0.000000 1.000000
1.000000 0.000000 0.000015 0.000000 -0.000000 1.000000 -0.000000 3.391100 -0.000015 0.000000 1.000000 0.000000 0.000000 0.000000 0.000000 1.000000
1.000000 -0.000000 0.000015 0.000000 0.000000 1.000000 0.000000 3.391100 -0.000015 -0.000000 1.000000 0.000000 0.000000 0.000000 0.000000 1.000000
1.000000 0.000000 0.000015 0.000000 -0.000000 1.000000 0.000000 3.391100 -0.000015 -0.000000 1.000000 -0.000000 0.000000 0.000000 0.000000 1.000000
1.000000 -0.000000 0.000015 0.000000 0.000000 1.000000 0.000000 3.391100 -0.000015 -0.000000 1.000000 0.000000 0.000000 0.000000 0.000000 1.000000
1.000000 0.000000 0.000015 0.000000 -0.000000 1.000000 0.000000 3.391100 -0.000015 -0.000000 1.000000 0.000000 0.000000 0.000000 0.000000 1.000000
1.000000 -0.000000 0.000015 0.000000 0.000000 1.000000 -0.000000 3.391100 -0.000015 0.000000 1.000000 0.000000 0.000000 0.000000 0.000000 1.000000
1.000000 0.000000 0.000015 -0.000000 -0.000000 1.000000 -0.000000 3.391100 -0.000015 0.000000 1.000000 0.000000 0.000000 0.000000 0.000000 1.000000
1.000000 -0.000000 0.000015 0.000000 0.000000 1.000000 0.000000 3.391100 -0.000015 -0.000000 1.000000 0.000000 0.000000 0.000000 0.000000 1.000000
1.000000 0.000000 0.000015 0.000000 -0.000000 1.000000 0.000000 3.391100 -0.000015 -0.000000 1.000000 0.000000 0.000000 0.000000 0.000000 1.000000
1.000000 -0.000000 0.000015 0.000000 0.000000 1.000000 -0.000000 3.391100 -0.000015 0.000000 1.000000 0.000000 0.000000 0.000000 0.000000 1.000000
1.000000 -0.000000 0.000015 0.000000 0.000000 1.000000 0.000000 3.391100 -0.000015 -0.000000 1.000000 0.000000 0.000000 0.000000 0.000000 1.000000
1.000000 -0.000000 0.000015 0.000000 0.000000 1.000000 0.000000 3.391100 -0.000015 -0.000000 1.000000 -0.000000 0.000000 0.000000 0.000000 1.000000
1.000000 0.000000 0.000015 0.000000 -0.000000 1.000000 0.000000 3.391100 -0.000015 -0.000000 1.000000 0.000000 0.000000 0.000000 0.000000 1.000000
1.000000 0.000000 0.000015 0.000000 -0.000000 1.000000 -0.000000 3.391100 -0.000015 0.000000 1.000000 -0.000000 0.000000 0.000000 0.000000 1.000000
1.000000 -0.000000 0.000015 0.000000 0.000000 1.000000 0.000000 3.391100 -0.000015 -0.000000 1.000000 0.000000 0.000000 0.000000 0.000000 1.000000
1.000000 0.000000 0.000015 0.000000 -0.000000 1.000000 -0.000000 3.391100 -0.000015 0.000000 1.000000 0.000000 0.000000 0.000000 0.000000 1.000000
1.000000 0.000000 0.000015 -0.000000 -0.000000 1.000000 -0.000000 3.391100 -0.000015 0.000000 1.000000 -0.000000 0.000000 0.000000 0.000000 1.000000
1.000000 -0.000000 0.000015 -0.000000 0.000000 1.000000 -0.000000 3.391100 -0.000015 0.000000 1.000000 0.000000 0.000000 0.000000 0.000000 1.000000
1.000000 0.000000 0.000015 0.000000 -0.000000 1.000000 -0.000000 3.391100 -0.000015 0.000000 1.000000 0.000000 0.000000 0.000000 0.000000 1.000000
1.000000 0.000000 0.000015 -0.000000 -0.000000 1.000000 -0.000000 3.391100 -0.000015 0.000000 1.000000 -0.000000 0.000000 0.000000 0.000000 1.000000
1.000000 -0.000000 0.000015 0.000000 0.000000 1.000000 0.000000 3.391100 -0.000015 -0.000000 1.000000 -0.000000 0.000000 0.000000 0.000000 1.000000
1.000000 -0.000000 0.000015 0.000000 0.000000 1.000000 0.000000 3.391100 -0.000015 -0.000000 1.000000 -0.000000 0.000000 0.000000 0.000000 1.000000
1.000000 0.000000 0.000015 0.000000 -0.000000 1.000000 -0.000000 3.391100 -0.000015 0.000000 1.000000 -0.000000 0.000000 0.000000 0.000000 1.000000
1.000000 0.000000 0.000015 -0.000000 -0.000000 1.000000 -0.000000 3.391100 -0.000015 0.000000 1.000000 -0.000000 0.000000 0.000000 0.000000 1.000000
1.000000 -0.000000 0.000015 0.000000 0.000000 1.000000 0.000000 3.391100 -0.000015 -0.000000 1.000000 0.000000 0.000000 0.000000 0.000000 1.000000
1.000000 -0.000000 0.000015 0.000000 0.000000 1.000000 0.000000 3.391100 -0.000015 -0.000000 1.000000 0.000000 0.000000 0.000000 0.000000 1.000000
1.000000 0.000000 0.000015 -0.000000 -0.000000 1.000000 -0.000000 3.391100 -0.000015 0.000000 1.000000 0.000000 0.000000 0.000000 0.000000 1.000000
1.000000 0.000000 0.000015 -0.000000 -0.000000 1.000000 -0.000000 3.391100 -0.000015 0.000000 1.000000 0.000000 0.000000 0.000000 0.000000 1.000000
1.000000 0.000000 0.000015 0.000000 -0.000000 1.000000 -0.000000 3.391100 -0.000015 0.000000 1.000000 -0.000000 0.000000 0.000000 0.000000 1.000000
1.000000 0.000000 0.000015 0.000000 -0.000000 1.000000 -0.000000 3.391100 -0.000015 0.000000 1.000000 0.000000 0.000000 0.000000 0.000000 1.000000
1.000000 -0.000000 0.000015 0.000000 0.000000 1.000000 0.000000 3.391100 -0.000015 -0.000000 1.000000 0.000000 0.000000 0.000000 0.000000 1.000000</float_array>
        <technique_common>
          <accessor source="#mixamorig_RightHandIndex3-Matrix-animation-output-transform-array" count="71" stride="16">
            <param type="float4x4"/>
          </accessor>
        </technique_common>
      </source>
      <source id="mixamorig_RightHandIndex3-Interpolations">
        <Name_array id="mixamorig_RightHandIndex3-Interpolations-array" count="71">
 LINEAR LINEAR LINEAR LINEAR LINEAR LINEAR LINEAR LINEAR LINEAR LINEAR LINEAR
LINEAR LINEAR LINEAR LINEAR LINEAR LINEAR LINEAR LINEAR LINEAR LINEAR LINEAR LINEAR
LINEAR LINEAR LINEAR LINEAR LINEAR LINEAR LINEAR LINEAR LINEAR LINEAR LINEAR LINEAR
LINEAR LINEAR LINEAR LINEAR LINEAR LINEAR LINEAR LINEAR LINEAR LINEAR LINEAR LINEAR
LINEAR LINEAR LINEAR LINEAR LINEAR LINEAR LINEAR LINEAR LINEAR LINEAR LINEAR LINEAR
LINEAR LINEAR LINEAR LINEAR LINEAR LINEAR LINEAR LINEAR LINEAR LINEAR LINEAR LINEAR</Name_array>
        <technique_common>
          <accessor source="#mixamorig_RightHandIndex3-Interpolations-array" count="71">
            <param type="name"/>
          </accessor>
        </technique_common>
      </source>
      <sampler id="mixamorig_RightHandIndex3-Matrix-animation-transform">
        <input semantic="INPUT" source="#mixamorig_RightHandIndex3-Matrix-animation-input"/>
        <input semantic="OUTPUT" source="#mixamorig_RightHandIndex3-Matrix-animation-output-transform"/>
        <input semantic="INTERPOLATION" source="#mixamorig_RightHandIndex3-Interpolations"/>
      </sampler>
      <channel source="#mixamorig_RightHandIndex3-Matrix-animation-transform" target="mixamorig_RightHandIndex3/matrix"/>
    </animation>
    <animation id="mixamorig_RightHandMiddle1-anim" name="mixamorig_RightHandMiddle1">
      <source id="mixamorig_RightHandMiddle1-Matrix-animation-input">
        <float_array id="mixamorig_RightHandMiddle1-Matrix-animation-input-array" count="71">

0.000000 0.033333 0.066667 0.100000 0.133333 0.166667 0.200000 0.233333 0.266667 0.300000 0.333333 0.366667 0.400000 0.433333 0.466667 0.500000
0.533333 0.566667 0.600000 0.633333 0.666667 0.700000 0.733333 0.766667 0.800000 0.833333 0.866667 0.900000 0.933333 0.966667 1.000000 1.033333
1.066667 1.100000 1.133333 1.166667 1.200000 1.233333 1.266667 1.300000 1.333333 1.366667 1.400000 1.433333 1.466667 1.500000 1.533333 1.566667
1.600000 1.633333 1.666667 1.700000 1.733333 1.766667 1.800000 1.833333 1.866667 1.900000 1.933333 1.966667 2.000000 2.033333 2.066667 2.100000
2.133333 2.166667 2.200000 2.233333 2.266667 2.300000 2.333333</float_array>
        <technique_common>
          <accessor source="#mixamorig_RightHandMiddle1-Matrix-animation-input-array" count="71">
            <param name="TIME" type="float"/>
          </accessor>
        </technique_common>
      </source>
      <source id="mixamorig_RightHandMiddle1-Matrix-animation-output-transform">
        <float_array id="mixamorig_RightHandMiddle1-Matrix-animation-output-transform-array" count="1136">

0.990600 0.073374 0.115447 -0.062700 0.073385 0.427185 -0.901181 10.490800 -0.115441 0.901182 0.417785 0.035000 0.000000 0.000000 0.000000 1.000000
0.990601 0.073319 0.115470 -0.062700 0.073393 0.427459 -0.901051 10.490800 -0.115423 0.901057 0.418060 0.035000 0.000000 0.000000 0.000000 1.000000
0.990595 0.073264 0.115560 -0.062700 0.073426 0.428021 -0.900781 10.490800 -0.115457 0.900794 0.418616 0.035000 0.000000 0.000000 0.000000 1.000000
0.990585 0.072987 0.115823 -0.062700 0.073523 0.430047 -0.899808 10.490800 -0.115483 0.899851 0.420632 0.035000 0.000000 0.000000 0.000000 1.000000
0.990570 0.073418 0.115675 -0.062700 0.073464 0.428038 -0.900770 10.490800 -0.115646 0.900774 0.418608 0.035000 0.000000 0.000000 0.000000 1.000000
0.990568 0.073413 0.115699 -0.062700 0.073463 0.428227 -0.900680 10.490800 -0.115667 0.900684 0.418795 0.035000 0.000000 0.000000 0.000000 1.000000
0.990568 0.073305 0.115763 -0.062700 0.073476 0.428931 -0.900344 10.490800 -0.115654 0.900358 0.419500 0.035000 0.000000 0.000000 0.000000 1.000000
0.990569 0.073218 0.115813 -0.062700 0.073489 0.429479 -0.900082 10.490800 -0.115641 0.900104 0.420048 0.035000 0.000000 0.000000 0.000000 1.000000
0.990574 0.072975 0.115919 -0.062700 0.073532 0.430700 -0.899495 10.490800 -0.115567 0.899540 0.421274 0.035000 0.000000 0.000000 0.000000 1.000000
0.990581 0.072744 0.116009 -0.062700 0.073582 0.431702 -0.899010 10.490800 -0.115479 0.899078 0.422283 0.035000 0.000000 0.000000 0.000000 1.000000
0.990591 0.072468 0.116091 -0.062700 0.073664 0.432565 -0.898588 10.490800 -0.115335 0.898686 0.423157 0.035000 0.000000 0.000000 0.000000 1.000000
0.990633 0.071852 0.116117 -0.062700 0.073937 0.432673 -0.898514 10.490800 -0.114800 0.898683 0.423308 0.035000 0.000000 0.000000 0.000000 1.000000
0.990639 0.071637 0.116202 -0.062700 0.073992 0.433566 -0.898079 10.490800 -0.114717 0.898270 0.424207 0.035000 0.000000 0.000000 0.000000 1.000000
0.990644 0.071409 0.116299 -0.062700 0.074050 0.434564 -0.897592 10.490800 -0.114635 0.897806 0.425210 0.035000 0.000000 0.000000 0.000000 1.000000
0.990641 0.071474 0.116283 -0.062700 0.074065 0.434112 -0.897809 10.490800 -0.114650 0.898019 0.424756 0.035000 0.000000 0.000000 0.000000 1.000000
0.990639 0.071497 0.116286 -0.062700 0.074081 0.433935 -0.897893 10.490800 -0.114657 0.898103 0.424576 0.035000 0.000000 0.000000 0.000000 1.000000
0.990638 0.071477 0.116311 -0.062700 0.074092 0.434089 -0.897818 10.490800 -0.114663 0.898030 0.424729 0.035000 0.000000 0.000000 0.000000 1.000000
0.990634 0.071515 0.116316 -0.062700 0.074076 0.434123 -0.897803 10.490800 -0.114702 0.898010 0.424760 0.035000 0.000000 0.000000 0.000000 1.000000
0.990612 0.072182 0.116093 -0.062700 0.073946 0.431337 -0.899156 10.490800 -0.114978 0.899299 0.421950 0.035000 0.000000 0.000000 0.000000 1.000000
0.990578 0.072709 0.116054 -0.062700 0.073755 0.430792 -0.899432 10.490800 -0.115392 0.899517 0.421371 0.035000 0.000000 0.000000 0.000000 1.000000
0.990561 0.072894 0.116080 -0.062700 0.073664 0.431069 -0.899307 10.490800 -0.115593 0.899370 0.421631 0.035000 0.000000 0.000000 0.000000 1.000000
0.990553 0.073083 0.116031 -0.062700 0.073612 0.430510 -0.899579 10.490800 -0.115697 0.899622 0.421063 0.035000 0.000000 0.000000 0.000000 1.000000
0.990549 0.073199 0.115997 -0.062700 0.073569 0.430219 -0.899722 10.490800 -0.115763 0.899752 0.420767 0.035000 0.000000 0.000000 0.000000 1.000000
0.990550 0.073136 0.116025 -0.062700 0.073560 0.430696 -0.899494 10.490800 -0.115757 0.899529 0.421246 0.035000 0.000000 0.000000 0.000000 1.000000
0.990567 0.072500 0.116277 -0.062700 0.073650 0.433876 -0.897957 10.490800 -0.115552 0.898051 0.424443 0.035000 0.000000 0.000000 0.000000 1.000000
0.990592 0.071594 0.116628 -0.062700 0.073803 0.438195 -0.895845 10.490800 -0.115243 0.896024 0.428788 0.035000 0.000000 0.000000 0.000000 1.000000
0.990619 0.070698 0.116942 -0.062700 0.073971 0.442123 -0.893899 10.490800 -0.114899 0.894164 0.432746 0.035000 0.000000 0.000000 0.000000 1.000000
0.990648 0.070598 0.116760 -0.062700 0.074115 0.440063 -0.894903 10.490800 -0.114560 0.895187 0.430715 0.035000 0.000000 0.000000 0.000000 1.000000
0.990664 0.070636 0.116598 -0.062700 0.074175 0.438318 -0.895754 10.490800 -0.114379 0.896040 0.428987 0.035000 0.000000 0.000000 0.000000 1.000000
0.990662 0.070683 0.116584 -0.062700 0.074118 0.438502 -0.895669 10.490800 -0.114431 0.895947 0.429168 0.035000 0.000000 0.000000 0.000000 1.000000
0.990644 0.071083 0.116501 -0.062700 0.073919 0.438119 -0.895873 10.490800 -0.114722 0.896102 0.428765 0.035000 0.000000 0.000000 0.000000 1.000000
0.990636 0.071253 0.116464 -0.062700 0.073757 0.438543 -0.895678 10.490800 -0.114894 0.895881 0.429181 0.035000 0.000000 0.000000 0.000000 1.000000
0.990646 0.071198 0.116411 -0.062700 0.073655 0.439156 -0.895387 10.490800 -0.114872 0.895585 0.429804 0.035000 0.000000 0.000000 0.000000 1.000000
0.990683 0.071241 0.116072 -0.062700 0.073480 0.437987 -0.895973 10.490800 -0.114668 0.896154 0.428671 0.035000 0.000000 0.000000 0.000000 1.000000
0.990706 0.071067 0.115978 -0.062700 0.073402 0.438516 -0.895721 10.490800 -0.114514 0.895909 0.429224 0.035000 0.000000 0.000000 0.000000 1.000000
0.990721 0.070858 0.115979 -0.062700 0.073345 0.439675 -0.895157 10.490800 -0.114422 0.895358 0.430398 0.035000 0.000000 0.000000 0.000000 1.000000
0.990725 0.070882 0.115933 -0.062700 0.073277 0.439804 -0.895099 10.490800 -0.114434 0.895292 0.430531 0.035000 0.000000 0.000000 0.000000 1.000000
0.990728 0.070785 0.115965 -0.062700 0.073250 0.440572 -0.894724 10.490800 -0.114424 0.894922 0.431302 0.035000 0.000000 0.000000 0.000000 1.000000
0.990729 0.070714 0.116000 -0.062700 0.073235 0.441177 -0.894427 10.490800 -0.114424 0.894630 0.431908 0.035000 0.000000 0.000000 0.000000 1.000000
0.990737 0.070417 0.116110 -0.062700 0.073254 0.442818 -0.893614 10.490800 -0.114341 0.893842 0.433558 0.035000 0.000000 0.000000 0.000000 1.000000
0.990739 0.070459 0.116067 -0.062700 0.073230 0.442559 -0.893744 10.490800 -0.114338 0.893967 0.433301 0.035000 0.000000 0.000000 0.000000 1.000000
0.990748 0.070403 0.116022 -0.062700 0.073254 0.442250 -0.893895 10.490800 -0.114243 0.894124 0.433001 0.035000 0.000000 0.000000 0.000000 1.000000
0.990789 0.069957 0.115946 -0.062700 0.073468 0.441558 -0.894220 10.490800 -0.113754 0.894501 0.432351 0.035000 0.000000 0.000000 0.000000 1.000000
0.990770 0.070309 0.115894 -0.062700 0.073305 0.441267 -0.894377 10.490800 -0.114023 0.894617 0.432040 0.035000 0.000000 0.000000 0.000000 1.000000
0.990754 0.070408 0.115972 -0.062700 0.073158 0.442627 -0.893717 10.490800 -0.114257 0.893938 0.433383 0.035000 0.000000 0.000000 0.000000 1.000000
0.990743 0.070640 0.115924 -0.062700 0.073039 0.442424 -0.893827 10.490800 -0.114427 0.894019 0.433169 0.035000 0.000000 0.000000 0.000000 1.000000
0.990746 0.070534 0.115966 -0.062700 0.073030 0.443154 -0.893466 10.490800 -0.114411 0.893666 0.433902 0.035000 0.000000 0.000000 0.000000 1.000000
0.990750 0.070826 0.115749 -0.062700 0.072934 0.441379 -0.894352 10.490800 -0.114432 0.894521 0.432130 0.035000 0.000000 0.000000 0.000000 1.000000
0.990762 0.070632 0.115770 -0.062700 0.072942 0.442130 -0.893980 10.490800 -0.114329 0.894166 0.432894 0.035000 0.000000 0.000000 0.000000 1.000000
0.990758 0.070843 0.115674 -0.062700 0.072911 0.440972 -0.894554 10.490800 -0.114382 0.894721 0.431731 0.035000 0.000000 0.000000 0.000000 1.000000
0.990758 0.070890 0.115644 -0.062700 0.072926 0.440479 -0.894796 10.490800 -0.114371 0.894960 0.431238 0.035000 0.000000 0.000000 0.000000 1.000000
0.990763 0.070781 0.115663 -0.062700 0.072954 0.440771 -0.894650 10.490800 -0.114305 0.894824 0.431536 0.035000 0.000000 0.000000 0.000000 1.000000
0.990775 0.070455 0.115764 -0.062700 0.073012 0.442143 -0.893968 10.490800 -0.114169 0.894173 0.432920 0.035000 0.000000 0.000000 0.000000 1.000000
0.990779 0.070381 0.115770 -0.062700 0.073034 0.442258 -0.893909 10.490800 -0.114115 0.894122 0.433040 0.035000 0.000000 0.000000 0.000000 1.000000
0.990789 0.070091 0.115866 -0.062700 0.073099 0.443424 -0.893326 10.490800 -0.113991 0.893567 0.434216 0.035000 0.000000 0.000000 0.000000 1.000000
0.990795 0.069854 0.115956 -0.062700 0.073179 0.444244 -0.892912 10.490800 -0.113886 0.893178 0.435043 0.035000 0.000000 0.000000 0.000000 1.000000
0.990795 0.069864 0.115953 -0.062700 0.073231 0.443782 -0.893137 10.490800 -0.113856 0.893407 0.434581 0.035000 0.000000 0.000000 0.000000 1.000000
0.990804 0.069502 0.116086 -0.062700 0.073354 0.445011 -0.892516 10.490800 -0.113691 0.892824 0.435821 0.035000 0.000000 0.000000 0.000000 1.000000
0.990800 0.069527 0.116108 -0.062700 0.073437 0.444429 -0.892799 10.490800 -0.113675 0.893112 0.435235 0.035000 0.000000 0.000000 0.000000 1.000000
0.990784 0.069561 0.116222 -0.062700 0.073515 0.444506 -0.892754 10.490800 -0.113763 0.893071 0.435296 0.035000 0.000000 0.000000 0.000000 1.000000
0.990732 0.069936 0.116443 -0.062700 0.073628 0.443896 -0.893048 10.490800 -0.114145 0.893345 0.434633 0.035000 0.000000 0.000000 0.000000 1.000000
0.990769 0.069325 0.116497 -0.062700 0.073930 0.444002 -0.892970 10.490800 -0.113630 0.893340 0.434778 0.035000 0.000000 0.000000 0.000000 1.000000
0.990769 0.069349 0.116476 -0.062700 0.073941 0.443687 -0.893126 10.490800 -0.113616 0.893495 0.434464 0.035000 0.000000 0.000000 0.000000 1.000000
0.990772 0.069660 0.116273 -0.062700 0.073753 0.442658 -0.893652 10.490800 -0.113721 0.893981 0.433435 0.035000 0.000000 0.000000 0.000000 1.000000
0.990769 0.069929 0.116132 -0.062700 0.073632 0.441690 -0.894141 10.490800 -0.113821 0.894438 0.432464 0.035000 0.000000 0.000000 0.000000 1.000000
0.990764 0.070167 0.116033 -0.062700 0.073545 0.440851 -0.894562 10.490800 -0.113922 0.894834 0.431619 0.035000 0.000000 0.000000 0.000000 1.000000
0.990743 0.070603 0.115942 -0.062700 0.073553 0.438656 -0.895640 10.490800 -0.114093 0.895877 0.429402 0.035000 0.000000 0.000000 0.000000 1.000000
0.990687 0.071243 0.116037 -0.062700 0.073932 0.434191 -0.897782 10.490800 -0.114343 0.897999 0.424880 0.035000 0.000000 0.000000 0.000000 1.000000
0.990650 0.072005 0.115876 -0.062700 0.073788 0.431613 -0.899036 10.490800 -0.114749 0.899180 0.422265 0.035000 0.000000 0.000000 0.000000 1.000000
0.990608 0.073006 0.115611 -0.062700 0.073536 0.428384 -0.900600 10.490800 -0.115275 0.900643 0.418992 0.035000 0.000000 0.000000 0.000000 1.000000
0.990601 0.073254 0.115510 -0.062700 0.073498 0.427141 -0.901193 10.490800 -0.115355 0.901213 0.417742 0.035000 0.000000 0.000000 0.000000 1.000000</float_array>
        <technique_common>
          <accessor source="#mixamorig_RightHandMiddle1-Matrix-animation-output-transform-array" count="71" stride="16">
            <param type="float4x4"/>
          </accessor>
        </technique_common>
      </source>
      <source id="mixamorig_RightHandMiddle1-Interpolations">
        <Name_array id="mixamorig_RightHandMiddle1-Interpolations-array" count="71">
 LINEAR LINEAR LINEAR LINEAR LINEAR LINEAR LINEAR LINEAR LINEAR LINEAR LINEAR
LINEAR LINEAR LINEAR LINEAR LINEAR LINEAR LINEAR LINEAR LINEAR LINEAR LINEAR LINEAR
LINEAR LINEAR LINEAR LINEAR LINEAR LINEAR LINEAR LINEAR LINEAR LINEAR LINEAR LINEAR
LINEAR LINEAR LINEAR LINEAR LINEAR LINEAR LINEAR LINEAR LINEAR LINEAR LINEAR LINEAR
LINEAR LINEAR LINEAR LINEAR LINEAR LINEAR LINEAR LINEAR LINEAR LINEAR LINEAR LINEAR
LINEAR LINEAR LINEAR LINEAR LINEAR LINEAR LINEAR LINEAR LINEAR LINEAR LINEAR LINEAR</Name_array>
        <technique_common>
          <accessor source="#mixamorig_RightHandMiddle1-Interpolations-array" count="71">
            <param type="name"/>
          </accessor>
        </technique_common>
      </source>
      <sampler id="mixamorig_RightHandMiddle1-Matrix-animation-transform">
        <input semantic="INPUT" source="#mixamorig_RightHandMiddle1-Matrix-animation-input"/>
        <input semantic="OUTPUT" source="#mixamorig_RightHandMiddle1-Matrix-animation-output-transform"/>
        <input semantic="INTERPOLATION" source="#mixamorig_RightHandMiddle1-Interpolations"/>
      </sampler>
      <channel source="#mixamorig_RightHandMiddle1-Matrix-animation-transform" target="mixamorig_RightHandMiddle1/matrix"/>
    </animation>
    <animation id="mixamorig_RightHandMiddle2-anim" name="mixamorig_RightHandMiddle2">
      <source id="mixamorig_RightHandMiddle2-Matrix-animation-input">
        <float_array id="mixamorig_RightHandMiddle2-Matrix-animation-input-array" count="71">

0.000000 0.033333 0.066667 0.100000 0.133333 0.166667 0.200000 0.233333 0.266667 0.300000 0.333333 0.366667 0.400000 0.433333 0.466667 0.500000
0.533333 0.566667 0.600000 0.633333 0.666667 0.700000 0.733333 0.766667 0.800000 0.833333 0.866667 0.900000 0.933333 0.966667 1.000000 1.033333
1.066667 1.100000 1.133333 1.166667 1.200000 1.233333 1.266667 1.300000 1.333333 1.366667 1.400000 1.433333 1.466667 1.500000 1.533333 1.566667
1.600000 1.633333 1.666667 1.700000 1.733333 1.766667 1.800000 1.833333 1.866667 1.900000 1.933333 1.966667 2.000000 2.033333 2.066667 2.100000
2.133333 2.166667 2.200000 2.233333 2.266667 2.300000 2.333333</float_array>
        <technique_common>
          <accessor source="#mixamorig_RightHandMiddle2-Matrix-animation-input-array" count="71">
            <param name="TIME" type="float"/>
          </accessor>
        </technique_common>
      </source>
      <source id="mixamorig_RightHandMiddle2-Matrix-animation-output-transform">
        <float_array id="mixamorig_RightHandMiddle2-Matrix-animation-output-transform-array" count="1136">

0.981138 -0.019565 -0.192315 -0.000000 -0.105098 0.780993 -0.615633 5.805400 0.162242 0.624233 0.764206 0.000000 0.000000 0.000000 0.000000 1.000000
0.981138 -0.019521 -0.192322 0.000000 -0.105081 0.781203 -0.615370 5.805400 0.162255 0.623972 0.764416 0.000000 0.000000 0.000000 0.000000 1.000000
0.981138 -0.019578 -0.192313 -0.000000 -0.105103 0.780930 -0.615713 5.805400 0.162238 0.624312 0.764142 0.000000 0.000000 0.000000 0.000000 1.000000
0.981138 -0.019574 -0.192314 0.000000 -0.105102 0.780949 -0.615689 5.805400 0.162239 0.624288 0.764161 0.000000 0.000000 0.000000 0.000000 1.000000
0.981138 -0.019573 -0.192314 0.000000 -0.105101 0.780956 -0.615680 5.805400 0.162239 0.624280 0.764168 0.000000 0.000000 0.000000 0.000000 1.000000
0.981138 -0.019570 -0.192314 -0.000000 -0.105100 0.780969 -0.615663 5.805400 0.162240 0.624263 0.764182 0.000000 0.000000 0.000000 0.000000 1.000000
0.981138 -0.019560 -0.192316 0.000000 -0.105096 0.781017 -0.615603 5.805400 0.162243 0.624203 0.764230 0.000000 0.000000 0.000000 0.000000 1.000000
0.981138 -0.019505 -0.192324 0.000000 -0.105075 0.781278 -0.615275 5.805400 0.162260 0.623878 0.764492 0.000000 0.000000 0.000000 0.000000 1.000000
0.981138 -0.019537 -0.192319 0.000000 -0.105088 0.781124 -0.615469 5.805400 0.162250 0.624070 0.764337 0.000000 0.000000 0.000000 0.000000 1.000000
0.981138 -0.019553 -0.192317 0.000000 -0.105094 0.781048 -0.615564 5.805400 0.162245 0.624165 0.764261 0.000000 0.000000 0.000000 0.000000 1.000000
0.981138 -0.019556 -0.192317 0.000000 -0.105094 0.781038 -0.615577 5.805400 0.162245 0.624177 0.764251 -0.000000 0.000000 0.000000 0.000000 1.000000
0.981138 -0.019552 -0.192317 -0.000000 -0.105093 0.781054 -0.615557 5.805400 0.162246 0.624157 0.764267 -0.000000 0.000000 0.000000 0.000000 1.000000
0.981138 -0.019547 -0.192318 0.000000 -0.105091 0.781078 -0.615526 5.805400 0.162247 0.624127 0.764291 0.000000 0.000000 0.000000 0.000000 1.000000
0.981138 -0.019542 -0.192319 -0.000000 -0.105090 0.781101 -0.615497 5.805400 0.162248 0.624098 0.764315 0.000000 0.000000 0.000000 0.000000 1.000000
0.981138 -0.019536 -0.192320 0.000000 -0.105087 0.781129 -0.615463 5.805400 0.162250 0.624064 0.764342 0.000000 0.000000 0.000000 0.000000 1.000000
0.981138 -0.019530 -0.192320 0.000000 -0.105085 0.781156 -0.615428 5.805400 0.162252 0.624030 0.764370 0.000000 0.000000 0.000000 0.000000 1.000000
0.981138 -0.019526 -0.192321 -0.000000 -0.105083 0.781181 -0.615397 5.805400 0.162254 0.623999 0.764395 0.000000 0.000000 0.000000 0.000000 1.000000
0.981138 -0.019522 -0.192322 0.000000 -0.105082 0.781198 -0.615376 5.805400 0.162255 0.623978 0.764411 0.000000 0.000000 0.000000 0.000000 1.000000
0.981137 -0.019467 -0.192330 0.000000 -0.105061 0.781461 -0.615046 5.805400 0.162271 0.623651 0.764675 0.000000 0.000000 0.000000 0.000000 1.000000
0.981137 -0.019457 -0.192331 -0.000000 -0.105057 0.781510 -0.614983 5.805400 0.162275 0.623589 0.764725 0.000000 0.000000 0.000000 0.000000 1.000000
0.981137 -0.019451 -0.192332 0.000000 -0.105055 0.781535 -0.614952 5.805400 0.162276 0.623558 0.764750 0.000000 0.000000 0.000000 0.000000 1.000000
0.981137 -0.019457 -0.192331 -0.000000 -0.105057 0.781509 -0.614985 5.805400 0.162274 0.623591 0.764723 0.000000 0.000000 0.000000 0.000000 1.000000
0.981138 -0.019499 -0.192325 0.000000 -0.105074 0.781306 -0.615240 5.805400 0.162261 0.623843 0.764520 0.000000 0.000000 0.000000 0.000000 1.000000
0.981138 -0.019504 -0.192324 0.000000 -0.105075 0.781285 -0.615267 5.805400 0.162260 0.623870 0.764498 0.000000 0.000000 0.000000 0.000000 1.000000
0.981138 -0.019591 -0.192311 -0.000000 -0.105108 0.780869 -0.615789 5.805400 0.162234 0.624388 0.764081 0.000000 0.000000 0.000000 0.000000 1.000000
0.981138 -0.019564 -0.192315 0.000000 -0.105098 0.780998 -0.615627 5.805400 0.162242 0.624227 0.764211 0.000000 0.000000 0.000000 0.000000 1.000000
0.981138 -0.019593 -0.192311 -0.000000 -0.105109 0.780857 -0.615803 5.805400 0.162233 0.624402 0.764070 0.000000 0.000000 0.000000 0.000000 1.000000
0.981139 -0.019605 -0.192309 0.000000 -0.105113 0.780802 -0.615872 5.805400 0.162230 0.624470 0.764015 0.000000 0.000000 0.000000 0.000000 1.000000
0.981138 -0.019552 -0.192317 -0.000000 -0.105093 0.781054 -0.615557 5.805400 0.162245 0.624158 0.764267 0.000000 0.000000 0.000000 0.000000 1.000000
0.981138 -0.019503 -0.192325 0.000000 -0.105075 0.781288 -0.615263 5.805400 0.162261 0.623866 0.764502 0.000000 0.000000 0.000000 0.000000 1.000000
0.981137 -0.019492 -0.192326 -0.000000 -0.105070 0.781340 -0.615198 5.805400 0.162263 0.623801 0.764554 0.000000 0.000000 0.000000 0.000000 1.000000
0.981138 -0.019531 -0.192320 0.000000 -0.105085 0.781153 -0.615432 5.805400 0.162252 0.624034 0.764367 0.000000 0.000000 0.000000 0.000000 1.000000
0.981137 -0.019525 -0.192326 0.000000 -0.105104 0.781115 -0.615478 5.805400 0.162246 0.624082 0.764328 0.000000 0.000000 0.000000 0.000000 1.000000
0.981135 -0.019453 -0.192344 0.000000 -0.105106 0.781363 -0.615163 5.805400 0.162257 0.623774 0.764577 -0.000000 0.000000 0.000000 0.000000 1.000000
0.981133 -0.019417 -0.192357 -0.000000 -0.105123 0.781436 -0.615067 5.805400 0.162257 0.623683 0.764651 -0.000000 0.000000 0.000000 0.000000 1.000000
0.981132 -0.019450 -0.192359 0.000000 -0.105162 0.781191 -0.615371 5.805400 0.162238 0.623989 0.764406 0.000000 0.000000 0.000000 0.000000 1.000000
0.981131 -0.019446 -0.192364 0.000000 -0.105178 0.781154 -0.615416 5.805400 0.162233 0.624036 0.764369 0.000000 0.000000 0.000000 0.000000 1.000000
0.981131 -0.019442 -0.192365 0.000000 -0.105180 0.781160 -0.615407 5.805400 0.162233 0.624028 0.764376 0.000000 0.000000 0.000000 0.000000 1.000000
0.981132 -0.019443 -0.192360 -0.000000 -0.105162 0.781214 -0.615341 5.805400 0.162239 0.623960 0.764430 0.000000 0.000000 0.000000 0.000000 1.000000
0.981134 -0.019436 -0.192347 0.000000 -0.105101 0.781440 -0.615066 5.805400 0.162262 0.623678 0.764655 0.000000 0.000000 0.000000 0.000000 1.000000
0.981137 -0.019497 -0.192329 0.000000 -0.105088 0.781265 -0.615289 5.805400 0.162257 0.623894 0.764479 -0.000000 0.000000 0.000000 0.000000 1.000000
0.981138 -0.019475 -0.192325 0.000000 -0.105049 0.781471 -0.615035 5.805400 0.162274 0.623638 0.764685 -0.000000 0.000000 0.000000 0.000000 1.000000
0.981140 -0.019533 -0.192310 0.000000 -0.105045 0.781276 -0.615284 5.805400 0.162266 0.623881 0.764489 0.000000 0.000000 0.000000 0.000000 1.000000
0.981141 -0.019543 -0.192303 -0.000000 -0.105028 0.781301 -0.615255 5.805400 0.162271 0.623849 0.764514 0.000000 0.000000 0.000000 0.000000 1.000000
0.981142 -0.019622 -0.192288 0.000000 -0.105042 0.780974 -0.615667 5.805400 0.162252 0.624255 0.764186 0.000000 0.000000 0.000000 0.000000 1.000000
0.981144 -0.019711 -0.192271 0.000000 -0.105062 0.780595 -0.616144 5.805400 0.162230 0.624727 0.763805 0.000000 0.000000 0.000000 0.000000 1.000000
0.981144 -0.019720 -0.192267 0.000000 -0.105056 0.780579 -0.616166 5.805400 0.162231 0.624746 0.763789 0.000000 0.000000 0.000000 0.000000 1.000000
0.981144 -0.019675 -0.192272 0.000000 -0.105031 0.780819 -0.615865 5.805400 0.162247 0.624447 0.764030 0.000000 0.000000 0.000000 0.000000 1.000000
0.981145 -0.019678 -0.192270 0.000000 -0.105028 0.780820 -0.615864 5.805400 0.162248 0.624446 0.764031 0.000000 0.000000 0.000000 0.000000 1.000000
0.981144 -0.019626 -0.192278 0.000000 -0.105004 0.781084 -0.615534 5.805400 0.162265 0.624118 0.764295 0.000000 0.000000 0.000000 0.000000 1.000000
0.981145 -0.019716 -0.192263 -0.000000 -0.105035 0.780662 -0.616064 5.805400 0.162239 0.624643 0.763872 -0.000000 0.000000 0.000000 0.000000 1.000000
0.981145 -0.019652 -0.192272 0.000000 -0.105008 0.780980 -0.615665 5.805400 0.162260 0.624246 0.764191 -0.000000 0.000000 0.000000 0.000000 1.000000
0.981145 -0.019621 -0.192276 -0.000000 -0.104993 0.781136 -0.615470 5.805400 0.162270 0.624053 0.764347 0.000000 0.000000 0.000000 0.000000 1.000000
0.981146 -0.019704 -0.192263 0.000000 -0.105020 0.780753 -0.615950 5.805400 0.162246 0.624529 0.763964 -0.000000 0.000000 0.000000 0.000000 1.000000
0.981146 -0.019723 -0.192258 0.000000 -0.105023 0.780677 -0.616046 5.805400 0.162242 0.624623 0.763887 -0.000000 0.000000 0.000000 0.000000 1.000000
0.981147 -0.019771 -0.192249 0.000000 -0.105033 0.780472 -0.616304 5.805400 0.162230 0.624878 0.763681 0.000000 0.000000 0.000000 0.000000 1.000000
0.981147 -0.019752 -0.192250 0.000000 -0.105017 0.780595 -0.616152 5.805400 0.162240 0.624725 0.763804 -0.000000 0.000000 0.000000 0.000000 1.000000
0.981147 -0.019687 -0.192258 0.000000 -0.104986 0.780925 -0.615739 5.805400 0.162261 0.624315 0.764135 0.000000 0.000000 0.000000 0.000000 1.000000
0.981147 -0.019716 -0.192254 0.000000 -0.104997 0.780787 -0.615912 5.805400 0.162253 0.624487 0.763996 0.000000 0.000000 0.000000 0.000000 1.000000
0.981147 -0.019735 -0.192251 -0.000000 -0.105004 0.780697 -0.616024 5.805400 0.162247 0.624597 0.763907 0.000000 0.000000 0.000000 0.000000 1.000000
0.981147 -0.019740 -0.192250 0.000000 -0.105006 0.780674 -0.616054 5.805400 0.162246 0.624627 0.763883 0.000000 0.000000 0.000000 0.000000 1.000000
0.981147 -0.019738 -0.192250 0.000000 -0.105005 0.780679 -0.616047 5.805400 0.162246 0.624620 0.763889 0.000000 0.000000 0.000000 0.000000 1.000000
0.981147 -0.019733 -0.192251 0.000000 -0.105003 0.780704 -0.616016 5.805400 0.162247 0.624589 0.763914 0.000000 0.000000 0.000000 0.000000 1.000000
0.981147 -0.019726 -0.192252 0.000000 -0.105001 0.780741 -0.615970 5.805400 0.162250 0.624544 0.763951 0.000000 0.000000 0.000000 0.000000 1.000000
0.981147 -0.019714 -0.192254 0.000000 -0.104996 0.780797 -0.615900 5.805400 0.162253 0.624474 0.764007 0.000000 0.000000 0.000000 0.000000 1.000000
0.981147 -0.019676 -0.192260 0.000000 -0.104982 0.780977 -0.615673 5.805400 0.162265 0.624250 0.764187 0.000000 0.000000 0.000000 0.000000 1.000000
0.981146 -0.019611 -0.192270 0.000000 -0.104957 0.781288 -0.615283 5.805400 0.162285 0.623862 0.764500 0.000000 0.000000 0.000000 0.000000 1.000000
0.981147 -0.019650 -0.192264 0.000000 -0.104972 0.781103 -0.615515 5.805400 0.162273 0.624093 0.764314 -0.000000 0.000000 0.000000 0.000000 1.000000
0.981147 -0.019655 -0.192263 0.000000 -0.104974 0.781077 -0.615548 5.805400 0.162271 0.624126 0.764287 0.000000 0.000000 0.000000 0.000000 1.000000
0.981147 -0.019649 -0.192264 0.000000 -0.104972 0.781106 -0.615512 5.805400 0.162273 0.624089 0.764317 0.000000 0.000000 0.000000 0.000000 1.000000
0.981147 -0.019686 -0.192258 0.000000 -0.104985 0.780930 -0.615732 5.805400 0.162262 0.624308 0.764140 0.000000 0.000000 0.000000 0.000000 1.000000</float_array>
        <technique_common>
          <accessor source="#mixamorig_RightHandMiddle2-Matrix-animation-output-transform-array" count="71" stride="16">
            <param type="float4x4"/>
          </accessor>
        </technique_common>
      </source>
      <source id="mixamorig_RightHandMiddle2-Interpolations">
        <Name_array id="mixamorig_RightHandMiddle2-Interpolations-array" count="71">
 LINEAR LINEAR LINEAR LINEAR LINEAR LINEAR LINEAR LINEAR LINEAR LINEAR LINEAR
LINEAR LINEAR LINEAR LINEAR LINEAR LINEAR LINEAR LINEAR LINEAR LINEAR LINEAR LINEAR
LINEAR LINEAR LINEAR LINEAR LINEAR LINEAR LINEAR LINEAR LINEAR LINEAR LINEAR LINEAR
LINEAR LINEAR LINEAR LINEAR LINEAR LINEAR LINEAR LINEAR LINEAR LINEAR LINEAR LINEAR
LINEAR LINEAR LINEAR LINEAR LINEAR LINEAR LINEAR LINEAR LINEAR LINEAR LINEAR LINEAR
LINEAR LINEAR LINEAR LINEAR LINEAR LINEAR LINEAR LINEAR LINEAR LINEAR LINEAR LINEAR</Name_array>
        <technique_common>
          <accessor source="#mixamorig_RightHandMiddle2-Interpolations-array" count="71">
            <param type="name"/>
          </accessor>
        </technique_common>
      </source>
      <sampler id="mixamorig_RightHandMiddle2-Matrix-animation-transform">
        <input semantic="INPUT" source="#mixamorig_RightHandMiddle2-Matrix-animation-input"/>
        <input semantic="OUTPUT" source="#mixamorig_RightHandMiddle2-Matrix-animation-output-transform"/>
        <input semantic="INTERPOLATION" source="#mixamorig_RightHandMiddle2-Interpolations"/>
      </sampler>
      <channel source="#mixamorig_RightHandMiddle2-Matrix-animation-transform" target="mixamorig_RightHandMiddle2/matrix"/>
    </animation>
    <animation id="mixamorig_RightHandMiddle3-anim" name="mixamorig_RightHandMiddle3">
      <source id="mixamorig_RightHandMiddle3-Matrix-animation-input">
        <float_array id="mixamorig_RightHandMiddle3-Matrix-animation-input-array" count="71">

0.000000 0.033333 0.066667 0.100000 0.133333 0.166667 0.200000 0.233333 0.266667 0.300000 0.333333 0.366667 0.400000 0.433333 0.466667 0.500000
0.533333 0.566667 0.600000 0.633333 0.666667 0.700000 0.733333 0.766667 0.800000 0.833333 0.866667 0.900000 0.933333 0.966667 1.000000 1.033333
1.066667 1.100000 1.133333 1.166667 1.200000 1.233333 1.266667 1.300000 1.333333 1.366667 1.400000 1.433333 1.466667 1.500000 1.533333 1.566667
1.600000 1.633333 1.666667 1.700000 1.733333 1.766667 1.800000 1.833333 1.866667 1.900000 1.933333 1.966667 2.000000 2.033333 2.066667 2.100000
2.133333 2.166667 2.200000 2.233333 2.266667 2.300000 2.333333</float_array>
        <technique_common>
          <accessor source="#mixamorig_RightHandMiddle3-Matrix-animation-input-array" count="71">
            <param name="TIME" type="float"/>
          </accessor>
        </technique_common>
      </source>
      <source id="mixamorig_RightHandMiddle3-Matrix-animation-output-transform">
        <float_array id="mixamorig_RightHandMiddle3-Matrix-animation-output-transform-array" count="1136">

1.000000 0.000000 -0.000003 0.000000 -0.000000 1.000000 0.000000 3.682000 0.000003 -0.000000 1.000000 0.000000 0.000000 0.000000 0.000000 1.000000
1.000000 0.000000 -0.000004 0.000000 -0.000000 1.000000 0.000000 3.682000 0.000004 -0.000000 1.000000 0.000000 0.000000 0.000000 0.000000 1.000000
1.000000 -0.000000 -0.000003 -0.000000 0.000000 1.000000 -0.000000 3.682000 0.000003 0.000000 1.000000 -0.000000 0.000000 0.000000 0.000000 1.000000
1.000000 0.000000 -0.000003 0.000000 -0.000000 1.000000 0.000000 3.682000 0.000003 -0.000000 1.000000 -0.000000 0.000000 0.000000 0.000000 1.000000
1.000000 0.000000 -0.000003 0.000000 -0.000000 1.000000 -0.000000 3.682000 0.000003 0.000000 1.000000 -0.000000 0.000000 0.000000 0.000000 1.000000
1.000000 0.000000 -0.000003 -0.000000 -0.000000 1.000000 -0.000000 3.682000 0.000003 0.000000 1.000000 0.000000 0.000000 0.000000 0.000000 1.000000
1.000000 -0.000000 -0.000003 -0.000000 0.000000 1.000000 0.000000 3.682000 0.000003 -0.000000 1.000000 0.000000 0.000000 0.000000 0.000000 1.000000
1.000000 0.000000 -0.000003 -0.000000 -0.000000 1.000000 0.000000 3.682000 0.000003 -0.000000 1.000000 0.000000 0.000000 0.000000 0.000000 1.000000
1.000000 -0.000000 -0.000003 -0.000000 0.000000 1.000000 0.000000 3.682000 0.000003 -0.000000 1.000000 0.000000 0.000000 0.000000 0.000000 1.000000
1.000000 0.000000 -0.000003 0.000000 -0.000000 1.000000 -0.000000 3.682000 0.000003 0.000000 1.000000 -0.000000 0.000000 0.000000 0.000000 1.000000
1.000000 -0.000000 -0.000003 0.000000 0.000000 1.000000 -0.000000 3.682000 0.000003 0.000000 1.000000 0.000000 0.000000 0.000000 0.000000 1.000000
1.000000 0.000000 -0.000003 0.000000 -0.000000 1.000000 0.000000 3.682000 0.000003 -0.000000 1.000000 0.000000 0.000000 0.000000 0.000000 1.000000
1.000000 0.000000 -0.000003 0.000000 -0.000000 1.000000 0.000000 3.682000 0.000003 -0.000000 1.000000 0.000000 0.000000 0.000000 0.000000 1.000000
1.000000 0.000000 -0.000003 -0.000000 -0.000000 1.000000 0.000000 3.682000 0.000003 -0.000000 1.000000 0.000000 0.000000 0.000000 0.000000 1.000000
1.000000 -0.000000 -0.000003 0.000000 0.000000 1.000000 0.000000 3.682000 0.000003 -0.000000 1.000000 0.000000 0.000000 0.000000 0.000000 1.000000
1.000000 0.000000 -0.000003 0.000000 -0.000000 1.000000 -0.000000 3.682000 0.000003 0.000000 1.000000 0.000000 0.000000 0.000000 0.000000 1.000000
1.000000 0.000000 -0.000003 -0.000000 -0.000000 1.000000 -0.000000 3.682000 0.000003 0.000000 1.000000 -0.000000 0.000000 0.000000 0.000000 1.000000
1.000000 0.000000 -0.000004 0.000000 -0.000000 1.000000 -0.000000 3.682000 0.000004 0.000000 1.000000 0.000000 0.000000 0.000000 0.000000 1.000000
1.000000 0.000000 -0.000003 0.000000 -0.000000 1.000000 0.000000 3.682000 0.000003 -0.000000 1.000000 0.000000 0.000000 0.000000 0.000000 1.000000
1.000000 -0.000000 -0.000003 0.000000 0.000000 1.000000 0.000000 3.682000 0.000003 -0.000000 1.000000 0.000000 0.000000 0.000000 0.000000 1.000000
1.000000 -0.000000 -0.000003 0.000000 0.000000 1.000000 0.000000 3.682000 0.000003 -0.000000 1.000000 0.000000 0.000000 0.000000 0.000000 1.000000
1.000000 -0.000000 -0.000003 0.000000 0.000000 1.000000 0.000000 3.682000 0.000003 -0.000000 1.000000 0.000000 0.000000 0.000000 0.000000 1.000000
1.000000 0.000000 -0.000003 0.000000 -0.000000 1.000000 0.000000 3.682000 0.000003 -0.000000 1.000000 0.000000 0.000000 0.000000 0.000000 1.000000
1.000000 0.000000 -0.000003 0.000000 -0.000000 1.000000 -0.000000 3.682000 0.000003 0.000000 1.000000 -0.000000 0.000000 0.000000 0.000000 1.000000
1.000000 -0.000000 -0.000003 0.000000 0.000000 1.000000 0.000000 3.682000 0.000003 -0.000000 1.000000 0.000000 0.000000 0.000000 0.000000 1.000000
1.000000 0.000000 -0.000003 0.000000 -0.000000 1.000000 -0.000000 3.682000 0.000003 0.000000 1.000000 0.000000 0.000000 0.000000 0.000000 1.000000
1.000000 0.000000 -0.000003 0.000000 -0.000000 1.000000 0.000000 3.682000 0.000003 -0.000000 1.000000 0.000000 0.000000 0.000000 0.000000 1.000000
1.000000 0.000000 -0.000003 0.000000 -0.000000 1.000000 0.000000 3.682000 0.000003 -0.000000 1.000000 0.000000 0.000000 0.000000 0.000000 1.000000
1.000000 0.000000 -0.000003 0.000000 -0.000000 1.000000 -0.000000 3.682000 0.000003 0.000000 1.000000 0.000000 0.000000 0.000000 0.000000 1.000000
1.000000 -0.000000 -0.000003 0.000000 0.000000 1.000000 0.000000 3.682000 0.000003 -0.000000 1.000000 0.000000 0.000000 0.000000 0.000000 1.000000
1.000000 0.000000 -0.000004 0.000000 -0.000000 1.000000 -0.000000 3.682000 0.000004 0.000000 1.000000 0.000000 0.000000 0.000000 0.000000 1.000000
1.000000 -0.000000 -0.000003 0.000000 0.000000 1.000000 -0.000000 3.682000 0.000003 0.000000 1.000000 -0.000000 0.000000 0.000000 0.000000 1.000000
1.000000 0.000000 -0.000003 0.000000 -0.000000 1.000000 -0.000000 3.682000 0.000003 0.000000 1.000000 0.000000 0.000000 0.000000 0.000000 1.000000
1.000000 0.000000 -0.000003 -0.000000 -0.000000 1.000000 -0.000000 3.682000 0.000003 0.000000 1.000000 0.000000 0.000000 0.000000 0.000000 1.000000
1.000000 -0.000000 -0.000003 0.000000 0.000000 1.000000 -0.000000 3.682000 0.000003 0.000000 1.000000 -0.000000 0.000000 0.000000 0.000000 1.000000
1.000000 0.000000 -0.000003 0.000000 -0.000000 1.000000 -0.000000 3.682000 0.000003 0.000000 1.000000 0.000000 0.000000 0.000000 0.000000 1.000000
1.000000 0.000000 -0.000003 0.000000 -0.000000 1.000000 -0.000000 3.682000 0.000003 0.000000 1.000000 0.000000 0.000000 0.000000 0.000000 1.000000
1.000000 -0.000000 -0.000003 0.000000 0.000000 1.000000 0.000000 3.682000 0.000003 -0.000000 1.000000 -0.000000 0.000000 0.000000 0.000000 1.000000
1.000000 0.000000 -0.000003 0.000000 -0.000000 1.000000 -0.000000 3.682000 0.000003 0.000000 1.000000 0.000000 0.000000 0.000000 0.000000 1.000000
1.000000 0.000000 -0.000003 0.000000 -0.000000 1.000000 -0.000000 3.682000 0.000003 0.000000 1.000000 -0.000000 0.000000 0.000000 0.000000 1.000000
1.000000 -0.000000 -0.000003 0.000000 0.000000 1.000000 -0.000000 3.682000 0.000003 0.000000 1.000000 0.000000 0.000000 0.000000 0.000000 1.000000
1.000000 -0.000000 -0.000003 -0.000000 0.000000 1.000000 0.000000 3.682000 0.000003 -0.000000 1.000000 0.000000 0.000000 0.000000 0.000000 1.000000
1.000000 -0.000000 -0.000003 0.000000 0.000000 1.000000 -0.000000 3.682000 0.000003 0.000000 1.000000 -0.000000 0.000000 0.000000 0.000000 1.000000
1.000000 -0.000000 -0.000003 0.000000 0.000000 1.000000 -0.000000 3.682000 0.000003 0.000000 1.000000 0.000000 0.000000 0.000000 0.000000 1.000000
1.000000 0.000000 -0.000003 0.000000 -0.000000 1.000000 -0.000000 3.682000 0.000003 0.000000 1.000000 -0.000000 0.000000 0.000000 0.000000 1.000000
1.000000 -0.000000 -0.000003 0.000000 0.000000 1.000000 0.000000 3.682000 0.000003 -0.000000 1.000000 0.000000 0.000000 0.000000 0.000000 1.000000
1.000000 -0.000000 -0.000003 0.000000 0.000000 1.000000 0.000000 3.682000 0.000003 -0.000000 1.000000 0.000000 0.000000 0.000000 0.000000 1.000000
1.000000 -0.000000 -0.000003 0.000000 0.000000 1.000000 0.000000 3.682000 0.000003 -0.000000 1.000000 0.000000 0.000000 0.000000 0.000000 1.000000
1.000000 0.000000 -0.000003 0.000000 -0.000000 1.000000 -0.000000 3.682000 0.000003 0.000000 1.000000 0.000000 0.000000 0.000000 0.000000 1.000000
1.000000 -0.000000 -0.000003 0.000000 0.000000 1.000000 -0.000000 3.682000 0.000003 0.000000 1.000000 0.000000 0.000000 0.000000 0.000000 1.000000
1.000000 -0.000000 -0.000003 0.000000 0.000000 1.000000 -0.000000 3.682000 0.000003 0.000000 1.000000 0.000000 0.000000 0.000000 0.000000 1.000000
1.000000 -0.000000 -0.000003 0.000000 0.000000 1.000000 0.000000 3.682000 0.000003 -0.000000 1.000000 -0.000000 0.000000 0.000000 0.000000 1.000000
1.000000 0.000000 -0.000003 0.000000 -0.000000 1.000000 0.000000 3.682000 0.000003 -0.000000 1.000000 -0.000000 0.000000 0.000000 0.000000 1.000000
1.000000 -0.000000 -0.000003 0.000000 0.000000 1.000000 0.000000 3.682000 0.000003 -0.000000 1.000000 0.000000 0.000000 0.000000 0.000000 1.000000
1.000000 0.000000 -0.000003 0.000000 -0.000000 1.000000 0.000000 3.682000 0.000003 -0.000000 1.000000 0.000000 0.000000 0.000000 0.000000 1.000000
1.000000 -0.000000 -0.000003 0.000000 0.000000 1.000000 -0.000000 3.682000 0.000003 0.000000 1.000000 -0.000000 0.000000 0.000000 0.000000 1.000000
1.000000 0.000000 -0.000003 0.000000 -0.000000 1.000000 0.000000 3.682000 0.000003 -0.000000 1.000000 0.000000 0.000000 0.000000 0.000000 1.000000
1.000000 -0.000000 -0.000003 0.000000 0.000000 1.000000 -0.000000 3.682000 0.000003 0.000000 1.000000 0.000000 0.000000 0.000000 0.000000 1.000000
1.000000 -0.000000 -0.000003 0.000000 0.000000 1.000000 -0.000000 3.682000 0.000003 0.000000 1.000000 0.000000 0.000000 0.000000 0.000000 1.000000
1.000000 -0.000000 -0.000003 0.000000 0.000000 1.000000 0.000000 3.682000 0.000003 -0.000000 1.000000 0.000000 0.000000 0.000000 0.000000 1.000000
1.000000 -0.000000 -0.000003 0.000000 0.000000 1.000000 0.000000 3.682000 0.000003 -0.000000 1.000000 0.000000 0.000000 0.000000 0.000000 1.000000
1.000000 -0.000000 -0.000003 0.000000 0.000000 1.000000 -0.000000 3.682000 0.000003 0.000000 1.000000 0.000000 0.000000 0.000000 0.000000 1.000000
1.000000 -0.000000 -0.000003 0.000000 0.000000 1.000000 0.000000 3.682000 0.000003 -0.000000 1.000000 0.000000 0.000000 0.000000 0.000000 1.000000
1.000000 0.000000 -0.000004 0.000000 -0.000000 1.000000 -0.000000 3.682000 0.000004 0.000000 1.000000 0.000000 0.000000 0.000000 0.000000 1.000000
1.000000 -0.000000 -0.000003 -0.000000 0.000000 1.000000 0.000000 3.682000 0.000003 -0.000000 1.000000 -0.000000 0.000000 0.000000 0.000000 1.000000
1.000000 0.000000 -0.000003 0.000000 -0.000000 1.000000 0.000000 3.682000 0.000003 -0.000000 1.000000 -0.000000 0.000000 0.000000 0.000000 1.000000
1.000000 0.000000 -0.000003 0.000000 -0.000000 1.000000 -0.000000 3.682000 0.000003 0.000000 1.000000 0.000000 0.000000 0.000000 0.000000 1.000000
1.000000 0.000000 -0.000003 -0.000000 -0.000000 1.000000 -0.000000 3.682000 0.000003 0.000000 1.000000 0.000000 0.000000 0.000000 0.000000 1.000000
1.000000 0.000000 -0.000003 0.000000 -0.000000 1.000000 0.000000 3.682000 0.000003 -0.000000 1.000000 -0.000000 0.000000 0.000000 0.000000 1.000000
1.000000 0.000000 -0.000003 0.000000 -0.000000 1.000000 -0.000000 3.682000 0.000003 0.000000 1.000000 0.000000 0.000000 0.000000 0.000000 1.000000
1.000000 -0.000000 -0.000003 0.000000 0.000000 1.000000 -0.000000 3.682000 0.000003 0.000000 1.000000 0.000000 0.000000 0.000000 0.000000 1.000000</float_array>
        <technique_common>
          <accessor source="#mixamorig_RightHandMiddle3-Matrix-animation-output-transform-array" count="71" stride="16">
            <param type="float4x4"/>
          </accessor>
        </technique_common>
      </source>
      <source id="mixamorig_RightHandMiddle3-Interpolations">
        <Name_array id="mixamorig_RightHandMiddle3-Interpolations-array" count="71">
 LINEAR LINEAR LINEAR LINEAR LINEAR LINEAR LINEAR LINEAR LINEAR LINEAR LINEAR
LINEAR LINEAR LINEAR LINEAR LINEAR LINEAR LINEAR LINEAR LINEAR LINEAR LINEAR LINEAR
LINEAR LINEAR LINEAR LINEAR LINEAR LINEAR LINEAR LINEAR LINEAR LINEAR LINEAR LINEAR
LINEAR LINEAR LINEAR LINEAR LINEAR LINEAR LINEAR LINEAR LINEAR LINEAR LINEAR LINEAR
LINEAR LINEAR LINEAR LINEAR LINEAR LINEAR LINEAR LINEAR LINEAR LINEAR LINEAR LINEAR
LINEAR LINEAR LINEAR LINEAR LINEAR LINEAR LINEAR LINEAR LINEAR LINEAR LINEAR LINEAR</Name_array>
        <technique_common>
          <accessor source="#mixamorig_RightHandMiddle3-Interpolations-array" count="71">
            <param type="name"/>
          </accessor>
        </technique_common>
      </source>
      <sampler id="mixamorig_RightHandMiddle3-Matrix-animation-transform">
        <input semantic="INPUT" source="#mixamorig_RightHandMiddle3-Matrix-animation-input"/>
        <input semantic="OUTPUT" source="#mixamorig_RightHandMiddle3-Matrix-animation-output-transform"/>
        <input semantic="INTERPOLATION" source="#mixamorig_RightHandMiddle3-Interpolations"/>
      </sampler>
      <channel source="#mixamorig_RightHandMiddle3-Matrix-animation-transform" target="mixamorig_RightHandMiddle3/matrix"/>
    </animation>
    <animation id="mixamorig_RightHandRing1-anim" name="mixamorig_RightHandRing1">
      <source id="mixamorig_RightHandRing1-Matrix-animation-input">
        <float_array id="mixamorig_RightHandRing1-Matrix-animation-input-array" count="71">

0.000000 0.033333 0.066667 0.100000 0.133333 0.166667 0.200000 0.233333 0.266667 0.300000 0.333333 0.366667 0.400000 0.433333 0.466667 0.500000
0.533333 0.566667 0.600000 0.633333 0.666667 0.700000 0.733333 0.766667 0.800000 0.833333 0.866667 0.900000 0.933333 0.966667 1.000000 1.033333
1.066667 1.100000 1.133333 1.166667 1.200000 1.233333 1.266667 1.300000 1.333333 1.366667 1.400000 1.433333 1.466667 1.500000 1.533333 1.566667
1.600000 1.633333 1.666667 1.700000 1.733333 1.766667 1.800000 1.833333 1.866667 1.900000 1.933333 1.966667 2.000000 2.033333 2.066667 2.100000
2.133333 2.166667 2.200000 2.233333 2.266667 2.300000 2.333333</float_array>
        <technique_common>
          <accessor source="#mixamorig_RightHandRing1-Matrix-animation-input-array" count="71">
            <param name="TIME" type="float"/>
          </accessor>
        </technique_common>
      </source>
      <source id="mixamorig_RightHandRing1-Matrix-animation-output-transform">
        <float_array id="mixamorig_RightHandRing1-Matrix-animation-output-transform-array" count="1136">

0.995141 0.095777 0.022821 -2.376900 -0.019987 0.423475 -0.905687 10.240700 -0.096409 0.900831 0.423332 0.082000 0.000000 0.000000 0.000000 1.000000
0.995148 0.095686 0.022886 -2.376900 -0.019955 0.424089 -0.905401 10.240700 -0.096340 0.900552 0.423940 0.082000 0.000000 0.000000 0.000000 1.000000
0.995149 0.095676 0.022893 -2.376900 -0.019951 0.424153 -0.905371 10.240700 -0.096333 0.900522 0.424004 0.082000 0.000000 0.000000 0.000000 1.000000
0.995159 0.095551 0.022982 -2.376900 -0.019907 0.424997 -0.904976 10.240700 -0.096238 0.900138 0.424841 0.082000 0.000000 0.000000 0.000000 1.000000
0.995153 0.095632 0.022924 -2.376900 -0.019936 0.424450 -0.905232 10.240700 -0.096300 0.900387 0.424299 0.082000 0.000000 0.000000 0.000000 1.000000
0.995142 0.095760 0.022833 -2.376900 -0.019981 0.423588 -0.905635 10.240700 -0.096396 0.900779 0.423443 0.082000 0.000000 0.000000 0.000000 1.000000
0.995181 0.095341 0.022903 -2.376900 -0.019937 0.425447 -0.904764 10.240700 -0.096005 0.899947 0.425297 0.082000 0.000000 0.000000 0.000000 1.000000
0.995220 0.094934 0.022897 -2.376900 -0.019788 0.425637 -0.904677 10.240700 -0.095631 0.899900 0.425481 0.082000 0.000000 0.000000 0.000000 1.000000
0.995252 0.094586 0.022949 -2.376900 -0.019656 0.426247 -0.904393 10.240700 -0.095325 0.899648 0.426082 0.082000 0.000000 0.000000 0.000000 1.000000
0.995272 0.094367 0.023012 -2.376900 -0.019587 0.427031 -0.904025 10.240700 -0.095136 0.899299 0.426861 0.082000 0.000000 0.000000 0.000000 1.000000
0.995302 0.094019 0.023104 -2.376900 -0.019520 0.428608 -0.903280 10.240700 -0.094828 0.898585 0.428430 0.082000 0.000000 0.000000 0.000000 1.000000
0.995318 0.093839 0.023138 -2.376900 -0.019490 0.429364 -0.902921 10.240700 -0.094664 0.898243 0.429183 0.082000 0.000000 0.000000 0.000000 1.000000
0.995320 0.093823 0.023136 -2.376900 -0.019478 0.429289 -0.902957 10.240700 -0.094650 0.898281 0.429107 0.082000 0.000000 0.000000 0.000000 1.000000
0.995330 0.093691 0.023251 -2.376900 -0.019390 0.429993 -0.902624 10.240700 -0.094566 0.897957 0.429802 0.082000 0.000000 0.000000 0.000000 1.000000
0.995330 0.093675 0.023324 -2.376900 -0.019233 0.429204 -0.903003 10.240700 -0.094599 0.898337 0.429001 0.082000 0.000000 0.000000 0.000000 1.000000
0.995339 0.093552 0.023405 -2.376900 -0.019126 0.429376 -0.902923 10.240700 -0.094520 0.898267 0.429164 0.082000 0.000000 0.000000 0.000000 1.000000
0.995357 0.093367 0.023400 -2.376900 -0.019103 0.429888 -0.902680 10.240700 -0.094340 0.898042 0.429676 0.082000 0.000000 0.000000 0.000000 1.000000
0.995360 0.093403 0.023125 -2.376900 -0.019244 0.428706 -0.903239 10.240700 -0.094279 0.898603 0.428514 0.082000 0.000000 0.000000 0.000000 1.000000
0.995295 0.094134 0.022949 -2.376900 -0.019504 0.426653 -0.904205 10.240700 -0.094908 0.899503 0.426481 0.082000 0.000000 0.000000 0.000000 1.000000
0.995263 0.094497 0.022860 -2.376900 -0.019728 0.426533 -0.904257 10.240700 -0.095200 0.899522 0.426376 0.082000 0.000000 0.000000 0.000000 1.000000
0.995251 0.094636 0.022798 -2.376900 -0.019816 0.426267 -0.904380 10.240700 -0.095304 0.899634 0.426118 0.082000 0.000000 0.000000 0.000000 1.000000
0.995240 0.094751 0.022806 -2.376900 -0.019848 0.426166 -0.904427 10.240700 -0.095415 0.899669 0.426018 0.082000 0.000000 0.000000 0.000000 1.000000
0.995239 0.094743 0.022880 -2.376900 -0.019837 0.426734 -0.904159 10.240700 -0.095426 0.899401 0.426582 0.082000 0.000000 0.000000 0.000000 1.000000
0.995236 0.094783 0.022821 -2.376900 -0.019872 0.426397 -0.904318 10.240700 -0.095445 0.899556 0.426250 0.082000 0.000000 0.000000 0.000000 1.000000
0.995313 0.093932 0.023006 -2.376900 -0.019739 0.430198 -0.902519 10.240700 -0.094672 0.897834 0.430036 0.082000 0.000000 0.000000 0.000000 1.000000
0.995425 0.092658 0.023311 -2.376900 -0.019389 0.434796 -0.900320 10.240700 -0.093558 0.895749 0.434604 0.082000 0.000000 0.000000 0.000000 1.000000
0.995508 0.091712 0.023498 -2.376900 -0.019143 0.438062 -0.898741 10.240700 -0.092719 0.894254 0.437850 0.082000 0.000000 0.000000 0.000000 1.000000
0.995508 0.091700 0.023553 -2.376900 -0.018878 0.436030 -0.899734 10.240700 -0.092775 0.895248 0.435802 0.082000 0.000000 0.000000 0.000000 1.000000
0.995505 0.091721 0.023604 -2.376900 -0.018743 0.435087 -0.900193 10.240700 -0.092837 0.895705 0.434850 0.082000 0.000000 0.000000 0.000000 1.000000
0.995454 0.092252 0.023666 -2.376900 -0.018714 0.433119 -0.901142 10.240700 -0.093382 0.896603 0.432877 0.082000 0.000000 0.000000 0.000000 1.000000
0.995454 0.092231 0.023761 -2.376900 -0.018663 0.433540 -0.900941 10.240700 -0.093396 0.896402 0.433290 0.082000 0.000000 0.000000 0.000000 1.000000
0.995461 0.092140 0.023828 -2.376900 -0.018652 0.434389 -0.900532 10.240700 -0.093326 0.896000 0.434136 0.082000 0.000000 0.000000 0.000000 1.000000
0.995453 0.092239 0.023789 -2.376900 -0.018707 0.434168 -0.900637 10.240700 -0.093403 0.896097 0.433920 0.082000 0.000000 0.000000 0.000000 1.000000
0.995435 0.092456 0.023684 -2.376900 -0.018791 0.433152 -0.901125 10.240700 -0.093573 0.896566 0.432912 0.082000 0.000000 0.000000 0.000000 1.000000
0.995431 0.092501 0.023685 -2.376900 -0.018818 0.433232 -0.901086 10.240700 -0.093612 0.896523 0.432993 0.082000 0.000000 0.000000 0.000000 1.000000
0.995439 0.092388 0.023766 -2.376900 -0.018799 0.434217 -0.900612 10.240700 -0.093525 0.896058 0.433973 0.082000 0.000000 0.000000 0.000000 1.000000
0.995446 0.092319 0.023770 -2.376900 -0.018811 0.434661 -0.900398 10.240700 -0.093456 0.895850 0.434418 0.082000 0.000000 0.000000 0.000000 1.000000
0.995478 0.091959 0.023815 -2.376900 -0.018783 0.436304 -0.899603 10.240700 -0.093117 0.895088 0.436058 0.082000 0.000000 0.000000 0.000000 1.000000
0.995493 0.091787 0.023840 -2.376900 -0.018762 0.437046 -0.899244 10.240700 -0.092958 0.894744 0.436798 0.082000 0.000000 0.000000 0.000000 1.000000
0.995493 0.091802 0.023806 -2.376900 -0.018763 0.436697 -0.899413 10.240700 -0.092964 0.894912 0.436452 0.082000 0.000000 0.000000 0.000000 1.000000
0.995521 0.091491 0.023806 -2.376900 -0.018717 0.437582 -0.898984 10.240700 -0.092666 0.894512 0.437334 0.082000 0.000000 0.000000 0.000000 1.000000
0.995527 0.091426 0.023808 -2.376900 -0.018587 0.436624 -0.899452 10.240700 -0.092628 0.894986 0.436371 0.082000 0.000000 0.000000 0.000000 1.000000
0.995562 0.091042 0.023809 -2.376900 -0.018384 0.436301 -0.899613 10.240700 -0.092290 0.895183 0.436038 0.082000 0.000000 0.000000 0.000000 1.000000
0.995572 0.090937 0.023811 -2.376900 -0.018299 0.435934 -0.899793 10.240700 -0.092204 0.895373 0.435668 0.082000 0.000000 0.000000 0.000000 1.000000
0.995567 0.090979 0.023863 -2.376900 -0.018251 0.435749 -0.899883 10.240700 -0.092269 0.895458 0.435478 0.082000 0.000000 0.000000 0.000000 1.000000
0.995552 0.091131 0.023903 -2.376900 -0.018219 0.435142 -0.900177 10.240700 -0.092435 0.895738 0.434867 0.082000 0.000000 0.000000 0.000000 1.000000
0.995547 0.091161 0.024009 -2.376900 -0.018155 0.435323 -0.900091 10.240700 -0.092505 0.895647 0.435040 0.082000 0.000000 0.000000 0.000000 1.000000
0.995507 0.091585 0.024051 -2.376900 -0.018144 0.433781 -0.900835 10.240700 -0.092935 0.896351 0.433494 0.082000 0.000000 0.000000 0.000000 1.000000
0.995513 0.091493 0.024161 -2.376900 -0.018081 0.434531 -0.900475 10.240700 -0.092886 0.895997 0.434236 0.082000 0.000000 0.000000 0.000000 1.000000
0.995497 0.091685 0.024083 -2.376900 -0.018124 0.433450 -0.900995 10.240700 -0.093047 0.896502 0.433160 0.082000 0.000000 0.000000 0.000000 1.000000
0.995502 0.091609 0.024172 -2.376900 -0.018082 0.434140 -0.900664 10.240700 -0.093003 0.896175 0.433843 0.082000 0.000000 0.000000 0.000000 1.000000
0.995494 0.091710 0.024100 -2.376900 -0.018127 0.433527 -0.900958 10.240700 -0.093075 0.896462 0.433236 0.082000 0.000000 0.000000 0.000000 1.000000
0.995501 0.091652 0.024016 -2.376900 -0.018213 0.433860 -0.900796 10.240700 -0.092980 0.896307 0.433577 0.082000 0.000000 0.000000 0.000000 1.000000
0.995549 0.091147 0.023973 -2.376900 -0.018296 0.436439 -0.899548 10.240700 -0.092454 0.895105 0.436164 0.082000 0.000000 0.000000 0.000000 1.000000
0.995575 0.090874 0.023941 -2.376900 -0.018355 0.437891 -0.898841 10.240700 -0.092164 0.894424 0.437621 0.082000 0.000000 0.000000 0.000000 1.000000
0.995581 0.090820 0.023895 -2.376900 -0.018397 0.438127 -0.898725 10.240700 -0.092091 0.894313 0.437861 0.082000 0.000000 0.000000 0.000000 1.000000
0.995568 0.090998 0.023750 -2.376900 -0.018486 0.436950 -0.899296 10.240700 -0.092212 0.894871 0.436695 0.082000 0.000000 0.000000 0.000000 1.000000
0.995581 0.090816 0.023889 -2.376900 -0.018423 0.438342 -0.898620 10.240700 -0.092080 0.894209 0.438078 0.082000 0.000000 0.000000 0.000000 1.000000
0.995578 0.090843 0.023921 -2.376900 -0.018420 0.438475 -0.898555 10.240700 -0.092116 0.894141 0.438209 0.082000 0.000000 0.000000 0.000000 1.000000
0.995570 0.090926 0.023941 -2.376900 -0.018421 0.438314 -0.898633 10.240700 -0.092203 0.894211 0.438047 0.082000 0.000000 0.000000 0.000000 1.000000
0.995545 0.091200 0.023937 -2.376900 -0.018448 0.437364 -0.899095 10.240700 -0.092467 0.894648 0.437098 0.082000 0.000000 0.000000 0.000000 1.000000
0.995541 0.091233 0.023965 -2.376900 -0.018463 0.437612 -0.898974 10.240700 -0.092503 0.894523 0.437345 0.082000 0.000000 0.000000 0.000000 1.000000
0.995551 0.091114 0.024031 -2.376900 -0.018468 0.438754 -0.898417 10.240700 -0.092402 0.893976 0.438485 0.082000 0.000000 0.000000 0.000000 1.000000
0.995542 0.091218 0.023967 -2.376900 -0.018544 0.438467 -0.898556 10.240700 -0.092473 0.894106 0.438204 0.082000 0.000000 0.000000 0.000000 1.000000
0.995520 0.091479 0.023916 -2.376900 -0.018605 0.437507 -0.899022 10.240700 -0.092705 0.894550 0.437249 0.082000 0.000000 0.000000 0.000000 1.000000
0.995472 0.092028 0.023782 -2.376900 -0.018723 0.435154 -0.900161 10.240700 -0.093188 0.895641 0.434907 0.082000 0.000000 0.000000 0.000000 1.000000
0.995443 0.092390 0.023623 -2.376900 -0.018844 0.433409 -0.901000 10.240700 -0.093482 0.896449 0.433175 0.082000 0.000000 0.000000 0.000000 1.000000
0.995350 0.093449 0.023339 -2.376900 -0.019044 0.428461 -0.903360 10.240700 -0.094418 0.898715 0.428248 0.082000 0.000000 0.000000 0.000000 1.000000
0.995267 0.094391 0.023117 -2.376900 -0.019464 0.426670 -0.904198 10.240700 -0.095211 0.899468 0.426487 0.082000 0.000000 0.000000 0.000000 1.000000
0.995183 0.095321 0.022897 -2.376900 -0.019866 0.424808 -0.905065 10.240700 -0.095999 0.900251 0.424656 0.082000 0.000000 0.000000 0.000000 1.000000
0.995147 0.095713 0.022815 -2.376900 -0.019965 0.423476 -0.905687 10.240700 -0.096348 0.900837 0.423332 0.082000 0.000000 0.000000 0.000000 1.000000</float_array>
        <technique_common>
          <accessor source="#mixamorig_RightHandRing1-Matrix-animation-output-transform-array" count="71" stride="16">
            <param type="float4x4"/>
          </accessor>
        </technique_common>
      </source>
      <source id="mixamorig_RightHandRing1-Interpolations">
        <Name_array id="mixamorig_RightHandRing1-Interpolations-array" count="71">
 LINEAR LINEAR LINEAR LINEAR LINEAR LINEAR LINEAR LINEAR LINEAR LINEAR LINEAR
LINEAR LINEAR LINEAR LINEAR LINEAR LINEAR LINEAR LINEAR LINEAR LINEAR LINEAR LINEAR
LINEAR LINEAR LINEAR LINEAR LINEAR LINEAR LINEAR LINEAR LINEAR LINEAR LINEAR LINEAR
LINEAR LINEAR LINEAR LINEAR LINEAR LINEAR LINEAR LINEAR LINEAR LINEAR LINEAR LINEAR
LINEAR LINEAR LINEAR LINEAR LINEAR LINEAR LINEAR LINEAR LINEAR LINEAR LINEAR LINEAR
LINEAR LINEAR LINEAR LINEAR LINEAR LINEAR LINEAR LINEAR LINEAR LINEAR LINEAR LINEAR</Name_array>
        <technique_common>
          <accessor source="#mixamorig_RightHandRing1-Interpolations-array" count="71">
            <param type="name"/>
          </accessor>
        </technique_common>
      </source>
      <sampler id="mixamorig_RightHandRing1-Matrix-animation-transform">
        <input semantic="INPUT" source="#mixamorig_RightHandRing1-Matrix-animation-input"/>
        <input semantic="OUTPUT" source="#mixamorig_RightHandRing1-Matrix-animation-output-transform"/>
        <input semantic="INTERPOLATION" source="#mixamorig_RightHandRing1-Interpolations"/>
      </sampler>
      <channel source="#mixamorig_RightHandRing1-Matrix-animation-transform" target="mixamorig_RightHandRing1/matrix"/>
    </animation>
    <animation id="mixamorig_RightHandRing2-anim" name="mixamorig_RightHandRing2">
      <source id="mixamorig_RightHandRing2-Matrix-animation-input">
        <float_array id="mixamorig_RightHandRing2-Matrix-animation-input-array" count="71">

0.000000 0.033333 0.066667 0.100000 0.133333 0.166667 0.200000 0.233333 0.266667 0.300000 0.333333 0.366667 0.400000 0.433333 0.466667 0.500000
0.533333 0.566667 0.600000 0.633333 0.666667 0.700000 0.733333 0.766667 0.800000 0.833333 0.866667 0.900000 0.933333 0.966667 1.000000 1.033333
1.066667 1.100000 1.133333 1.166667 1.200000 1.233333 1.266667 1.300000 1.333333 1.366667 1.400000 1.433333 1.466667 1.500000 1.533333 1.566667
1.600000 1.633333 1.666667 1.700000 1.733333 1.766667 1.800000 1.833333 1.866667 1.900000 1.933333 1.966667 2.000000 2.033333 2.066667 2.100000
2.133333 2.166667 2.200000 2.233333 2.266667 2.300000 2.333333</float_array>
        <technique_common>
          <accessor source="#mixamorig_RightHandRing2-Matrix-animation-input-array" count="71">
            <param name="TIME" type="float"/>
          </accessor>
        </technique_common>
      </source>
      <source id="mixamorig_RightHandRing2-Matrix-animation-output-transform">
        <float_array id="mixamorig_RightHandRing2-Matrix-animation-output-transform-array" count="1136">

0.999545 -0.025474 0.016170 0.000000 0.029964 0.775095 -0.631134 5.419000 0.003544 0.631331 0.775505 0.000000 0.000000 0.000000 0.000000 1.000000
0.999545 -0.025473 0.016170 0.000000 0.029963 0.775095 -0.631134 5.419000 0.003544 0.631331 0.775505 0.000000 0.000000 0.000000 0.000000 1.000000
0.999545 -0.025474 0.016170 -0.000000 0.029964 0.775095 -0.631134 5.419000 0.003544 0.631331 0.775505 0.000000 0.000000 0.000000 0.000000 1.000000
0.999545 -0.025474 0.016170 -0.000000 0.029964 0.775095 -0.631134 5.419000 0.003544 0.631331 0.775505 0.000000 0.000000 0.000000 0.000000 1.000000
0.999545 -0.025474 0.016170 -0.000000 0.029963 0.775095 -0.631134 5.419000 0.003544 0.631331 0.775505 0.000000 0.000000 0.000000 0.000000 1.000000
0.999545 -0.025474 0.016170 0.000000 0.029964 0.775095 -0.631134 5.419000 0.003544 0.631331 0.775505 -0.000000 0.000000 0.000000 0.000000 1.000000
0.999545 -0.025474 0.016170 0.000000 0.029964 0.775095 -0.631134 5.419000 0.003544 0.631331 0.775505 0.000000 0.000000 0.000000 0.000000 1.000000
0.999545 -0.025474 0.016170 0.000000 0.029964 0.775095 -0.631134 5.419000 0.003544 0.631331 0.775505 0.000000 0.000000 0.000000 0.000000 1.000000
0.999545 -0.025474 0.016170 0.000000 0.029964 0.775095 -0.631134 5.419000 0.003544 0.631331 0.775505 0.000000 0.000000 0.000000 0.000000 1.000000
0.999545 -0.025474 0.016170 0.000000 0.029963 0.775095 -0.631134 5.419000 0.003544 0.631331 0.775505 0.000000 0.000000 0.000000 0.000000 1.000000
0.999545 -0.025476 0.016170 0.000000 0.029965 0.775103 -0.631124 5.419000 0.003545 0.631321 0.775514 -0.000000 0.000000 0.000000 0.000000 1.000000
0.999547 -0.025388 0.016187 0.000000 0.029906 0.774666 -0.631662 5.419000 0.003497 0.631860 0.775075 0.000000 0.000000 0.000000 0.000000 1.000000
0.999545 -0.025460 0.016173 0.000000 0.029954 0.775027 -0.631218 5.419000 0.003537 0.631415 0.775437 0.000000 0.000000 0.000000 0.000000 1.000000
0.999545 -0.025475 0.016170 -0.000000 0.029965 0.775103 -0.631124 5.419000 0.003545 0.631321 0.775513 0.000000 0.000000 0.000000 0.000000 1.000000
0.999545 -0.025471 0.016170 -0.000000 0.029962 0.775082 -0.631150 5.419000 0.003543 0.631347 0.775492 0.000000 0.000000 0.000000 0.000000 1.000000
0.999545 -0.025463 0.016172 0.000000 0.029956 0.775039 -0.631203 5.419000 0.003538 0.631401 0.775449 0.000000 0.000000 0.000000 0.000000 1.000000
0.999545 -0.025459 0.016173 0.000000 0.029954 0.775020 -0.631227 5.419000 0.003536 0.631424 0.775430 0.000000 0.000000 0.000000 0.000000 1.000000
0.999544 -0.025527 0.016159 0.000000 0.029999 0.775359 -0.630808 5.419000 0.003573 0.631005 0.775771 0.000000 0.000000 0.000000 0.000000 1.000000
0.999541 -0.025620 0.016140 0.000000 0.030063 0.775824 -0.630232 5.419000 0.003625 0.630429 0.776239 -0.000000 0.000000 0.000000 0.000000 1.000000
0.999543 -0.025549 0.016155 0.000000 0.030015 0.775470 -0.630671 5.419000 0.003586 0.630867 0.775882 -0.000000 0.000000 0.000000 0.000000 1.000000
0.999543 -0.025543 0.016156 -0.000000 0.030010 0.775436 -0.630712 5.419000 0.003582 0.630909 0.775849 -0.000000 0.000000 0.000000 0.000000 1.000000
0.999545 -0.025463 0.016172 0.000000 0.029956 0.775039 -0.631203 5.419000 0.003538 0.631400 0.775449 0.000000 0.000000 0.000000 0.000000 1.000000
0.999545 -0.025439 0.016177 -0.000000 0.029940 0.774923 -0.631346 5.419000 0.003525 0.631544 0.775332 0.000000 0.000000 0.000000 0.000000 1.000000
0.999546 -0.025435 0.016178 0.000000 0.029938 0.774904 -0.631370 5.419000 0.003523 0.631567 0.775313 0.000000 0.000000 0.000000 0.000000 1.000000
0.999545 -0.025446 0.016176 0.000000 0.029945 0.774953 -0.631309 5.419000 0.003529 0.631507 0.775362 0.000000 0.000000 0.000000 0.000000 1.000000
0.999544 -0.025511 0.016162 -0.000000 0.029988 0.775277 -0.630909 5.419000 0.003564 0.631106 0.775689 0.000000 0.000000 0.000000 0.000000 1.000000
0.999543 -0.025535 0.016158 -0.000000 0.030005 0.775398 -0.630759 5.419000 0.003578 0.630956 0.775810 0.000000 0.000000 0.000000 0.000000 1.000000
0.999545 -0.025461 0.016172 0.000000 0.029955 0.775035 -0.631208 5.419000 0.003537 0.631405 0.775445 -0.000000 0.000000 0.000000 0.000000 1.000000
0.999545 -0.025444 0.016176 0.000000 0.029944 0.774947 -0.631316 5.419000 0.003528 0.631514 0.775357 -0.000000 0.000000 0.000000 0.000000 1.000000
0.999544 -0.025501 0.016167 0.000000 0.029983 0.775236 -0.630960 5.419000 0.003557 0.631157 0.775647 0.000000 0.000000 0.000000 0.000000 1.000000
0.999542 -0.025601 0.016154 0.000000 0.030056 0.775754 -0.630320 5.419000 0.003605 0.630517 0.776167 0.000000 0.000000 0.000000 0.000000 1.000000
0.999543 -0.025530 0.016179 0.000000 0.030015 0.775427 -0.630723 5.419000 0.003556 0.630921 0.775839 0.000000 0.000000 0.000000 0.000000 1.000000
0.999545 -0.025433 0.016212 -0.000000 0.029958 0.774976 -0.631281 5.419000 0.003491 0.631479 0.775385 0.000000 0.000000 0.000000 0.000000 1.000000
0.999544 -0.025491 0.016215 -0.000000 0.030007 0.775304 -0.630875 5.419000 0.003510 0.631074 0.775715 0.000000 0.000000 0.000000 0.000000 1.000000
0.999545 -0.025417 0.016246 0.000000 0.029967 0.774980 -0.631275 5.419000 0.003455 0.631475 0.775389 -0.000000 0.000000 0.000000 0.000000 1.000000
0.999543 -0.025474 0.016251 -0.000000 0.030016 0.775300 -0.630880 5.419000 0.003472 0.631080 0.775710 0.000000 0.000000 0.000000 0.000000 1.000000
0.999541 -0.025548 0.016252 -0.000000 0.030076 0.775709 -0.630374 5.419000 0.003498 0.630574 0.776121 -0.000000 0.000000 0.000000 0.000000 1.000000
0.999543 -0.025457 0.016285 0.000000 0.030024 0.775295 -0.630885 5.419000 0.003435 0.631086 0.775705 0.000000 0.000000 0.000000 0.000000 1.000000
0.999543 -0.025442 0.016301 0.000000 0.030022 0.775253 -0.630937 5.419000 0.003415 0.631138 0.775663 0.000000 0.000000 0.000000 0.000000 1.000000
0.999543 -0.025442 0.016312 0.000000 0.030029 0.775280 -0.630904 5.419000 0.003405 0.631105 0.775690 0.000000 0.000000 0.000000 0.000000 1.000000
0.999543 -0.025441 0.016320 0.000000 0.030034 0.775295 -0.630885 5.419000 0.003398 0.631087 0.775705 0.000000 0.000000 0.000000 0.000000 1.000000
0.999545 -0.025360 0.016340 -0.000000 0.029982 0.774903 -0.631368 5.419000 0.003350 0.631571 0.775311 0.000000 0.000000 0.000000 0.000000 1.000000
0.999543 -0.025434 0.016324 0.000000 0.030031 0.775270 -0.630916 5.419000 0.003391 0.631118 0.775679 0.000000 0.000000 0.000000 0.000000 1.000000
0.999542 -0.025508 0.016304 -0.000000 0.030078 0.775624 -0.630478 5.419000 0.003437 0.630680 0.776036 -0.000000 0.000000 0.000000 0.000000 1.000000
0.999542 -0.025503 0.016293 0.000000 0.030067 0.775571 -0.630544 5.419000 0.003444 0.630745 0.775982 0.000000 0.000000 0.000000 0.000000 1.000000
0.999539 -0.025670 0.016242 0.000000 0.030168 0.776354 -0.629574 5.419000 0.003552 0.629774 0.776771 0.000000 0.000000 0.000000 0.000000 1.000000
0.999538 -0.025700 0.016211 -0.000000 0.030172 0.776435 -0.629475 5.419000 0.003591 0.629673 0.776852 0.000000 0.000000 0.000000 0.000000 1.000000
0.999540 -0.025647 0.016171 0.000000 0.030104 0.776046 -0.629957 5.419000 0.003607 0.630154 0.776461 -0.000000 0.000000 0.000000 0.000000 1.000000
0.999540 -0.025669 0.016133 0.000000 0.030097 0.776070 -0.629929 5.419000 0.003649 0.630125 0.776485 -0.000000 0.000000 0.000000 0.000000 1.000000
0.999542 -0.025591 0.016122 -0.000000 0.030027 0.775615 -0.630492 5.419000 0.003630 0.630687 0.776029 -0.000000 0.000000 0.000000 0.000000 1.000000
0.999543 -0.025593 0.016103 0.000000 0.030016 0.775575 -0.630541 5.419000 0.003648 0.630736 0.775989 0.000000 0.000000 0.000000 0.000000 1.000000
0.999539 -0.025747 0.016059 0.000000 0.030113 0.776312 -0.629630 5.419000 0.003745 0.629823 0.776729 0.000000 0.000000 0.000000 0.000000 1.000000
0.999542 -0.025623 0.016076 0.000000 0.030023 0.775671 -0.630423 5.419000 0.003683 0.630617 0.776086 0.000000 0.000000 0.000000 0.000000 1.000000
0.999543 -0.025587 0.016079 0.000000 0.029996 0.775484 -0.630655 5.419000 0.003667 0.630849 0.775897 0.000000 0.000000 0.000000 0.000000 1.000000
0.999539 -0.025772 0.016041 0.000000 0.030122 0.776403 -0.629517 5.419000 0.003770 0.629710 0.776821 0.000000 0.000000 0.000000 0.000000 1.000000
0.999541 -0.025697 0.016058 0.000000 0.030072 0.776035 -0.629973 5.419000 0.003727 0.630166 0.776451 0.000000 0.000000 0.000000 0.000000 1.000000
0.999540 -0.025750 0.016050 0.000000 0.030110 0.776306 -0.629637 5.419000 0.003753 0.629830 0.776724 -0.000000 0.000000 0.000000 0.000000 1.000000
0.999541 -0.025694 0.016065 -0.000000 0.030074 0.776032 -0.629976 5.419000 0.003719 0.630169 0.776449 0.000000 0.000000 0.000000 0.000000 1.000000
0.999541 -0.025667 0.016073 0.000000 0.030057 0.775909 -0.630128 5.419000 0.003703 0.630322 0.776325 -0.000000 0.000000 0.000000 0.000000 1.000000
0.999539 -0.025758 0.016056 0.000000 0.030120 0.776364 -0.629564 5.419000 0.003752 0.629758 0.776782 0.000000 0.000000 0.000000 0.000000 1.000000
0.999541 -0.025701 0.016066 0.000000 0.030080 0.776077 -0.629920 5.419000 0.003722 0.630114 0.776494 0.000000 0.000000 0.000000 0.000000 1.000000
0.999543 -0.025596 0.016082 0.000000 0.030005 0.775543 -0.630581 5.419000 0.003668 0.630776 0.775956 0.000000 0.000000 0.000000 0.000000 1.000000
0.999543 -0.025593 0.016083 -0.000000 0.030003 0.775523 -0.630606 5.419000 0.003666 0.630800 0.775937 -0.000000 0.000000 0.000000 0.000000 1.000000
0.999542 -0.025656 0.016070 0.000000 0.030046 0.775841 -0.630213 5.419000 0.003701 0.630407 0.776256 0.000000 0.000000 0.000000 0.000000 1.000000
0.999541 -0.025679 0.016065 0.000000 0.030061 0.775951 -0.630077 5.419000 0.003714 0.630271 0.776367 0.000000 0.000000 0.000000 0.000000 1.000000
0.999543 -0.025609 0.016079 0.000000 0.030014 0.775604 -0.630506 5.419000 0.003675 0.630700 0.776018 0.000000 0.000000 0.000000 0.000000 1.000000
0.999543 -0.025593 0.016082 -0.000000 0.030003 0.775524 -0.630605 5.419000 0.003666 0.630799 0.775938 -0.000000 0.000000 0.000000 0.000000 1.000000
0.999545 -0.025519 0.016097 0.000000 0.029953 0.775163 -0.631051 5.419000 0.003626 0.631245 0.775575 0.000000 0.000000 0.000000 0.000000 1.000000
0.999545 -0.025505 0.016100 0.000000 0.029944 0.775091 -0.631140 5.419000 0.003618 0.631335 0.775502 0.000000 0.000000 0.000000 0.000000 1.000000
0.999545 -0.025506 0.016100 0.000000 0.029944 0.775091 -0.631140 5.419000 0.003618 0.631335 0.775502 0.000000 0.000000 0.000000 0.000000 1.000000
0.999545 -0.025506 0.016100 0.000000 0.029944 0.775091 -0.631140 5.419000 0.003619 0.631335 0.775502 0.000000 0.000000 0.000000 0.000000 1.000000</float_array>
        <technique_common>
          <accessor source="#mixamorig_RightHandRing2-Matrix-animation-output-transform-array" count="71" stride="16">
            <param type="float4x4"/>
          </accessor>
        </technique_common>
      </source>
      <source id="mixamorig_RightHandRing2-Interpolations">
        <Name_array id="mixamorig_RightHandRing2-Interpolations-array" count="71">
 LINEAR LINEAR LINEAR LINEAR LINEAR LINEAR LINEAR LINEAR LINEAR LINEAR LINEAR
LINEAR LINEAR LINEAR LINEAR LINEAR LINEAR LINEAR LINEAR LINEAR LINEAR LINEAR LINEAR
LINEAR LINEAR LINEAR LINEAR LINEAR LINEAR LINEAR LINEAR LINEAR LINEAR LINEAR LINEAR
LINEAR LINEAR LINEAR LINEAR LINEAR LINEAR LINEAR LINEAR LINEAR LINEAR LINEAR LINEAR
LINEAR LINEAR LINEAR LINEAR LINEAR LINEAR LINEAR LINEAR LINEAR LINEAR LINEAR LINEAR
LINEAR LINEAR LINEAR LINEAR LINEAR LINEAR LINEAR LINEAR LINEAR LINEAR LINEAR LINEAR</Name_array>
        <technique_common>
          <accessor source="#mixamorig_RightHandRing2-Interpolations-array" count="71">
            <param type="name"/>
          </accessor>
        </technique_common>
      </source>
      <sampler id="mixamorig_RightHandRing2-Matrix-animation-transform">
        <input semantic="INPUT" source="#mixamorig_RightHandRing2-Matrix-animation-input"/>
        <input semantic="OUTPUT" source="#mixamorig_RightHandRing2-Matrix-animation-output-transform"/>
        <input semantic="INTERPOLATION" source="#mixamorig_RightHandRing2-Interpolations"/>
      </sampler>
      <channel source="#mixamorig_RightHandRing2-Matrix-animation-transform" target="mixamorig_RightHandRing2/matrix"/>
    </animation>
    <animation id="mixamorig_RightHandRing3-anim" name="mixamorig_RightHandRing3">
      <source id="mixamorig_RightHandRing3-Matrix-animation-input">
        <float_array id="mixamorig_RightHandRing3-Matrix-animation-input-array" count="71">

0.000000 0.033333 0.066667 0.100000 0.133333 0.166667 0.200000 0.233333 0.266667 0.300000 0.333333 0.366667 0.400000 0.433333 0.466667 0.500000
0.533333 0.566667 0.600000 0.633333 0.666667 0.700000 0.733333 0.766667 0.800000 0.833333 0.866667 0.900000 0.933333 0.966667 1.000000 1.033333
1.066667 1.100000 1.133333 1.166667 1.200000 1.233333 1.266667 1.300000 1.333333 1.366667 1.400000 1.433333 1.466667 1.500000 1.533333 1.566667
1.600000 1.633333 1.666667 1.700000 1.733333 1.766667 1.800000 1.833333 1.866667 1.900000 1.933333 1.966667 2.000000 2.033333 2.066667 2.100000
2.133333 2.166667 2.200000 2.233333 2.266667 2.300000 2.333333</float_array>
        <technique_common>
          <accessor source="#mixamorig_RightHandRing3-Matrix-animation-input-array" count="71">
            <param name="TIME" type="float"/>
          </accessor>
        </technique_common>
      </source>
      <source id="mixamorig_RightHandRing3-Matrix-animation-output-transform">
        <float_array id="mixamorig_RightHandRing3-Matrix-animation-output-transform-array" count="1136">

1.000000 0.000000 0.000000 0.000000 -0.000000 1.000000 0.000000 3.728000 -0.000000 -0.000000 1.000000 0.000000 0.000000 0.000000 0.000000 1.000000
1.000000 -0.000000 -0.000000 0.000000 0.000000 1.000000 -0.000000 3.728000 0.000000 0.000000 1.000000 0.000000 0.000000 0.000000 0.000000 1.000000
1.000000 -0.000000 -0.000000 0.000000 0.000000 1.000000 -0.000000 3.728000 0.000000 0.000000 1.000000 -0.000000 0.000000 0.000000 0.000000 1.000000
1.000000 0.000000 -0.000000 0.000000 -0.000000 1.000000 0.000000 3.728000 0.000000 -0.000000 1.000000 0.000000 0.000000 0.000000 0.000000 1.000000
1.000000 -0.000000 -0.000000 0.000000 0.000000 1.000000 -0.000000 3.728000 -0.000000 0.000000 1.000000 -0.000000 0.000000 0.000000 0.000000 1.000000
1.000000 -0.000000 0.000000 -0.000000 0.000000 1.000000 -0.000000 3.728000 -0.000000 0.000000 1.000000 -0.000000 0.000000 0.000000 0.000000 1.000000
1.000000 -0.000000 -0.000000 0.000000 0.000000 1.000000 -0.000000 3.728000 0.000000 0.000000 1.000000 0.000000 0.000000 0.000000 0.000000 1.000000
1.000000 -0.000000 -0.000000 -0.000000 0.000000 1.000000 -0.000000 3.728000 0.000000 0.000000 1.000000 0.000000 0.000000 0.000000 0.000000 1.000000
1.000000 0.000000 0.000000 0.000000 -0.000000 1.000000 -0.000000 3.728000 -0.000000 0.000000 1.000000 -0.000000 0.000000 0.000000 0.000000 1.000000
1.000000 -0.000000 0.000000 0.000000 0.000000 1.000000 -0.000000 3.728000 -0.000000 0.000000 1.000000 0.000000 0.000000 0.000000 0.000000 1.000000
1.000000 -0.000000 -0.000000 0.000000 0.000000 1.000000 -0.000000 3.728000 0.000000 0.000000 1.000000 0.000000 0.000000 0.000000 0.000000 1.000000
1.000000 -0.000000 -0.000000 0.000000 0.000000 1.000000 -0.000000 3.728000 0.000000 0.000000 1.000000 -0.000000 0.000000 0.000000 0.000000 1.000000
1.000000 -0.000000 0.000000 0.000000 0.000000 1.000000 -0.000000 3.728000 -0.000000 0.000000 1.000000 0.000000 0.000000 0.000000 0.000000 1.000000
1.000000 -0.000000 -0.000000 0.000000 0.000000 1.000000 -0.000000 3.728000 0.000000 0.000000 1.000000 0.000000 0.000000 0.000000 0.000000 1.000000
1.000000 0.000000 -0.000000 0.000000 -0.000000 1.000000 -0.000000 3.728000 0.000000 0.000000 1.000000 0.000000 0.000000 0.000000 0.000000 1.000000
1.000000 0.000000 -0.000000 0.000000 -0.000000 1.000000 -0.000000 3.728000 0.000000 0.000000 1.000000 -0.000000 0.000000 0.000000 0.000000 1.000000
1.000000 0.000000 -0.000000 0.000000 -0.000000 1.000000 -0.000000 3.728000 0.000000 0.000000 1.000000 0.000000 0.000000 0.000000 0.000000 1.000000
1.000000 -0.000000 -0.000000 0.000000 0.000000 1.000000 -0.000000 3.728000 -0.000000 0.000000 1.000000 -0.000000 0.000000 0.000000 0.000000 1.000000
1.000000 -0.000000 0.000000 0.000000 0.000000 1.000000 -0.000000 3.728000 0.000000 0.000000 1.000000 0.000000 0.000000 0.000000 0.000000 1.000000
1.000000 -0.000000 -0.000000 0.000000 0.000000 1.000000 -0.000000 3.728000 0.000000 0.000000 1.000000 0.000000 0.000000 0.000000 0.000000 1.000000
1.000000 0.000000 0.000000 -0.000000 -0.000000 1.000000 0.000000 3.728000 -0.000000 -0.000000 1.000000 0.000000 0.000000 0.000000 0.000000 1.000000
1.000000 -0.000000 0.000000 0.000000 0.000000 1.000000 -0.000000 3.728000 -0.000000 0.000000 1.000000 0.000000 0.000000 0.000000 0.000000 1.000000
1.000000 -0.000000 0.000000 -0.000000 0.000000 1.000000 -0.000000 3.728000 0.000000 0.000000 1.000000 0.000000 0.000000 0.000000 0.000000 1.000000
1.000000 -0.000000 -0.000000 0.000000 0.000000 1.000000 -0.000000 3.728000 0.000000 0.000000 1.000000 0.000000 0.000000 0.000000 0.000000 1.000000
1.000000 -0.000000 -0.000000 0.000000 0.000000 1.000000 -0.000000 3.728000 0.000000 0.000000 1.000000 0.000000 0.000000 0.000000 0.000000 1.000000
1.000000 -0.000000 0.000000 -0.000000 0.000000 1.000000 -0.000000 3.728000 -0.000000 0.000000 1.000000 -0.000000 0.000000 0.000000 0.000000 1.000000
1.000000 -0.000000 -0.000000 -0.000000 0.000000 1.000000 -0.000000 3.728000 0.000000 0.000000 1.000000 0.000000 0.000000 0.000000 0.000000 1.000000
1.000000 -0.000000 -0.000000 0.000000 0.000000 1.000000 -0.000000 3.728000 0.000000 0.000000 1.000000 0.000000 0.000000 0.000000 0.000000 1.000000
1.000000 -0.000000 -0.000000 0.000000 0.000000 1.000000 -0.000000 3.728000 0.000000 0.000000 1.000000 0.000000 0.000000 0.000000 0.000000 1.000000
1.000000 -0.000000 -0.000000 0.000000 0.000000 1.000000 -0.000000 3.728000 0.000000 0.000000 1.000000 0.000000 0.000000 0.000000 0.000000 1.000000
1.000000 -0.000000 0.000000 -0.000000 0.000000 1.000000 -0.000000 3.728000 0.000000 0.000000 1.000000 0.000000 0.000000 0.000000 0.000000 1.000000
1.000000 -0.000000 -0.000000 0.000000 0.000000 1.000000 -0.000000 3.728000 0.000000 0.000000 1.000000 0.000000 0.000000 0.000000 0.000000 1.000000
1.000000 -0.000000 -0.000000 0.000000 0.000000 1.000000 -0.000000 3.728000 0.000000 0.000000 1.000000 -0.000000 0.000000 0.000000 0.000000 1.000000
1.000000 -0.000000 -0.000000 0.000000 0.000000 1.000000 -0.000000 3.728000 0.000000 0.000000 1.000000 0.000000 0.000000 0.000000 0.000000 1.000000
1.000000 -0.000000 -0.000000 0.000000 0.000000 1.000000 -0.000000 3.728000 0.000000 0.000000 1.000000 0.000000 0.000000 0.000000 0.000000 1.000000
1.000000 -0.000000 0.000000 0.000000 0.000000 1.000000 0.000000 3.728000 -0.000000 -0.000000 1.000000 0.000000 0.000000 0.000000 0.000000 1.000000
1.000000 -0.000000 -0.000000 0.000000 0.000000 1.000000 -0.000000 3.728000 0.000000 0.000000 1.000000 0.000000 0.000000 0.000000 0.000000 1.000000
1.000000 -0.000000 0.000000 -0.000000 0.000000 1.000000 -0.000000 3.728000 -0.000000 0.000000 1.000000 0.000000 0.000000 0.000000 0.000000 1.000000
1.000000 -0.000000 0.000000 0.000000 0.000000 1.000000 -0.000000 3.728000 0.000000 0.000000 1.000000 -0.000000 0.000000 0.000000 0.000000 1.000000
1.000000 -0.000000 -0.000000 -0.000000 0.000000 1.000000 -0.000000 3.728000 0.000000 0.000000 1.000000 0.000000 0.000000 0.000000 0.000000 1.000000
1.000000 -0.000000 0.000000 0.000000 0.000000 1.000000 -0.000000 3.728000 0.000000 0.000000 1.000000 0.000000 0.000000 0.000000 0.000000 1.000000
1.000000 -0.000000 -0.000000 0.000000 0.000000 1.000000 -0.000000 3.728000 0.000000 0.000000 1.000000 -0.000000 0.000000 0.000000 0.000000 1.000000
1.000000 -0.000000 -0.000000 -0.000000 0.000000 1.000000 -0.000000 3.728000 0.000000 0.000000 1.000000 0.000000 0.000000 0.000000 0.000000 1.000000
1.000000 -0.000000 0.000000 -0.000000 0.000000 1.000000 -0.000000 3.728000 -0.000000 0.000000 1.000000 -0.000000 0.000000 0.000000 0.000000 1.000000
1.000000 -0.000000 0.000000 0.000000 0.000000 1.000000 -0.000000 3.728000 -0.000000 0.000000 1.000000 0.000000 0.000000 0.000000 0.000000 1.000000
1.000000 -0.000000 -0.000000 0.000000 0.000000 1.000000 -0.000000 3.728000 0.000000 0.000000 1.000000 -0.000000 0.000000 0.000000 0.000000 1.000000
1.000000 -0.000000 -0.000000 0.000000 0.000000 1.000000 -0.000000 3.728000 0.000000 0.000000 1.000000 0.000000 0.000000 0.000000 0.000000 1.000000
1.000000 0.000000 -0.000000 0.000000 -0.000000 1.000000 0.000000 3.728000 0.000000 -0.000000 1.000000 0.000000 0.000000 0.000000 0.000000 1.000000
1.000000 -0.000000 -0.000000 0.000000 0.000000 1.000000 -0.000000 3.728000 0.000000 0.000000 1.000000 0.000000 0.000000 0.000000 0.000000 1.000000
1.000000 -0.000000 -0.000000 0.000000 0.000000 1.000000 -0.000000 3.728000 0.000000 0.000000 1.000000 0.000000 0.000000 0.000000 0.000000 1.000000
1.000000 0.000000 -0.000000 -0.000000 -0.000000 1.000000 -0.000000 3.728000 0.000000 0.000000 1.000000 -0.000000 0.000000 0.000000 0.000000 1.000000
1.000000 0.000000 -0.000000 0.000000 -0.000000 1.000000 -0.000000 3.728000 0.000000 0.000000 1.000000 -0.000000 0.000000 0.000000 0.000000 1.000000
1.000000 -0.000000 0.000000 0.000000 0.000000 1.000000 -0.000000 3.728000 -0.000000 0.000000 1.000000 0.000000 0.000000 0.000000 0.000000 1.000000
1.000000 -0.000000 -0.000000 0.000000 0.000000 1.000000 -0.000000 3.728000 0.000000 0.000000 1.000000 0.000000 0.000000 0.000000 0.000000 1.000000
1.000000 0.000000 -0.000000 0.000000 -0.000000 1.000000 0.000000 3.728000 0.000000 -0.000000 1.000000 0.000000 0.000000 0.000000 0.000000 1.000000
1.000000 -0.000000 0.000000 0.000000 0.000000 1.000000 -0.000000 3.728000 0.000000 0.000000 1.000000 0.000000 0.000000 0.000000 0.000000 1.000000
1.000000 -0.000000 0.000000 0.000000 0.000000 1.000000 -0.000000 3.728000 0.000000 0.000000 1.000000 -0.000000 0.000000 0.000000 0.000000 1.000000
1.000000 -0.000000 -0.000000 0.000000 0.000000 1.000000 -0.000000 3.728000 0.000000 0.000000 1.000000 0.000000 0.000000 0.000000 0.000000 1.000000
1.000000 -0.000000 0.000000 0.000000 0.000000 1.000000 -0.000000 3.728000 -0.000000 0.000000 1.000000 -0.000000 0.000000 0.000000 0.000000 1.000000
1.000000 -0.000000 0.000000 0.000000 0.000000 1.000000 -0.000000 3.728000 -0.000000 0.000000 1.000000 0.000000 0.000000 0.000000 0.000000 1.000000
1.000000 -0.000000 0.000000 0.000000 0.000000 1.000000 -0.000000 3.728000 -0.000000 0.000000 1.000000 0.000000 0.000000 0.000000 0.000000 1.000000
1.000000 -0.000000 -0.000000 0.000000 0.000000 1.000000 -0.000000 3.728000 -0.000000 0.000000 1.000000 0.000000 0.000000 0.000000 0.000000 1.000000
1.000000 -0.000000 -0.000000 0.000000 0.000000 1.000000 -0.000000 3.728000 0.000000 0.000000 1.000000 0.000000 0.000000 0.000000 0.000000 1.000000
1.000000 -0.000000 0.000000 0.000000 0.000000 1.000000 -0.000000 3.728000 0.000000 0.000000 1.000000 0.000000 0.000000 0.000000 0.000000 1.000000
1.000000 -0.000000 0.000000 0.000000 0.000000 1.000000 -0.000000 3.728000 -0.000000 0.000000 1.000000 -0.000000 0.000000 0.000000 0.000000 1.000000
1.000000 -0.000000 0.000000 0.000000 0.000000 1.000000 0.000000 3.728000 -0.000000 -0.000000 1.000000 0.000000 0.000000 0.000000 0.000000 1.000000
1.000000 0.000000 0.000000 0.000000 -0.000000 1.000000 -0.000000 3.728000 -0.000000 0.000000 1.000000 -0.000000 0.000000 0.000000 0.000000 1.000000
1.000000 -0.000000 -0.000000 0.000000 0.000000 1.000000 0.000000 3.728000 0.000000 -0.000000 1.000000 0.000000 0.000000 0.000000 0.000000 1.000000
1.000000 0.000000 -0.000000 0.000000 -0.000000 1.000000 0.000000 3.728000 0.000000 -0.000000 1.000000 0.000000 0.000000 0.000000 0.000000 1.000000
1.000000 -0.000000 -0.000000 0.000000 0.000000 1.000000 -0.000000 3.728000 -0.000000 0.000000 1.000000 0.000000 0.000000 0.000000 0.000000 1.000000
1.000000 -0.000000 0.000000 0.000000 0.000000 1.000000 -0.000000 3.728000 -0.000000 0.000000 1.000000 0.000000 0.000000 0.000000 0.000000 1.000000</float_array>
        <technique_common>
          <accessor source="#mixamorig_RightHandRing3-Matrix-animation-output-transform-array" count="71" stride="16">
            <param type="float4x4"/>
          </accessor>
        </technique_common>
      </source>
      <source id="mixamorig_RightHandRing3-Interpolations">
        <Name_array id="mixamorig_RightHandRing3-Interpolations-array" count="71">
 LINEAR LINEAR LINEAR LINEAR LINEAR LINEAR LINEAR LINEAR LINEAR LINEAR LINEAR
LINEAR LINEAR LINEAR LINEAR LINEAR LINEAR LINEAR LINEAR LINEAR LINEAR LINEAR LINEAR
LINEAR LINEAR LINEAR LINEAR LINEAR LINEAR LINEAR LINEAR LINEAR LINEAR LINEAR LINEAR
LINEAR LINEAR LINEAR LINEAR LINEAR LINEAR LINEAR LINEAR LINEAR LINEAR LINEAR LINEAR
LINEAR LINEAR LINEAR LINEAR LINEAR LINEAR LINEAR LINEAR LINEAR LINEAR LINEAR LINEAR
LINEAR LINEAR LINEAR LINEAR LINEAR LINEAR LINEAR LINEAR LINEAR LINEAR LINEAR LINEAR</Name_array>
        <technique_common>
          <accessor source="#mixamorig_RightHandRing3-Interpolations-array" count="71">
            <param type="name"/>
          </accessor>
        </technique_common>
      </source>
      <sampler id="mixamorig_RightHandRing3-Matrix-animation-transform">
        <input semantic="INPUT" source="#mixamorig_RightHandRing3-Matrix-animation-input"/>
        <input semantic="OUTPUT" source="#mixamorig_RightHandRing3-Matrix-animation-output-transform"/>
        <input semantic="INTERPOLATION" source="#mixamorig_RightHandRing3-Interpolations"/>
      </sampler>
      <channel source="#mixamorig_RightHandRing3-Matrix-animation-transform" target="mixamorig_RightHandRing3/matrix"/>
    </animation>
    <animation id="mixamorig_RightHandPinky1-anim" name="mixamorig_RightHandPinky1">
      <source id="mixamorig_RightHandPinky1-Matrix-animation-input">
        <float_array id="mixamorig_RightHandPinky1-Matrix-animation-input-array" count="71">

0.000000 0.033333 0.066667 0.100000 0.133333 0.166667 0.200000 0.233333 0.266667 0.300000 0.333333 0.366667 0.400000 0.433333 0.466667 0.500000
0.533333 0.566667 0.600000 0.633333 0.666667 0.700000 0.733333 0.766667 0.800000 0.833333 0.866667 0.900000 0.933333 0.966667 1.000000 1.033333
1.066667 1.100000 1.133333 1.166667 1.200000 1.233333 1.266667 1.300000 1.333333 1.366667 1.400000 1.433333 1.466667 1.500000 1.533333 1.566667
1.600000 1.633333 1.666667 1.700000 1.733333 1.766667 1.800000 1.833333 1.866667 1.900000 1.933333 1.966667 2.000000 2.033333 2.066667 2.100000
2.133333 2.166667 2.200000 2.233333 2.266667 2.300000 2.333333</float_array>
        <technique_common>
          <accessor source="#mixamorig_RightHandPinky1-Matrix-animation-input-array" count="71">
            <param name="TIME" type="float"/>
          </accessor>
        </technique_common>
      </source>
      <source id="mixamorig_RightHandPinky1-Matrix-animation-output-transform">
        <float_array id="mixamorig_RightHandPinky1-Matrix-animation-output-transform-array" count="1136">

0.909765 0.133860 0.392948 -4.481200 0.293522 0.461937 -0.836934 9.820200 -0.293550 0.876753 0.380963 0.246000 0.000000 0.000000 0.000000 1.000000
0.909772 0.133691 0.392990 -4.481200 0.293547 0.462180 -0.836791 9.820200 -0.293503 0.876651 0.381234 0.246000 0.000000 0.000000 0.000000 1.000000
0.909790 0.133264 0.393093 -4.481200 0.293608 0.462792 -0.836431 9.820200 -0.293387 0.876392 0.381917 0.246000 0.000000 0.000000 0.000000 1.000000
0.909806 0.132884 0.393185 -4.481200 0.293662 0.463338 -0.836110 9.820200 -0.293284 0.876162 0.382524 0.246000 0.000000 0.000000 0.000000 1.000000
0.909847 0.133228 0.392974 -4.481200 0.293782 0.461989 -0.836814 9.820200 -0.293037 0.876822 0.381200 0.246000 0.000000 0.000000 0.000000 1.000000
0.909859 0.133200 0.392955 -4.481200 0.293760 0.462033 -0.836798 9.820200 -0.293020 0.876803 0.381256 0.246000 0.000000 0.000000 0.000000 1.000000
0.909850 0.132892 0.393082 -4.481200 0.293643 0.463103 -0.836247 9.820200 -0.293168 0.876285 0.382331 0.246000 0.000000 0.000000 0.000000 1.000000
0.909861 0.132815 0.393083 -4.481200 0.293588 0.463360 -0.836124 9.820200 -0.293189 0.876161 0.382600 0.246000 0.000000 0.000000 0.000000 1.000000
0.909839 0.132385 0.393278 -4.481200 0.293448 0.464831 -0.835356 9.820200 -0.293396 0.875446 0.384074 0.246000 0.000000 0.000000 0.000000 1.000000
0.909825 0.132085 0.393410 -4.481200 0.293376 0.465768 -0.834860 9.820200 -0.293510 0.874994 0.385016 0.246000 0.000000 0.000000 0.000000 1.000000
0.909795 0.131679 0.393617 -4.481200 0.293325 0.466978 -0.834202 9.820200 -0.293657 0.874410 0.386229 0.246000 0.000000 0.000000 0.000000 1.000000
0.909779 0.131461 0.393727 -4.481200 0.293445 0.467181 -0.834046 9.820200 -0.293587 0.874334 0.386455 0.246000 0.000000 0.000000 0.000000 1.000000
0.909687 0.131305 0.393991 -4.481200 0.293823 0.466962 -0.834035 9.820200 -0.293492 0.874474 0.386209 0.246000 0.000000 0.000000 0.000000 1.000000
0.909633 0.130916 0.394245 -4.481200 0.293841 0.468073 -0.833406 9.820200 -0.293641 0.873939 0.387306 0.246000 0.000000 0.000000 0.000000 1.000000
0.909467 0.131113 0.394562 -4.481200 0.294296 0.467347 -0.833652 9.820200 -0.293700 0.874297 0.386451 0.246000 0.000000 0.000000 0.000000 1.000000
0.909521 0.131065 0.394454 -4.481200 0.294155 0.467529 -0.833600 9.820200 -0.293674 0.874208 0.386674 0.246000 0.000000 0.000000 0.000000 1.000000
0.909649 0.130959 0.394194 -4.481200 0.293826 0.467926 -0.833494 9.820200 -0.293607 0.874011 0.387169 0.246000 0.000000 0.000000 0.000000 1.000000
0.909682 0.131233 0.394025 -4.481200 0.293854 0.467052 -0.833974 9.820200 -0.293475 0.874437 0.386306 0.246000 0.000000 0.000000 0.000000 1.000000
0.909725 0.131675 0.393779 -4.481200 0.293896 0.465722 -0.834702 9.820200 -0.293301 0.875080 0.384981 0.246000 0.000000 0.000000 0.000000 1.000000
0.909770 0.132190 0.393503 -4.481200 0.293940 0.464213 -0.835527 9.820200 -0.293117 0.875804 0.383471 0.246000 0.000000 0.000000 0.000000 1.000000
0.909815 0.132399 0.393329 -4.481200 0.293797 0.463912 -0.835744 9.820200 -0.293122 0.875932 0.383176 0.246000 0.000000 0.000000 0.000000 1.000000
0.909899 0.132819 0.392993 -4.481200 0.293355 0.463806 -0.835959 9.820200 -0.293303 0.875924 0.383053 0.246000 0.000000 0.000000 0.000000 1.000000
0.909835 0.133274 0.392987 -4.481200 0.293366 0.463215 -0.836283 9.820200 -0.293492 0.876168 0.382351 0.246000 0.000000 0.000000 0.000000 1.000000
0.909819 0.133229 0.393040 -4.481200 0.293168 0.464002 -0.835916 9.820200 -0.293739 0.875758 0.383099 0.246000 0.000000 0.000000 0.000000 1.000000
0.909872 0.132467 0.393173 -4.481200 0.292111 0.468423 -0.833817 9.820200 -0.294624 0.873517 0.387510 0.246000 0.000000 0.000000 0.000000 1.000000
0.909910 0.131087 0.393548 -4.481200 0.290791 0.475006 -0.830548 9.820200 -0.295812 0.870164 0.394093 0.246000 0.000000 0.000000 0.000000 1.000000
0.909891 0.129939 0.393972 -4.481200 0.290518 0.478342 -0.828727 9.820200 -0.296137 0.868507 0.397490 0.246000 0.000000 0.000000 0.000000 1.000000
0.909818 0.129719 0.394214 -4.481200 0.291502 0.476368 -0.829518 9.820200 -0.295395 0.869624 0.395595 0.246000 0.000000 0.000000 0.000000 1.000000
0.909711 0.129889 0.394404 -4.481200 0.292436 0.473918 -0.830592 9.820200 -0.294800 0.870937 0.393144 0.246000 0.000000 0.000000 0.000000 1.000000
0.909669 0.129892 0.394499 -4.481200 0.292863 0.472910 -0.831016 9.820200 -0.294505 0.871484 0.392151 0.246000 0.000000 0.000000 0.000000 1.000000
0.909621 0.129939 0.394594 -4.481200 0.293386 0.471559 -0.831599 9.820200 -0.294132 0.872208 0.390818 0.246000 0.000000 0.000000 0.000000 1.000000
0.909695 0.129646 0.394520 -4.481200 0.293204 0.472254 -0.831269 9.820200 -0.294084 0.871876 0.391595 0.246000 0.000000 0.000000 0.000000 1.000000
0.909759 0.129800 0.394323 -4.481200 0.293115 0.471794 -0.831561 9.820200 -0.293976 0.872102 0.391173 0.246000 0.000000 0.000000 0.000000 1.000000
0.909766 0.129997 0.394241 -4.481200 0.293111 0.471346 -0.831817 9.820200 -0.293958 0.872315 0.390711 0.246000 0.000000 0.000000 0.000000 1.000000
0.909801 0.130135 0.394115 -4.481200 0.292908 0.471441 -0.831834 9.820200 -0.294053 0.872243 0.390800 0.246000 0.000000 0.000000 0.000000 1.000000
0.909777 0.130811 0.393946 -4.481200 0.292146 0.472418 -0.831548 9.820200 -0.294883 0.871613 0.391579 0.246000 0.000000 0.000000 0.000000 1.000000
0.909777 0.131039 0.393871 -4.481200 0.291766 0.473060 -0.831317 9.820200 -0.295260 0.871231 0.392146 0.246000 0.000000 0.000000 0.000000 1.000000
0.909800 0.130968 0.393842 -4.481200 0.291581 0.473613 -0.831066 9.820200 -0.295372 0.870941 0.392706 0.246000 0.000000 0.000000 0.000000 1.000000
0.909836 0.130745 0.393832 -4.481200 0.291398 0.474396 -0.830684 9.820200 -0.295440 0.870548 0.393524 0.246000 0.000000 0.000000 0.000000 1.000000
0.909861 0.130436 0.393876 -4.481200 0.291284 0.475229 -0.830248 9.820200 -0.295476 0.870140 0.394398 0.246000 0.000000 0.000000 0.000000 1.000000
0.909839 0.129927 0.394097 -4.481200 0.291506 0.475788 -0.829849 9.820200 -0.295327 0.869911 0.395016 0.246000 0.000000 0.000000 0.000000 1.000000
0.909734 0.129669 0.394423 -4.481200 0.292282 0.474693 -0.830204 9.820200 -0.294882 0.870547 0.393944 0.246000 0.000000 0.000000 0.000000 1.000000
0.909771 0.129037 0.394546 -4.481200 0.292468 0.475247 -0.829821 9.820200 -0.294584 0.870339 0.394626 0.246000 0.000000 0.000000 0.000000 1.000000
0.909771 0.129380 0.394433 -4.481200 0.292627 0.474050 -0.830449 9.820200 -0.294425 0.870940 0.393417 0.246000 0.000000 0.000000 0.000000 1.000000
0.909798 0.129773 0.394242 -4.481200 0.292139 0.474499 -0.830365 9.820200 -0.294826 0.870637 0.393787 0.246000 0.000000 0.000000 0.000000 1.000000
0.909744 0.130362 0.394171 -4.481200 0.291714 0.474846 -0.830316 9.820200 -0.295412 0.870360 0.393960 0.246000 0.000000 0.000000 0.000000 1.000000
0.909786 0.130432 0.394053 -4.481200 0.291715 0.474440 -0.830548 9.820200 -0.295284 0.870571 0.393590 0.246000 0.000000 0.000000 0.000000 1.000000
0.909874 0.130785 0.393732 -4.481200 0.291838 0.472783 -0.831449 9.820200 -0.294891 0.871419 0.392005 0.246000 0.000000 0.000000 0.000000 1.000000
0.910007 0.130441 0.393539 -4.481200 0.291547 0.473536 -0.831122 9.820200 -0.294768 0.871062 0.392892 0.246000 0.000000 0.000000 0.000000 1.000000
0.909944 0.130663 0.393611 -4.481200 0.291732 0.472916 -0.831410 9.820200 -0.294779 0.871365 0.392208 0.246000 0.000000 0.000000 0.000000 1.000000
0.909988 0.130501 0.393562 -4.481200 0.291641 0.473251 -0.831252 9.820200 -0.294733 0.871208 0.392593 0.246000 0.000000 0.000000 0.000000 1.000000
0.909903 0.130757 0.393674 -4.481200 0.291850 0.472621 -0.831536 9.820200 -0.294788 0.871511 0.391877 0.246000 0.000000 0.000000 0.000000 1.000000
0.909876 0.130917 0.393683 -4.481200 0.291658 0.473019 -0.831378 9.820200 -0.295060 0.871272 0.392206 0.246000 0.000000 0.000000 0.000000 1.000000
0.909922 0.131032 0.393539 -4.481200 0.290649 0.475466 -0.830335 9.820200 -0.295915 0.869921 0.394552 0.246000 0.000000 0.000000 0.000000 1.000000
0.910059 0.130568 0.393376 -4.481200 0.289936 0.477691 -0.829306 9.820200 -0.296193 0.868771 0.396870 0.246000 0.000000 0.000000 0.000000 1.000000
0.910067 0.130969 0.393225 -4.481200 0.289432 0.478274 -0.829146 9.820200 -0.296661 0.868390 0.397354 0.246000 0.000000 0.000000 0.000000 1.000000
0.910079 0.131347 0.393070 -4.481200 0.289268 0.477880 -0.829430 9.820200 -0.296784 0.868550 0.396914 0.246000 0.000000 0.000000 0.000000 1.000000
0.909969 0.130833 0.393496 -4.481200 0.289505 0.478948 -0.828731 9.820200 -0.296890 0.868039 0.397951 0.246000 0.000000 0.000000 0.000000 1.000000
0.909942 0.130808 0.393566 -4.481200 0.289580 0.478944 -0.828707 9.820200 -0.296898 0.868045 0.397933 0.246000 0.000000 0.000000 0.000000 1.000000
0.909942 0.130761 0.393583 -4.481200 0.289621 0.478929 -0.828702 9.820200 -0.296861 0.868060 0.397926 0.246000 0.000000 0.000000 0.000000 1.000000
0.909941 0.130653 0.393621 -4.481200 0.289734 0.478829 -0.828720 9.820200 -0.296752 0.868132 0.397852 0.246000 0.000000 0.000000 0.000000 1.000000
0.909914 0.130655 0.393683 -4.481200 0.289913 0.478471 -0.828864 9.820200 -0.296661 0.868329 0.397489 0.246000 0.000000 0.000000 0.000000 1.000000
0.909906 0.130595 0.393722 -4.481200 0.290024 0.478322 -0.828912 9.820200 -0.296577 0.868420 0.397352 0.246000 0.000000 0.000000 0.000000 1.000000
0.909920 0.130505 0.393718 -4.481200 0.290077 0.478268 -0.828924 9.820200 -0.296481 0.868463 0.397329 0.246000 0.000000 0.000000 0.000000 1.000000
0.909908 0.130655 0.393696 -4.481200 0.290418 0.477025 -0.829521 9.820200 -0.296183 0.869124 0.396104 0.246000 0.000000 0.000000 0.000000 1.000000
0.909885 0.131041 0.393621 -4.481200 0.290912 0.474899 -0.830566 9.820200 -0.295769 0.870229 0.393982 0.246000 0.000000 0.000000 0.000000 1.000000
0.909884 0.131861 0.393349 -4.481200 0.291131 0.472527 -0.831842 9.820200 -0.295556 0.871396 0.391556 0.246000 0.000000 0.000000 0.000000 1.000000
0.909925 0.133754 0.392615 -4.481200 0.291006 0.468630 -0.834087 9.820200 -0.295554 0.873210 0.387494 0.246000 0.000000 0.000000 0.000000 1.000000
0.909955 0.134826 0.392179 -4.481200 0.290757 0.466899 -0.835144 9.820200 -0.295708 0.873972 0.385655 0.246000 0.000000 0.000000 0.000000 1.000000
0.909955 0.135858 0.391823 -4.481200 0.291119 0.463627 -0.836839 9.820200 -0.295351 0.875553 0.382329 0.246000 0.000000 0.000000 0.000000 1.000000
0.909819 0.133921 0.392804 -4.481200 0.293368 0.461931 -0.836992 9.820200 -0.293539 0.876747 0.380985 0.246000 0.000000 0.000000 0.000000 1.000000</float_array>
        <technique_common>
          <accessor source="#mixamorig_RightHandPinky1-Matrix-animation-output-transform-array" count="71" stride="16">
            <param type="float4x4"/>
          </accessor>
        </technique_common>
      </source>
      <source id="mixamorig_RightHandPinky1-Interpolations">
        <Name_array id="mixamorig_RightHandPinky1-Interpolations-array" count="71">
 LINEAR LINEAR LINEAR LINEAR LINEAR LINEAR LINEAR LINEAR LINEAR LINEAR LINEAR
LINEAR LINEAR LINEAR LINEAR LINEAR LINEAR LINEAR LINEAR LINEAR LINEAR LINEAR LINEAR
LINEAR LINEAR LINEAR LINEAR LINEAR LINEAR LINEAR LINEAR LINEAR LINEAR LINEAR LINEAR
LINEAR LINEAR LINEAR LINEAR LINEAR LINEAR LINEAR LINEAR LINEAR LINEAR LINEAR LINEAR
LINEAR LINEAR LINEAR LINEAR LINEAR LINEAR LINEAR LINEAR LINEAR LINEAR LINEAR LINEAR
LINEAR LINEAR LINEAR LINEAR LINEAR LINEAR LINEAR LINEAR LINEAR LINEAR LINEAR LINEAR</Name_array>
        <technique_common>
          <accessor source="#mixamorig_RightHandPinky1-Interpolations-array" count="71">
            <param type="name"/>
          </accessor>
        </technique_common>
      </source>
      <sampler id="mixamorig_RightHandPinky1-Matrix-animation-transform">
        <input semantic="INPUT" source="#mixamorig_RightHandPinky1-Matrix-animation-input"/>
        <input semantic="OUTPUT" source="#mixamorig_RightHandPinky1-Matrix-animation-output-transform"/>
        <input semantic="INTERPOLATION" source="#mixamorig_RightHandPinky1-Interpolations"/>
      </sampler>
      <channel source="#mixamorig_RightHandPinky1-Matrix-animation-transform" target="mixamorig_RightHandPinky1/matrix"/>
    </animation>
    <animation id="mixamorig_RightHandPinky2-anim" name="mixamorig_RightHandPinky2">
      <source id="mixamorig_RightHandPinky2-Matrix-animation-input">
        <float_array id="mixamorig_RightHandPinky2-Matrix-animation-input-array" count="71">

0.000000 0.033333 0.066667 0.100000 0.133333 0.166667 0.200000 0.233333 0.266667 0.300000 0.333333 0.366667 0.400000 0.433333 0.466667 0.500000
0.533333 0.566667 0.600000 0.633333 0.666667 0.700000 0.733333 0.766667 0.800000 0.833333 0.866667 0.900000 0.933333 0.966667 1.000000 1.033333
1.066667 1.100000 1.133333 1.166667 1.200000 1.233333 1.266667 1.300000 1.333333 1.366667 1.400000 1.433333 1.466667 1.500000 1.533333 1.566667
1.600000 1.633333 1.666667 1.700000 1.733333 1.766667 1.800000 1.833333 1.866667 1.900000 1.933333 1.966667 2.000000 2.033333 2.066667 2.100000
2.133333 2.166667 2.200000 2.233333 2.266667 2.300000 2.333333</float_array>
        <technique_common>
          <accessor source="#mixamorig_RightHandPinky2-Matrix-animation-input-array" count="71">
            <param name="TIME" type="float"/>
          </accessor>
        </technique_common>
      </source>
      <source id="mixamorig_RightHandPinky2-Matrix-animation-output-transform">
        <float_array id="mixamorig_RightHandPinky2-Matrix-animation-output-transform-array" count="1136">

0.901751 -0.146295 -0.406746 0.000000 -0.066339 0.883000 -0.464662 3.684500 0.427135 0.445993 0.786541 -0.000000 0.000000 0.000000 0.000000 1.000000
0.901751 -0.146295 -0.406746 0.000000 -0.066338 0.883000 -0.464662 3.684500 0.427135 0.445993 0.786541 -0.000000 0.000000 0.000000 0.000000 1.000000
0.901751 -0.146295 -0.406746 0.000000 -0.066339 0.883000 -0.464662 3.684500 0.427135 0.445993 0.786541 -0.000000 0.000000 0.000000 0.000000 1.000000
0.901751 -0.146295 -0.406746 -0.000000 -0.066339 0.883000 -0.464662 3.684500 0.427135 0.445993 0.786541 0.000000 0.000000 0.000000 0.000000 1.000000
0.901751 -0.146295 -0.406746 0.000000 -0.066339 0.882999 -0.464662 3.684500 0.427134 0.445993 0.786541 -0.000000 0.000000 0.000000 0.000000 1.000000
0.901751 -0.146295 -0.406746 -0.000000 -0.066339 0.883000 -0.464662 3.684500 0.427135 0.445993 0.786541 0.000000 0.000000 0.000000 0.000000 1.000000
0.901751 -0.146295 -0.406746 0.000000 -0.066339 0.883000 -0.464662 3.684500 0.427135 0.445993 0.786541 0.000000 0.000000 0.000000 0.000000 1.000000
0.901751 -0.146295 -0.406746 -0.000000 -0.066339 0.883000 -0.464662 3.684500 0.427135 0.445993 0.786541 -0.000000 0.000000 0.000000 0.000000 1.000000
0.901751 -0.146295 -0.406746 -0.000000 -0.066339 0.883000 -0.464662 3.684500 0.427135 0.445993 0.786541 0.000000 0.000000 0.000000 0.000000 1.000000
0.901751 -0.146295 -0.406746 0.000000 -0.066339 0.882999 -0.464662 3.684500 0.427135 0.445993 0.786541 -0.000000 0.000000 0.000000 0.000000 1.000000
0.901751 -0.146295 -0.406746 -0.000000 -0.066339 0.883000 -0.464662 3.684500 0.427135 0.445993 0.786541 0.000000 0.000000 0.000000 0.000000 1.000000
0.901751 -0.146295 -0.406746 0.000000 -0.066339 0.883000 -0.464662 3.684500 0.427135 0.445993 0.786541 0.000000 0.000000 0.000000 0.000000 1.000000
0.901751 -0.146295 -0.406746 0.000000 -0.066339 0.882999 -0.464662 3.684500 0.427135 0.445993 0.786541 0.000000 0.000000 0.000000 0.000000 1.000000
0.901751 -0.146295 -0.406746 -0.000000 -0.066339 0.883000 -0.464662 3.684500 0.427135 0.445993 0.786541 0.000000 0.000000 0.000000 0.000000 1.000000
0.901751 -0.146295 -0.406746 0.000000 -0.066339 0.883000 -0.464662 3.684500 0.427135 0.445993 0.786541 0.000000 0.000000 0.000000 0.000000 1.000000
0.901751 -0.146295 -0.406746 0.000000 -0.066339 0.883000 -0.464662 3.684500 0.427134 0.445993 0.786541 0.000000 0.000000 0.000000 0.000000 1.000000
0.901751 -0.146295 -0.406746 0.000000 -0.066339 0.882999 -0.464662 3.684500 0.427134 0.445993 0.786541 -0.000000 0.000000 0.000000 0.000000 1.000000
0.901751 -0.146295 -0.406746 0.000000 -0.066339 0.882999 -0.464662 3.684500 0.427135 0.445993 0.786541 0.000000 0.000000 0.000000 0.000000 1.000000
0.901751 -0.146295 -0.406746 -0.000000 -0.066339 0.883000 -0.464662 3.684500 0.427134 0.445993 0.786541 0.000000 0.000000 0.000000 0.000000 1.000000
0.901751 -0.146295 -0.406746 0.000000 -0.066339 0.883000 -0.464662 3.684500 0.427135 0.445993 0.786541 0.000000 0.000000 0.000000 0.000000 1.000000
0.901751 -0.146295 -0.406746 -0.000000 -0.066338 0.882999 -0.464662 3.684500 0.427135 0.445993 0.786541 0.000000 0.000000 0.000000 0.000000 1.000000
0.901751 -0.146295 -0.406746 0.000000 -0.066339 0.883000 -0.464662 3.684500 0.427134 0.445993 0.786541 0.000000 0.000000 0.000000 0.000000 1.000000
0.901751 -0.146296 -0.406746 0.000000 -0.066338 0.883000 -0.464662 3.684500 0.427135 0.445993 0.786541 0.000000 0.000000 0.000000 0.000000 1.000000
0.901751 -0.146295 -0.406746 0.000000 -0.066339 0.883000 -0.464662 3.684500 0.427134 0.445993 0.786541 0.000000 0.000000 0.000000 0.000000 1.000000
0.901751 -0.146295 -0.406746 -0.000000 -0.066339 0.883000 -0.464662 3.684500 0.427135 0.445992 0.786541 0.000000 0.000000 0.000000 0.000000 1.000000
0.901751 -0.146295 -0.406746 0.000000 -0.066339 0.883000 -0.464662 3.684500 0.427135 0.445993 0.786541 0.000000 0.000000 0.000000 0.000000 1.000000
0.901751 -0.146295 -0.406746 0.000000 -0.066339 0.883000 -0.464662 3.684500 0.427135 0.445993 0.786541 0.000000 0.000000 0.000000 0.000000 1.000000
0.901751 -0.146295 -0.406746 -0.000000 -0.066339 0.882999 -0.464662 3.684500 0.427135 0.445993 0.786541 -0.000000 0.000000 0.000000 0.000000 1.000000
0.901751 -0.146295 -0.406746 0.000000 -0.066339 0.883000 -0.464662 3.684500 0.427135 0.445993 0.786541 0.000000 0.000000 0.000000 0.000000 1.000000
0.901751 -0.146295 -0.406746 -0.000000 -0.066338 0.883000 -0.464662 3.684500 0.427135 0.445992 0.786541 0.000000 0.000000 0.000000 0.000000 1.000000
0.901751 -0.146295 -0.406746 0.000000 -0.066339 0.882999 -0.464662 3.684500 0.427135 0.445993 0.786541 0.000000 0.000000 0.000000 0.000000 1.000000
0.901751 -0.146295 -0.406746 -0.000000 -0.066339 0.883000 -0.464662 3.684500 0.427135 0.445993 0.786541 0.000000 0.000000 0.000000 0.000000 1.000000
0.901751 -0.146295 -0.406746 -0.000000 -0.066339 0.882999 -0.464662 3.684500 0.427135 0.445993 0.786541 0.000000 0.000000 0.000000 0.000000 1.000000
0.901751 -0.146295 -0.406746 0.000000 -0.066339 0.882999 -0.464662 3.684500 0.427135 0.445993 0.786541 0.000000 0.000000 0.000000 0.000000 1.000000
0.901751 -0.146295 -0.406746 0.000000 -0.066339 0.883000 -0.464662 3.684500 0.427135 0.445993 0.786541 0.000000 0.000000 0.000000 0.000000 1.000000
0.901751 -0.146295 -0.406746 -0.000000 -0.066339 0.882999 -0.464662 3.684500 0.427134 0.445993 0.786541 0.000000 0.000000 0.000000 0.000000 1.000000
0.901751 -0.146295 -0.406746 -0.000000 -0.066339 0.883000 -0.464662 3.684500 0.427135 0.445993 0.786541 0.000000 0.000000 0.000000 0.000000 1.000000
0.901751 -0.146295 -0.406746 0.000000 -0.066339 0.883000 -0.464662 3.684500 0.427135 0.445993 0.786541 -0.000000 0.000000 0.000000 0.000000 1.000000
0.901751 -0.146295 -0.406746 0.000000 -0.066339 0.883000 -0.464662 3.684500 0.427135 0.445993 0.786541 0.000000 0.000000 0.000000 0.000000 1.000000
0.901751 -0.146295 -0.406746 0.000000 -0.066339 0.882999 -0.464662 3.684500 0.427135 0.445993 0.786541 0.000000 0.000000 0.000000 0.000000 1.000000
0.901751 -0.146295 -0.406746 -0.000000 -0.066339 0.883000 -0.464662 3.684500 0.427135 0.445993 0.786541 0.000000 0.000000 0.000000 0.000000 1.000000
0.901751 -0.146295 -0.406746 -0.000000 -0.066339 0.883000 -0.464662 3.684500 0.427134 0.445993 0.786541 -0.000000 0.000000 0.000000 0.000000 1.000000
0.901751 -0.146295 -0.406746 0.000000 -0.066339 0.882999 -0.464662 3.684500 0.427135 0.445993 0.786541 0.000000 0.000000 0.000000 0.000000 1.000000
0.901751 -0.146295 -0.406746 -0.000000 -0.066339 0.883000 -0.464662 3.684500 0.427135 0.445993 0.786541 0.000000 0.000000 0.000000 0.000000 1.000000
0.901751 -0.146295 -0.406746 -0.000000 -0.066339 0.883000 -0.464662 3.684500 0.427135 0.445993 0.786541 0.000000 0.000000 0.000000 0.000000 1.000000
0.901751 -0.146295 -0.406746 0.000000 -0.066339 0.883000 -0.464662 3.684500 0.427134 0.445993 0.786541 0.000000 0.000000 0.000000 0.000000 1.000000
0.901751 -0.146295 -0.406746 -0.000000 -0.066339 0.883000 -0.464662 3.684500 0.427134 0.445993 0.786541 0.000000 0.000000 0.000000 0.000000 1.000000
0.901751 -0.146295 -0.406746 -0.000000 -0.066339 0.883000 -0.464662 3.684500 0.427135 0.445993 0.786541 0.000000 0.000000 0.000000 0.000000 1.000000
0.901751 -0.146295 -0.406746 0.000000 -0.066338 0.883000 -0.464662 3.684500 0.427135 0.445992 0.786541 0.000000 0.000000 0.000000 0.000000 1.000000
0.901751 -0.146295 -0.406746 0.000000 -0.066339 0.882999 -0.464662 3.684500 0.427135 0.445993 0.786541 0.000000 0.000000 0.000000 0.000000 1.000000
0.901751 -0.146295 -0.406746 0.000000 -0.066339 0.883000 -0.464662 3.684500 0.427134 0.445993 0.786541 0.000000 0.000000 0.000000 0.000000 1.000000
0.901751 -0.146295 -0.406746 0.000000 -0.066339 0.882999 -0.464662 3.684500 0.427135 0.445993 0.786541 0.000000 0.000000 0.000000 0.000000 1.000000
0.901751 -0.146295 -0.406746 0.000000 -0.066339 0.883000 -0.464662 3.684500 0.427135 0.445993 0.786541 0.000000 0.000000 0.000000 0.000000 1.000000
0.901751 -0.146295 -0.406746 -0.000000 -0.066339 0.883000 -0.464662 3.684500 0.427135 0.445993 0.786541 0.000000 0.000000 0.000000 0.000000 1.000000
0.901751 -0.146295 -0.406746 0.000000 -0.066339 0.882999 -0.464662 3.684500 0.427135 0.445993 0.786541 0.000000 0.000000 0.000000 0.000000 1.000000
0.901751 -0.146295 -0.406746 0.000000 -0.066339 0.882999 -0.464662 3.684500 0.427134 0.445993 0.786541 -0.000000 0.000000 0.000000 0.000000 1.000000
0.901751 -0.146295 -0.406746 -0.000000 -0.066339 0.882999 -0.464662 3.684500 0.427134 0.445993 0.786541 0.000000 0.000000 0.000000 0.000000 1.000000
0.901751 -0.146295 -0.406746 -0.000000 -0.066339 0.883000 -0.464662 3.684500 0.427134 0.445993 0.786541 0.000000 0.000000 0.000000 0.000000 1.000000
0.901751 -0.146295 -0.406746 -0.000000 -0.066339 0.883000 -0.464662 3.684500 0.427135 0.445993 0.786541 -0.000000 0.000000 0.000000 0.000000 1.000000
0.901751 -0.146295 -0.406746 -0.000000 -0.066339 0.883000 -0.464662 3.684500 0.427135 0.445993 0.786541 0.000000 0.000000 0.000000 0.000000 1.000000
0.901751 -0.146295 -0.406746 -0.000000 -0.066339 0.883000 -0.464662 3.684500 0.427134 0.445993 0.786541 0.000000 0.000000 0.000000 0.000000 1.000000
0.901751 -0.146295 -0.406746 0.000000 -0.066339 0.883000 -0.464662 3.684500 0.427135 0.445993 0.786541 0.000000 0.000000 0.000000 0.000000 1.000000
0.901751 -0.146295 -0.406746 0.000000 -0.066339 0.883000 -0.464662 3.684500 0.427135 0.445993 0.786541 0.000000 0.000000 0.000000 0.000000 1.000000
0.901751 -0.146295 -0.406746 -0.000000 -0.066339 0.883000 -0.464662 3.684500 0.427135 0.445993 0.786541 0.000000 0.000000 0.000000 0.000000 1.000000
0.901751 -0.146292 -0.406748 0.000000 -0.066337 0.883005 -0.464651 3.684500 0.427136 0.445982 0.786546 0.000000 0.000000 0.000000 0.000000 1.000000
0.901749 -0.146336 -0.406737 -0.000000 -0.066449 0.882841 -0.464947 3.684500 0.427123 0.446293 0.786377 0.000000 0.000000 0.000000 0.000000 1.000000
0.901919 -0.146468 -0.406313 0.000000 -0.064460 0.884559 -0.461953 3.684500 0.427069 0.442835 0.788359 0.000000 0.000000 0.000000 0.000000 1.000000
0.901776 -0.146357 -0.406669 -0.000000 -0.066131 0.883116 -0.464470 3.684500 0.427115 0.445742 0.786694 -0.000000 0.000000 0.000000 0.000000 1.000000
0.901887 -0.146468 -0.406382 0.000000 -0.064496 0.884559 -0.461948 3.684500 0.427130 0.442835 0.788326 0.000000 0.000000 0.000000 0.000000 1.000000
0.901637 -0.146364 -0.406975 -0.000000 -0.066190 0.883213 -0.464278 3.684500 0.427399 0.445548 0.786649 0.000000 0.000000 0.000000 0.000000 1.000000
0.901576 -0.146339 -0.407119 -0.000000 -0.066609 0.882877 -0.464856 3.684500 0.427462 0.446221 0.786233 -0.000000 0.000000 0.000000 0.000000 1.000000</float_array>
        <technique_common>
          <accessor source="#mixamorig_RightHandPinky2-Matrix-animation-output-transform-array" count="71" stride="16">
            <param type="float4x4"/>
          </accessor>
        </technique_common>
      </source>
      <source id="mixamorig_RightHandPinky2-Interpolations">
        <Name_array id="mixamorig_RightHandPinky2-Interpolations-array" count="71">
 LINEAR LINEAR LINEAR LINEAR LINEAR LINEAR LINEAR LINEAR LINEAR LINEAR LINEAR
LINEAR LINEAR LINEAR LINEAR LINEAR LINEAR LINEAR LINEAR LINEAR LINEAR LINEAR LINEAR
LINEAR LINEAR LINEAR LINEAR LINEAR LINEAR LINEAR LINEAR LINEAR LINEAR LINEAR LINEAR
LINEAR LINEAR LINEAR LINEAR LINEAR LINEAR LINEAR LINEAR LINEAR LINEAR LINEAR LINEAR
LINEAR LINEAR LINEAR LINEAR LINEAR LINEAR LINEAR LINEAR LINEAR LINEAR LINEAR LINEAR
LINEAR LINEAR LINEAR LINEAR LINEAR LINEAR LINEAR LINEAR LINEAR LINEAR LINEAR LINEAR</Name_array>
        <technique_common>
          <accessor source="#mixamorig_RightHandPinky2-Interpolations-array" count="71">
            <param type="name"/>
          </accessor>
        </technique_common>
      </source>
      <sampler id="mixamorig_RightHandPinky2-Matrix-animation-transform">
        <input semantic="INPUT" source="#mixamorig_RightHandPinky2-Matrix-animation-input"/>
        <input semantic="OUTPUT" source="#mixamorig_RightHandPinky2-Matrix-animation-output-transform"/>
        <input semantic="INTERPOLATION" source="#mixamorig_RightHandPinky2-Interpolations"/>
      </sampler>
      <channel source="#mixamorig_RightHandPinky2-Matrix-animation-transform" target="mixamorig_RightHandPinky2/matrix"/>
    </animation>
    <animation id="mixamorig_RightHandPinky3-anim" name="mixamorig_RightHandPinky3">
      <source id="mixamorig_RightHandPinky3-Matrix-animation-input">
        <float_array id="mixamorig_RightHandPinky3-Matrix-animation-input-array" count="71">

0.000000 0.033333 0.066667 0.100000 0.133333 0.166667 0.200000 0.233333 0.266667 0.300000 0.333333 0.366667 0.400000 0.433333 0.466667 0.500000
0.533333 0.566667 0.600000 0.633333 0.666667 0.700000 0.733333 0.766667 0.800000 0.833333 0.866667 0.900000 0.933333 0.966667 1.000000 1.033333
1.066667 1.100000 1.133333 1.166667 1.200000 1.233333 1.266667 1.300000 1.333333 1.366667 1.400000 1.433333 1.466667 1.500000 1.533333 1.566667
1.600000 1.633333 1.666667 1.700000 1.733333 1.766667 1.800000 1.833333 1.866667 1.900000 1.933333 1.966667 2.000000 2.033333 2.066667 2.100000
2.133333 2.166667 2.200000 2.233333 2.266667 2.300000 2.333333</float_array>
        <technique_common>
          <accessor source="#mixamorig_RightHandPinky3-Matrix-animation-input-array" count="71">
            <param name="TIME" type="float"/>
          </accessor>
        </technique_common>
      </source>
      <source id="mixamorig_RightHandPinky3-Matrix-animation-output-transform">
        <float_array id="mixamorig_RightHandPinky3-Matrix-animation-output-transform-array" count="1136">

1.000000 0.000000 -0.000526 0.000000 -0.000000 1.000000 -0.000000 2.815200 0.000526 0.000000 1.000000 0.000000 0.000000 0.000000 0.000000 1.000000
1.000000 0.000000 -0.000526 0.000000 -0.000000 1.000000 0.000000 2.815200 0.000526 -0.000000 1.000000 0.000000 0.000000 0.000000 0.000000 1.000000
1.000000 0.000000 -0.000526 0.000000 -0.000000 1.000000 -0.000000 2.815200 0.000526 0.000000 1.000000 -0.000000 0.000000 0.000000 0.000000 1.000000
1.000000 0.000000 -0.000526 0.000000 -0.000000 1.000000 -0.000000 2.815200 0.000526 0.000000 1.000000 0.000000 0.000000 0.000000 0.000000 1.000000
1.000000 -0.000000 -0.000526 0.000000 0.000000 1.000000 0.000000 2.815200 0.000526 -0.000000 1.000000 0.000000 0.000000 0.000000 0.000000 1.000000
1.000000 -0.000000 -0.000526 0.000000 0.000000 1.000000 -0.000000 2.815200 0.000526 0.000000 1.000000 0.000000 0.000000 0.000000 0.000000 1.000000
1.000000 -0.000000 -0.000526 0.000000 0.000000 1.000000 -0.000000 2.815200 0.000526 0.000000 1.000000 0.000000 0.000000 0.000000 0.000000 1.000000
1.000000 -0.000000 -0.000526 0.000000 0.000000 1.000000 0.000000 2.815200 0.000526 -0.000000 1.000000 -0.000000 0.000000 0.000000 0.000000 1.000000
1.000000 0.000000 -0.000526 0.000000 -0.000000 1.000000 -0.000000 2.815200 0.000526 0.000000 1.000000 0.000000 0.000000 0.000000 0.000000 1.000000
1.000000 0.000000 -0.000526 0.000000 -0.000000 1.000000 0.000000 2.815200 0.000526 -0.000000 1.000000 0.000000 0.000000 0.000000 0.000000 1.000000
1.000000 0.000000 -0.000526 0.000000 -0.000000 1.000000 -0.000000 2.815200 0.000526 0.000000 1.000000 -0.000000 0.000000 0.000000 0.000000 1.000000
1.000000 0.000000 -0.000526 0.000000 -0.000000 1.000000 -0.000000 2.815200 0.000526 0.000000 1.000000 0.000000 0.000000 0.000000 0.000000 1.000000
1.000000 0.000000 -0.000526 0.000000 -0.000000 1.000000 -0.000000 2.815200 0.000526 0.000000 1.000000 0.000000 0.000000 0.000000 0.000000 1.000000
1.000000 0.000000 -0.000526 0.000000 -0.000000 1.000000 0.000000 2.815200 0.000526 -0.000000 1.000000 -0.000000 0.000000 0.000000 0.000000 1.000000
1.000000 0.000000 -0.000526 0.000000 -0.000000 1.000000 -0.000000 2.815200 0.000526 0.000000 1.000000 0.000000 0.000000 0.000000 0.000000 1.000000
1.000000 0.000000 -0.000526 0.000000 -0.000000 1.000000 -0.000000 2.815200 0.000526 0.000000 1.000000 0.000000 0.000000 0.000000 0.000000 1.000000
1.000000 -0.000000 -0.000526 0.000000 0.000000 1.000000 0.000000 2.815200 0.000526 -0.000000 1.000000 -0.000000 0.000000 0.000000 0.000000 1.000000
1.000000 0.000000 -0.000526 0.000000 -0.000000 1.000000 0.000000 2.815200 0.000526 -0.000000 1.000000 0.000000 0.000000 0.000000 0.000000 1.000000
1.000000 0.000000 -0.000526 0.000000 -0.000000 1.000000 0.000000 2.815200 0.000526 -0.000000 1.000000 -0.000000 0.000000 0.000000 0.000000 1.000000
1.000000 -0.000000 -0.000526 -0.000000 0.000000 1.000000 0.000000 2.815200 0.000526 -0.000000 1.000000 0.000000 0.000000 0.000000 0.000000 1.000000
1.000000 -0.000000 -0.000526 0.000000 0.000000 1.000000 0.000000 2.815200 0.000526 -0.000000 1.000000 0.000000 0.000000 0.000000 0.000000 1.000000
1.000000 0.000000 -0.000526 0.000000 -0.000000 1.000000 0.000000 2.815200 0.000526 -0.000000 1.000000 0.000000 0.000000 0.000000 0.000000 1.000000
1.000000 0.000000 -0.000526 0.000000 -0.000000 1.000000 -0.000000 2.815200 0.000526 0.000000 1.000000 0.000000 0.000000 0.000000 0.000000 1.000000
1.000000 0.000000 -0.000526 0.000000 -0.000000 1.000000 -0.000000 2.815200 0.000526 0.000000 1.000000 0.000000 0.000000 0.000000 0.000000 1.000000
1.000000 0.000000 -0.000526 0.000000 -0.000000 1.000000 -0.000000 2.815200 0.000526 0.000000 1.000000 -0.000000 0.000000 0.000000 0.000000 1.000000
1.000000 0.000000 -0.000526 0.000000 -0.000000 1.000000 -0.000000 2.815200 0.000526 0.000000 1.000000 0.000000 0.000000 0.000000 0.000000 1.000000
1.000000 0.000000 -0.000526 0.000000 -0.000000 1.000000 -0.000000 2.815200 0.000526 0.000000 1.000000 0.000000 0.000000 0.000000 0.000000 1.000000
1.000000 0.000000 -0.000526 0.000000 -0.000000 1.000000 -0.000000 2.815200 0.000526 0.000000 1.000000 -0.000000 0.000000 0.000000 0.000000 1.000000
1.000000 0.000000 -0.000526 0.000000 -0.000000 1.000000 -0.000000 2.815200 0.000526 0.000000 1.000000 0.000000 0.000000 0.000000 0.000000 1.000000
1.000000 0.000000 -0.000526 0.000000 -0.000000 1.000000 -0.000000 2.815200 0.000526 0.000000 1.000000 0.000000 0.000000 0.000000 0.000000 1.000000
1.000000 0.000000 -0.000526 0.000000 -0.000000 1.000000 -0.000000 2.815200 0.000526 0.000000 1.000000 0.000000 0.000000 0.000000 0.000000 1.000000
1.000000 -0.000000 -0.000526 -0.000000 0.000000 1.000000 0.000000 2.815200 0.000526 -0.000000 1.000000 0.000000 0.000000 0.000000 0.000000 1.000000
1.000000 -0.000000 -0.000526 0.000000 0.000000 1.000000 0.000000 2.815200 0.000526 -0.000000 1.000000 0.000000 0.000000 0.000000 0.000000 1.000000
1.000000 -0.000000 -0.000526 0.000000 0.000000 1.000000 0.000000 2.815200 0.000526 -0.000000 1.000000 -0.000000 0.000000 0.000000 0.000000 1.000000
1.000000 -0.000000 -0.000526 0.000000 0.000000 1.000000 0.000000 2.815200 0.000526 -0.000000 1.000000 0.000000 0.000000 0.000000 0.000000 1.000000
1.000000 0.000000 -0.000526 -0.000000 -0.000000 1.000000 -0.000000 2.815200 0.000526 0.000000 1.000000 0.000000 0.000000 0.000000 0.000000 1.000000
1.000000 -0.000000 -0.000526 0.000000 0.000000 1.000000 -0.000000 2.815200 0.000526 0.000000 1.000000 0.000000 0.000000 0.000000 0.000000 1.000000
1.000000 0.000000 -0.000526 0.000000 -0.000000 1.000000 0.000000 2.815200 0.000526 -0.000000 1.000000 0.000000 0.000000 0.000000 0.000000 1.000000
1.000000 0.000000 -0.000526 0.000000 -0.000000 1.000000 -0.000000 2.815200 0.000526 0.000000 1.000000 0.000000 0.000000 0.000000 0.000000 1.000000
1.000000 -0.000000 -0.000526 0.000000 0.000000 1.000000 -0.000000 2.815200 0.000526 0.000000 1.000000 0.000000 0.000000 0.000000 0.000000 1.000000
1.000000 -0.000000 -0.000526 0.000000 0.000000 1.000000 -0.000000 2.815200 0.000526 0.000000 1.000000 0.000000 0.000000 0.000000 0.000000 1.000000
1.000000 0.000000 -0.000526 0.000000 -0.000000 1.000000 -0.000000 2.815200 0.000526 0.000000 1.000000 -0.000000 0.000000 0.000000 0.000000 1.000000
1.000000 -0.000000 -0.000526 0.000000 0.000000 1.000000 0.000000 2.815200 0.000526 -0.000000 1.000000 -0.000000 0.000000 0.000000 0.000000 1.000000
1.000000 -0.000000 -0.000526 0.000000 0.000000 1.000000 -0.000000 2.815200 0.000526 0.000000 1.000000 0.000000 0.000000 0.000000 0.000000 1.000000
1.000000 -0.000000 -0.000526 0.000000 0.000000 1.000000 -0.000000 2.815200 0.000526 0.000000 1.000000 0.000000 0.000000 0.000000 0.000000 1.000000
1.000000 -0.000000 -0.000526 0.000000 0.000000 1.000000 -0.000000 2.815200 0.000526 0.000000 1.000000 0.000000 0.000000 0.000000 0.000000 1.000000
1.000000 -0.000000 -0.000526 -0.000000 0.000000 1.000000 0.000000 2.815200 0.000526 -0.000000 1.000000 -0.000000 0.000000 0.000000 0.000000 1.000000
1.000000 -0.000000 -0.000526 0.000000 0.000000 1.000000 -0.000000 2.815200 0.000526 0.000000 1.000000 0.000000 0.000000 0.000000 0.000000 1.000000
1.000000 0.000000 -0.000526 0.000000 -0.000000 1.000000 -0.000000 2.815200 0.000526 0.000000 1.000000 0.000000 0.000000 0.000000 0.000000 1.000000
1.000000 -0.000000 -0.000526 -0.000000 0.000000 1.000000 0.000000 2.815200 0.000526 -0.000000 1.000000 0.000000 0.000000 0.000000 0.000000 1.000000
1.000000 0.000000 -0.000526 0.000000 -0.000000 1.000000 0.000000 2.815200 0.000526 -0.000000 1.000000 0.000000 0.000000 0.000000 0.000000 1.000000
1.000000 -0.000000 -0.000526 0.000000 0.000000 1.000000 -0.000000 2.815200 0.000526 0.000000 1.000000 0.000000 0.000000 0.000000 0.000000 1.000000
1.000000 0.000000 -0.000526 0.000000 -0.000000 1.000000 -0.000000 2.815200 0.000526 0.000000 1.000000 0.000000 0.000000 0.000000 0.000000 1.000000
1.000000 -0.000000 -0.000526 0.000000 0.000000 1.000000 0.000000 2.815200 0.000526 -0.000000 1.000000 -0.000000 0.000000 0.000000 0.000000 1.000000
1.000000 -0.000000 -0.000526 0.000000 0.000000 1.000000 -0.000000 2.815200 0.000526 0.000000 1.000000 0.000000 0.000000 0.000000 0.000000 1.000000
1.000000 0.000000 -0.000526 0.000000 -0.000000 1.000000 0.000000 2.815200 0.000526 -0.000000 1.000000 -0.000000 0.000000 0.000000 0.000000 1.000000
1.000000 0.000000 -0.000526 0.000000 -0.000000 1.000000 -0.000000 2.815200 0.000526 0.000000 1.000000 0.000000 0.000000 0.000000 0.000000 1.000000
1.000000 0.000000 -0.000526 0.000000 -0.000000 1.000000 -0.000000 2.815200 0.000526 0.000000 1.000000 0.000000 0.000000 0.000000 0.000000 1.000000
1.000000 0.000000 -0.000526 0.000000 -0.000000 1.000000 -0.000000 2.815200 0.000526 0.000000 1.000000 0.000000 0.000000 0.000000 0.000000 1.000000
1.000000 -0.000000 -0.000526 0.000000 0.000000 1.000000 -0.000000 2.815200 0.000526 0.000000 1.000000 0.000000 0.000000 0.000000 0.000000 1.000000
1.000000 0.000000 -0.000526 0.000000 -0.000000 1.000000 -0.000000 2.815200 0.000526 0.000000 1.000000 0.000000 0.000000 0.000000 0.000000 1.000000
1.000000 0.000000 -0.000526 0.000000 -0.000000 1.000000 0.000000 2.815200 0.000526 -0.000000 1.000000 0.000000 0.000000 0.000000 0.000000 1.000000
1.000000 0.000000 -0.000526 0.000000 -0.000000 1.000000 -0.000000 2.815200 0.000526 0.000000 1.000000 -0.000000 0.000000 0.000000 0.000000 1.000000
1.000000 -0.000000 -0.000526 0.000000 0.000000 1.000000 -0.000000 2.815200 0.000526 0.000000 1.000000 0.000000 0.000000 0.000000 0.000000 1.000000
1.000000 0.000000 -0.000526 0.000000 -0.000000 1.000000 -0.000000 2.815200 0.000526 0.000000 1.000000 0.000000 0.000000 0.000000 0.000000 1.000000
1.000000 0.000000 -0.000526 0.000000 -0.000000 1.000000 -0.000000 2.815200 0.000526 0.000000 1.000000 0.000000 0.000000 0.000000 0.000000 1.000000
1.000000 0.000000 -0.000526 0.000000 -0.000000 1.000000 -0.000000 2.815200 0.000526 0.000000 1.000000 0.000000 0.000000 0.000000 0.000000 1.000000
1.000000 -0.000000 -0.000526 0.000000 0.000000 1.000000 0.000000 2.815200 0.000526 -0.000000 1.000000 0.000000 0.000000 0.000000 0.000000 1.000000
1.000000 0.000000 -0.000526 0.000000 -0.000000 1.000000 -0.000000 2.815200 0.000526 0.000000 1.000000 0.000000 0.000000 0.000000 0.000000 1.000000
1.000000 0.000000 -0.000526 0.000000 -0.000000 1.000000 -0.000000 2.815200 0.000526 0.000000 1.000000 0.000000 0.000000 0.000000 0.000000 1.000000
1.000000 -0.000000 -0.000526 0.000000 0.000000 1.000000 -0.000000 2.815200 0.000526 0.000000 1.000000 0.000000 0.000000 0.000000 0.000000 1.000000</float_array>
        <technique_common>
          <accessor source="#mixamorig_RightHandPinky3-Matrix-animation-output-transform-array" count="71" stride="16">
            <param type="float4x4"/>
          </accessor>
        </technique_common>
      </source>
      <source id="mixamorig_RightHandPinky3-Interpolations">
        <Name_array id="mixamorig_RightHandPinky3-Interpolations-array" count="71">
 LINEAR LINEAR LINEAR LINEAR LINEAR LINEAR LINEAR LINEAR LINEAR LINEAR LINEAR
LINEAR LINEAR LINEAR LINEAR LINEAR LINEAR LINEAR LINEAR LINEAR LINEAR LINEAR LINEAR
LINEAR LINEAR LINEAR LINEAR LINEAR LINEAR LINEAR LINEAR LINEAR LINEAR LINEAR LINEAR
LINEAR LINEAR LINEAR LINEAR LINEAR LINEAR LINEAR LINEAR LINEAR LINEAR LINEAR LINEAR
LINEAR LINEAR LINEAR LINEAR LINEAR LINEAR LINEAR LINEAR LINEAR LINEAR LINEAR LINEAR
LINEAR LINEAR LINEAR LINEAR LINEAR LINEAR LINEAR LINEAR LINEAR LINEAR LINEAR LINEAR</Name_array>
        <technique_common>
          <accessor source="#mixamorig_RightHandPinky3-Interpolations-array" count="71">
            <param type="name"/>
          </accessor>
        </technique_common>
      </source>
      <sampler id="mixamorig_RightHandPinky3-Matrix-animation-transform">
        <input semantic="INPUT" source="#mixamorig_RightHandPinky3-Matrix-animation-input"/>
        <input semantic="OUTPUT" source="#mixamorig_RightHandPinky3-Matrix-animation-output-transform"/>
        <input semantic="INTERPOLATION" source="#mixamorig_RightHandPinky3-Interpolations"/>
      </sampler>
      <channel source="#mixamorig_RightHandPinky3-Matrix-animation-transform" target="mixamorig_RightHandPinky3/matrix"/>
    </animation>
    <animation id="mixamorig_LeftUpLeg-anim" name="mixamorig_LeftUpLeg">
      <source id="mixamorig_LeftUpLeg-Matrix-animation-input">
        <float_array id="mixamorig_LeftUpLeg-Matrix-animation-input-array" count="71">

0.000000 0.033333 0.066667 0.100000 0.133333 0.166667 0.200000 0.233333 0.266667 0.300000 0.333333 0.366667 0.400000 0.433333 0.466667 0.500000
0.533333 0.566667 0.600000 0.633333 0.666667 0.700000 0.733333 0.766667 0.800000 0.833333 0.866667 0.900000 0.933333 0.966667 1.000000 1.033333
1.066667 1.100000 1.133333 1.166667 1.200000 1.233333 1.266667 1.300000 1.333333 1.366667 1.400000 1.433333 1.466667 1.500000 1.533333 1.566667
1.600000 1.633333 1.666667 1.700000 1.733333 1.766667 1.800000 1.833333 1.866667 1.900000 1.933333 1.966667 2.000000 2.033333 2.066667 2.100000
2.133333 2.166667 2.200000 2.233333 2.266667 2.300000 2.333333</float_array>
        <technique_common>
          <accessor source="#mixamorig_LeftUpLeg-Matrix-animation-input-array" count="71">
            <param name="TIME" type="float"/>
          </accessor>
        </technique_common>
      </source>
      <source id="mixamorig_LeftUpLeg-Matrix-animation-output-transform">
        <float_array id="mixamorig_LeftUpLeg-Matrix-animation-output-transform-array" count="1136">

-0.835568 0.508778 0.207295 9.633800 0.121477 -0.196882 0.972872 -3.273300 0.535788 0.838083 0.102704 -0.000000 0.000000 0.000000 0.000000 1.000000
-0.835701 0.508345 0.207818 9.633800 0.120907 -0.198824 0.972549 -3.273300 0.535710 0.837887 0.104695 0.000000 0.000000 0.000000 0.000000 1.000000
-0.835665 0.508137 0.208470 9.633800 0.120734 -0.200328 0.972261 -3.273300 0.535805 0.837655 0.106058 0.000000 0.000000 0.000000 0.000000 1.000000
-0.835519 0.507960 0.209485 9.633800 0.120528 -0.202536 0.971829 -3.273300 0.536079 0.837231 0.108000 0.000000 0.000000 0.000000 0.000000 1.000000
-0.835374 0.507713 0.210659 9.633800 0.120436 -0.204870 0.971351 -3.273300 0.536326 0.836813 0.109996 0.000000 0.000000 0.000000 0.000000 1.000000
-0.835500 0.507336 0.211069 9.633800 0.120268 -0.205965 0.971141 -3.273300 0.536167 0.836773 0.111067 0.000000 0.000000 0.000000 0.000000 1.000000
-0.835659 0.506827 0.211661 9.633800 0.119934 -0.207683 0.970816 -3.273300 0.535994 0.836656 0.112767 0.000000 0.000000 0.000000 0.000000 1.000000
-0.835815 0.506419 0.212021 9.633800 0.119733 -0.208751 0.970612 -3.273300 0.535796 0.836638 0.113842 -0.000000 0.000000 0.000000 0.000000 1.000000
-0.835644 0.506805 0.211772 9.633800 0.119013 -0.209328 0.970576 -3.273300 0.536223 0.836260 0.114607 0.000000 0.000000 0.000000 0.000000 1.000000
-0.835367 0.507115 0.212122 9.633800 0.118689 -0.210389 0.970386 -3.273300 0.536726 0.835806 0.115563 -0.000000 0.000000 0.000000 0.000000 1.000000
-0.835057 0.507378 0.212715 9.633800 0.118522 -0.211654 0.970132 -3.273300 0.537246 0.835326 0.116607 0.000000 0.000000 0.000000 0.000000 1.000000
-0.834649 0.507822 0.213253 9.633800 0.118399 -0.212704 0.969917 -3.273300 0.537905 0.834790 0.117407 0.000000 0.000000 0.000000 0.000000 1.000000
-0.834483 0.508017 0.213441 9.633800 0.118210 -0.213286 0.969812 -3.273300 0.538205 0.834522 0.117931 0.000000 0.000000 0.000000 0.000000 1.000000
-0.834363 0.508024 0.213891 9.633800 0.118315 -0.213932 0.969657 -3.273300 0.538367 0.834353 0.118390 0.000000 0.000000 0.000000 0.000000 1.000000
-0.834523 0.507967 0.213404 9.633800 0.117663 -0.214080 0.969704 -3.273300 0.538263 0.834349 0.118886 -0.000000 0.000000 0.000000 0.000000 1.000000
-0.834668 0.507792 0.213252 9.633800 0.117669 -0.213843 0.969755 -3.273300 0.538037 0.834517 0.118736 0.000000 0.000000 0.000000 0.000000 1.000000
-0.834791 0.507629 0.213160 9.633800 0.117640 -0.213764 0.969776 -3.273300 0.537852 0.834636 0.118731 0.000000 0.000000 0.000000 0.000000 1.000000
-0.834557 0.508025 0.213131 9.633800 0.117810 -0.213346 0.969848 -3.273300 0.538177 0.834503 0.118199 0.000000 0.000000 0.000000 0.000000 1.000000
-0.834182 0.508601 0.213225 9.633800 0.118172 -0.212809 0.969922 -3.273300 0.538679 0.834289 0.117419 -0.000000 0.000000 0.000000 0.000000 1.000000
-0.834019 0.508756 0.213494 9.633800 0.118547 -0.212674 0.969905 -3.273300 0.538850 0.834228 0.117063 0.000000 0.000000 0.000000 0.000000 1.000000
-0.833933 0.508772 0.213792 9.633800 0.119266 -0.212093 0.969944 -3.273300 0.538824 0.834367 0.116192 0.000000 0.000000 0.000000 0.000000 1.000000
-0.834018 0.508811 0.213368 9.633800 0.119352 -0.211185 0.970132 -3.273300 0.538674 0.834573 0.115404 0.000000 0.000000 0.000000 0.000000 1.000000
-0.833942 0.508921 0.213402 9.633800 0.119944 -0.210303 0.970251 -3.273300 0.538660 0.834729 0.114338 0.000000 0.000000 0.000000 0.000000 1.000000
-0.833857 0.509113 0.213274 9.633800 0.120340 -0.209411 0.970394 -3.273300 0.538703 0.834836 0.113352 0.000000 0.000000 0.000000 0.000000 1.000000
-0.833697 0.509224 0.213636 9.633800 0.121213 -0.208684 0.970442 -3.273300 0.538755 0.834950 0.112255 0.000000 0.000000 0.000000 0.000000 1.000000
-0.833533 0.509317 0.214056 9.633800 0.122170 -0.207935 0.970483 -3.273300 0.538793 0.835080 0.111097 0.000000 0.000000 0.000000 0.000000 1.000000
-0.833558 0.509266 0.214077 9.633800 0.123145 -0.206473 0.970672 -3.273300 0.538531 0.835474 0.109394 0.000000 0.000000 0.000000 0.000000 1.000000
-0.833888 0.508815 0.213867 9.633800 0.124456 -0.204164 0.970993 -3.273300 0.537720 0.836316 0.106925 0.000000 0.000000 0.000000 0.000000 1.000000
-0.834442 0.508245 0.213058 9.633800 0.125191 -0.201682 0.971417 -3.273300 0.536688 0.837264 0.104664 0.000000 0.000000 0.000000 0.000000 1.000000
-0.835090 0.507581 0.212101 9.633800 0.125609 -0.199437 0.971827 -3.273300 0.535582 0.838204 0.102791 0.000000 0.000000 0.000000 0.000000 1.000000
-0.835563 0.507228 0.211079 9.633800 0.125847 -0.197280 0.972236 -3.273300 0.534787 0.838928 0.101007 0.000000 0.000000 0.000000 0.000000 1.000000
-0.835818 0.507150 0.210256 9.633800 0.125927 -0.195668 0.972551 -3.273300 0.534370 0.839353 0.099679 -0.000000 0.000000 0.000000 0.000000 1.000000
-0.835866 0.507407 0.209444 9.633800 0.125930 -0.194124 0.972861 -3.273300 0.534294 0.839556 0.098364 0.000000 0.000000 0.000000 0.000000 1.000000
-0.835620 0.508181 0.208547 9.633800 0.125526 -0.192952 0.973146 -3.273300 0.534774 0.839358 0.097444 0.000000 0.000000 0.000000 0.000000 1.000000
-0.835552 0.508579 0.207848 9.633800 0.125385 -0.191812 0.973389 -3.273300 0.534913 0.839378 0.096501 0.000000 0.000000 0.000000 0.000000 1.000000
-0.835756 0.508433 0.207384 9.633800 0.124973 -0.191640 0.973476 -3.273300 0.534690 0.839506 0.096624 -0.000000 0.000000 0.000000 0.000000 1.000000
-0.836115 0.508049 0.206874 9.633800 0.124887 -0.190923 0.973628 -3.273300 0.534148 0.839901 0.096185 0.000000 0.000000 0.000000 0.000000 1.000000
-0.836706 0.507341 0.206222 9.633800 0.124657 -0.190239 0.973791 -3.273300 0.533276 0.840484 0.095931 0.000000 0.000000 0.000000 0.000000 1.000000
-0.837209 0.506754 0.205625 9.633800 0.124662 -0.189257 0.973982 -3.273300 0.532485 0.841060 0.095275 0.000000 0.000000 0.000000 0.000000 1.000000
-0.837499 0.506377 0.205372 9.633800 0.124712 -0.188792 0.974066 -3.273300 0.532017 0.841392 0.094962 -0.000000 0.000000 0.000000 0.000000 1.000000
-0.837323 0.506754 0.205161 9.633800 0.124732 -0.188294 0.974160 -3.273300 0.532290 0.841276 0.094454 0.000000 0.000000 0.000000 0.000000 1.000000
-0.837359 0.506658 0.205250 9.633800 0.124865 -0.188267 0.974148 -3.273300 0.532202 0.841340 0.094383 -0.000000 0.000000 0.000000 0.000000 1.000000
-0.837221 0.506864 0.205305 9.633800 0.125251 -0.187717 0.974205 -3.273300 0.532329 0.841339 0.093675 0.000000 0.000000 0.000000 0.000000 1.000000
-0.836949 0.507209 0.205560 9.633800 0.125448 -0.187803 0.974163 -3.273300 0.532709 0.841112 0.093553 0.000000 0.000000 0.000000 0.000000 1.000000
-0.836808 0.507551 0.205291 9.633800 0.125266 -0.187526 0.974239 -3.273300 0.532974 0.840967 0.093344 0.000000 0.000000 0.000000 0.000000 1.000000
-0.836843 0.507667 0.204858 9.633800 0.124918 -0.187257 0.974336 -3.273300 0.532999 0.840957 0.093288 0.000000 0.000000 0.000000 0.000000 1.000000
-0.837072 0.507411 0.204560 9.633800 0.125002 -0.186628 0.974446 -3.273300 0.532621 0.841252 0.092794 0.000000 0.000000 0.000000 0.000000 1.000000
-0.837329 0.507070 0.204354 9.633800 0.124796 -0.186643 0.974469 -3.273300 0.532266 0.841454 0.093001 0.000000 0.000000 0.000000 0.000000 1.000000
-0.837489 0.506792 0.204388 9.633800 0.124750 -0.186837 0.974438 -3.273300 0.532024 0.841578 0.093252 0.000000 0.000000 0.000000 0.000000 1.000000
-0.837932 0.506094 0.204299 9.633800 0.124703 -0.186890 0.974434 -3.273300 0.531337 0.841986 0.093490 0.000000 0.000000 0.000000 0.000000 1.000000
-0.838232 0.505650 0.204171 9.633800 0.124715 -0.186724 0.974464 -3.273300 0.530861 0.842290 0.093456 0.000000 0.000000 0.000000 0.000000 1.000000
-0.838284 0.505480 0.204376 9.633800 0.124708 -0.187148 0.974384 -3.273300 0.530780 0.842298 0.093845 0.000000 0.000000 0.000000 0.000000 1.000000
-0.838240 0.505435 0.204669 9.633800 0.124786 -0.187575 0.974292 -3.273300 0.530832 0.842230 0.094161 -0.000000 0.000000 0.000000 0.000000 1.000000
-0.838030 0.505448 0.205496 9.633800 0.125025 -0.188716 0.974041 -3.273300 0.531107 0.841967 0.094956 0.000000 0.000000 0.000000 0.000000 1.000000
-0.837728 0.505622 0.206298 9.633800 0.125008 -0.190185 0.973757 -3.273300 0.531588 0.841532 0.096116 0.000000 0.000000 0.000000 0.000000 1.000000
-0.837295 0.506083 0.206921 9.633800 0.124495 -0.192042 0.973458 -3.273300 0.532388 0.840833 0.097791 0.000000 0.000000 0.000000 0.000000 1.000000
-0.836905 0.506709 0.206970 9.633800 0.123023 -0.194320 0.973193 -3.273300 0.533344 0.839932 0.100291 0.000000 0.000000 0.000000 0.000000 1.000000
-0.836413 0.507652 0.206647 9.633800 0.121865 -0.195343 0.973134 -3.273300 0.534381 0.839125 0.101522 -0.000000 0.000000 0.000000 0.000000 1.000000
-0.836187 0.508351 0.205842 9.633800 0.121014 -0.195052 0.973299 -3.273300 0.534928 0.838769 0.101583 0.000000 0.000000 0.000000 0.000000 1.000000
-0.835798 0.509458 0.204678 9.633800 0.120740 -0.193116 0.973719 -3.273300 0.535596 0.838545 0.099894 0.000000 0.000000 0.000000 0.000000 1.000000
-0.835754 0.510017 0.203463 9.633800 0.120564 -0.191055 0.974147 -3.273300 0.535705 0.838678 0.098185 0.000000 0.000000 0.000000 0.000000 1.000000
-0.836042 0.509875 0.202634 9.633800 0.120666 -0.189410 0.974456 -3.273300 0.535232 0.839137 0.096830 -0.000000 0.000000 0.000000 0.000000 1.000000
-0.836389 0.509529 0.202071 9.633800 0.120769 -0.188292 0.974659 -3.273300 0.534666 0.839599 0.095950 -0.000000 0.000000 0.000000 0.000000 1.000000
-0.836786 0.509084 0.201552 9.633800 0.120612 -0.187682 0.974797 -3.273300 0.534081 0.840005 0.095648 0.000000 0.000000 0.000000 0.000000 1.000000
-0.837196 0.508514 0.201287 9.633800 0.120301 -0.187805 0.974811 -3.273300 0.533508 0.840323 0.096055 0.000000 0.000000 0.000000 0.000000 1.000000
-0.837252 0.508286 0.201627 9.633800 0.120238 -0.188574 0.974670 -3.273300 0.533433 0.840288 0.096769 -0.000000 0.000000 0.000000 0.000000 1.000000
-0.837036 0.508237 0.202647 9.633800 0.120395 -0.190207 0.974334 -3.273300 0.533737 0.839950 0.098021 0.000000 0.000000 0.000000 0.000000 1.000000
-0.836591 0.508316 0.204278 9.633800 0.120957 -0.192294 0.973854 -3.273300 0.534308 0.839427 0.099387 -0.000000 0.000000 0.000000 0.000000 1.000000
-0.836125 0.508554 0.205592 9.633800 0.121263 -0.194162 0.973446 -3.273300 0.534968 0.838853 0.100675 -0.000000 0.000000 0.000000 0.000000 1.000000
-0.835785 0.508823 0.206309 9.633800 0.121302 -0.195348 0.973203 -3.273300 0.535490 0.838414 0.101548 0.000000 0.000000 0.000000 0.000000 1.000000
-0.835559 0.508771 0.207347 9.633800 0.121537 -0.196885 0.972864 -3.273300 0.535789 0.838086 0.102674 -0.000000 0.000000 0.000000 0.000000 1.000000</float_array>
        <technique_common>
          <accessor source="#mixamorig_LeftUpLeg-Matrix-animation-output-transform-array" count="71" stride="16">
            <param type="float4x4"/>
          </accessor>
        </technique_common>
      </source>
      <source id="mixamorig_LeftUpLeg-Interpolations">
        <Name_array id="mixamorig_LeftUpLeg-Interpolations-array" count="71">
 LINEAR LINEAR LINEAR LINEAR LINEAR LINEAR LINEAR LINEAR LINEAR LINEAR LINEAR
LINEAR LINEAR LINEAR LINEAR LINEAR LINEAR LINEAR LINEAR LINEAR LINEAR LINEAR LINEAR
LINEAR LINEAR LINEAR LINEAR LINEAR LINEAR LINEAR LINEAR LINEAR LINEAR LINEAR LINEAR
LINEAR LINEAR LINEAR LINEAR LINEAR LINEAR LINEAR LINEAR LINEAR LINEAR LINEAR LINEAR
LINEAR LINEAR LINEAR LINEAR LINEAR LINEAR LINEAR LINEAR LINEAR LINEAR LINEAR LINEAR
LINEAR LINEAR LINEAR LINEAR LINEAR LINEAR LINEAR LINEAR LINEAR LINEAR LINEAR LINEAR</Name_array>
        <technique_common>
          <accessor source="#mixamorig_LeftUpLeg-Interpolations-array" count="71">
            <param type="name"/>
          </accessor>
        </technique_common>
      </source>
      <sampler id="mixamorig_LeftUpLeg-Matrix-animation-transform">
        <input semantic="INPUT" source="#mixamorig_LeftUpLeg-Matrix-animation-input"/>
        <input semantic="OUTPUT" source="#mixamorig_LeftUpLeg-Matrix-animation-output-transform"/>
        <input semantic="INTERPOLATION" source="#mixamorig_LeftUpLeg-Interpolations"/>
      </sampler>
      <channel source="#mixamorig_LeftUpLeg-Matrix-animation-transform" target="mixamorig_LeftUpLeg/matrix"/>
    </animation>
    <animation id="mixamorig_LeftLeg-anim" name="mixamorig_LeftLeg">
      <source id="mixamorig_LeftLeg-Matrix-animation-input">
        <float_array id="mixamorig_LeftLeg-Matrix-animation-input-array" count="71">

0.000000 0.033333 0.066667 0.100000 0.133333 0.166667 0.200000 0.233333 0.266667 0.300000 0.333333 0.366667 0.400000 0.433333 0.466667 0.500000
0.533333 0.566667 0.600000 0.633333 0.666667 0.700000 0.733333 0.766667 0.800000 0.833333 0.866667 0.900000 0.933333 0.966667 1.000000 1.033333
1.066667 1.100000 1.133333 1.166667 1.200000 1.233333 1.266667 1.300000 1.333333 1.366667 1.400000 1.433333 1.466667 1.500000 1.533333 1.566667
1.600000 1.633333 1.666667 1.700000 1.733333 1.766667 1.800000 1.833333 1.866667 1.900000 1.933333 1.966667 2.000000 2.033333 2.066667 2.100000
2.133333 2.166667 2.200000 2.233333 2.266667 2.300000 2.333333</float_array>
        <technique_common>
          <accessor source="#mixamorig_LeftLeg-Matrix-animation-input-array" count="71">
            <param name="TIME" type="float"/>
          </accessor>
        </technique_common>
      </source>
      <source id="mixamorig_LeftLeg-Matrix-animation-output-transform">
        <float_array id="mixamorig_LeftLeg-Matrix-animation-output-transform-array" count="1136">

0.931519 -0.023284 0.362946 0.000000 -0.304974 -0.593716 0.744642 41.834499 0.198149 -0.804338 -0.560159 -0.000000 0.000000 0.000000 0.000000 1.000000
0.932217 -0.023018 0.361167 -0.000000 -0.303686 -0.592563 0.746086 41.834499 0.196841 -0.805195 -0.559387 0.000000 0.000000 0.000000 0.000000 1.000000
0.932372 -0.022985 0.360768 0.000000 -0.303617 -0.591461 0.746988 41.834499 0.196211 -0.806006 -0.558440 0.000000 0.000000 0.000000 0.000000 1.000000
0.931976 -0.023208 0.361778 0.000000 -0.304910 -0.589977 0.747634 41.834499 0.196090 -0.807086 -0.556921 -0.000000 0.000000 0.000000 0.000000 1.000000
0.931518 -0.023223 0.362954 0.000000 -0.306205 -0.588569 0.748215 41.834499 0.196248 -0.808114 -0.555373 -0.000000 0.000000 0.000000 0.000000 1.000000
0.931735 -0.023266 0.362393 -0.000000 -0.306042 -0.587480 0.749137 41.834499 0.195469 -0.808904 -0.554496 0.000000 0.000000 0.000000 0.000000 1.000000
0.932025 -0.023438 0.361636 -0.000000 -0.305794 -0.586377 0.750102 41.834499 0.194474 -0.809699 -0.553685 -0.000000 0.000000 0.000000 0.000000 1.000000
0.932519 -0.023478 0.360358 0.000000 -0.304980 -0.585566 0.751065 41.834499 0.193380 -0.810284 -0.553212 0.000000 0.000000 0.000000 0.000000 1.000000
0.931927 -0.023511 0.361883 0.000000 -0.306380 -0.584926 0.750994 41.834499 0.194019 -0.810746 -0.552312 0.000000 0.000000 0.000000 0.000000 1.000000
0.931936 -0.023522 0.361859 0.000000 -0.306554 -0.584143 0.751532 41.834499 0.193700 -0.811310 -0.551595 0.000000 0.000000 0.000000 0.000000 1.000000
0.932406 -0.023517 0.360647 0.000000 -0.305703 -0.583604 0.752298 41.834499 0.192783 -0.811698 -0.551345 0.000000 0.000000 0.000000 0.000000 1.000000
0.932561 -0.023509 0.360245 0.000000 -0.305518 -0.582996 0.752844 41.834499 0.192323 -0.812135 -0.550862 0.000000 0.000000 0.000000 0.000000 1.000000
0.932526 -0.023482 0.360338 -0.000000 -0.305674 -0.582590 0.753095 41.834499 0.192245 -0.812427 -0.550458 0.000000 0.000000 0.000000 0.000000 1.000000
0.932530 -0.023490 0.360328 0.000000 -0.305784 -0.582109 0.753422 41.834499 0.192052 -0.812771 -0.550017 0.000000 0.000000 0.000000 0.000000 1.000000
0.932184 -0.023481 0.361222 0.000000 -0.306623 -0.581598 0.753476 41.834499 0.192393 -0.813138 -0.549356 -0.000000 0.000000 0.000000 0.000000 1.000000
0.932289 -0.023459 0.360952 0.000000 -0.306510 -0.581101 0.753905 41.834499 0.192064 -0.813493 -0.548945 0.000000 0.000000 0.000000 0.000000 1.000000
0.932556 -0.023436 0.360265 0.000000 -0.306047 -0.580653 0.754439 41.834499 0.191508 -0.813814 -0.548663 0.000000 0.000000 0.000000 0.000000 1.000000
0.932417 -0.023416 0.360625 0.000000 -0.306445 -0.580155 0.754660 41.834499 0.191547 -0.814169 -0.548122 0.000000 0.000000 0.000000 0.000000 1.000000
0.932016 -0.023398 0.361661 0.000000 -0.307389 -0.579667 0.754651 41.834499 0.191985 -0.814517 -0.547451 -0.000000 0.000000 0.000000 0.000000 1.000000
0.931646 -0.023379 0.362615 0.000000 -0.308236 -0.579305 0.754584 41.834499 0.192423 -0.814776 -0.546913 0.000000 0.000000 0.000000 0.000000 1.000000
0.931607 -0.023355 0.362717 -0.000000 -0.308312 -0.579275 0.754575 41.834499 0.192490 -0.814797 -0.546857 0.000000 0.000000 0.000000 0.000000 1.000000
0.931322 -0.023332 0.363450 -0.000000 -0.308827 -0.579557 0.754148 41.834499 0.193044 -0.814598 -0.546959 0.000000 0.000000 0.000000 0.000000 1.000000
0.931292 -0.023299 0.363526 0.000000 -0.308800 -0.579856 0.753929 41.834499 0.193227 -0.814386 -0.547211 0.000000 0.000000 0.000000 0.000000 1.000000
0.931216 -0.023263 0.363725 -0.000000 -0.308893 -0.580057 0.753737 41.834499 0.193447 -0.814244 -0.547344 -0.000000 0.000000 0.000000 0.000000 1.000000
0.931499 -0.023223 0.363001 0.000000 -0.308248 -0.580219 0.753876 41.834499 0.193113 -0.814129 -0.547632 -0.000000 0.000000 0.000000 0.000000 1.000000
0.931529 -0.023181 0.362928 0.000000 -0.308208 -0.580038 0.754032 41.834499 0.193033 -0.814260 -0.547467 0.000000 0.000000 0.000000 0.000000 1.000000
0.931495 -0.023157 0.363016 -0.000000 -0.308360 -0.579643 0.754273 41.834499 0.192953 -0.814541 -0.547075 0.000000 0.000000 0.000000 0.000000 1.000000
0.931877 -0.023128 0.362035 0.000000 -0.307661 -0.579176 0.754917 41.834499 0.192222 -0.814874 -0.546837 -0.000000 0.000000 0.000000 0.000000 1.000000
0.931902 -0.023109 0.361973 0.000000 -0.307732 -0.578616 0.755318 41.834499 0.191989 -0.815273 -0.546325 -0.000000 0.000000 0.000000 0.000000 1.000000
0.932059 -0.023091 0.361569 0.000000 -0.307468 -0.578305 0.755663 41.834499 0.191649 -0.815494 -0.546114 -0.000000 0.000000 0.000000 0.000000 1.000000
0.932471 -0.023072 0.360506 0.000000 -0.306531 -0.578579 0.755834 41.834499 0.191143 -0.815300 -0.546581 0.000000 0.000000 0.000000 0.000000 1.000000
0.932586 -0.023116 0.360207 0.000000 -0.306180 -0.579144 0.755543 41.834499 0.191146 -0.814897 -0.547179 0.000000 0.000000 0.000000 0.000000 1.000000
0.932914 -0.023091 0.359357 -0.000000 -0.305228 -0.580213 0.755108 41.834499 0.191067 -0.814137 -0.548337 0.000000 0.000000 0.000000 0.000000 1.000000
0.933058 -0.023026 0.358988 0.000000 -0.304651 -0.581242 0.754550 41.834499 0.191285 -0.813405 -0.549348 0.000000 0.000000 0.000000 0.000000 1.000000
0.933360 -0.023016 0.358203 -0.000000 -0.303726 -0.582458 0.753985 41.834499 0.191285 -0.812535 -0.550633 -0.000000 0.000000 0.000000 0.000000 1.000000
0.933490 -0.023008 0.357864 0.000000 -0.303346 -0.582891 0.753803 41.834499 0.191252 -0.812224 -0.551103 0.000000 0.000000 0.000000 0.000000 1.000000
0.933872 -0.022996 0.356867 0.000000 -0.302478 -0.583132 0.753965 41.834499 0.190763 -0.812052 -0.551527 -0.000000 0.000000 0.000000 0.000000 1.000000
0.933890 -0.022982 0.356821 0.000000 -0.302346 -0.583499 0.753735 41.834499 0.190882 -0.811789 -0.551873 -0.000000 0.000000 0.000000 0.000000 1.000000
0.933966 -0.022960 0.356624 0.000000 -0.302031 -0.584111 0.753387 41.834499 0.191010 -0.811349 -0.552474 -0.000000 0.000000 0.000000 0.000000 1.000000
0.934305 -0.022921 0.355736 -0.000000 -0.301248 -0.584306 0.753549 41.834499 0.190586 -0.811209 -0.552826 -0.000000 0.000000 0.000000 0.000000 1.000000
0.934397 -0.022857 0.355500 -0.000000 -0.301034 -0.584253 0.753675 41.834499 0.190475 -0.811250 -0.552805 0.000000 0.000000 0.000000 0.000000 1.000000
0.934565 -0.022817 0.355060 0.000000 -0.300656 -0.584260 0.753821 41.834499 0.190248 -0.811246 -0.552889 0.000000 0.000000 0.000000 0.000000 1.000000
0.934718 -0.022801 0.354659 0.000000 -0.300245 -0.584595 0.753725 41.834499 0.190146 -0.811005 -0.553277 -0.000000 0.000000 0.000000 0.000000 1.000000
0.934237 -0.022782 0.355925 0.000000 -0.301249 -0.584625 0.753301 41.834499 0.190921 -0.810984 -0.553041 0.000000 0.000000 0.000000 0.000000 1.000000
0.933884 -0.022720 0.356854 0.000000 -0.301917 -0.584825 0.752879 41.834499 0.191592 -0.810841 -0.553018 0.000000 0.000000 0.000000 0.000000 1.000000
0.933935 -0.022575 0.356729 0.000000 -0.301649 -0.585195 0.752699 41.834499 0.191764 -0.810579 -0.553344 0.000000 0.000000 0.000000 0.000000 1.000000
0.934232 -0.022484 0.355956 0.000000 -0.300758 -0.586112 0.752341 41.834499 0.191714 -0.809918 -0.554327 0.000000 0.000000 0.000000 0.000000 1.000000
0.934039 -0.022459 0.356465 0.000000 -0.301030 -0.586637 0.751823 41.834499 0.192230 -0.809539 -0.554702 -0.000000 0.000000 0.000000 0.000000 1.000000
0.933624 -0.022714 0.357533 -0.000000 -0.301966 -0.586908 0.751236 41.834499 0.192775 -0.809335 -0.554810 0.000000 0.000000 0.000000 0.000000 1.000000
0.934025 -0.022544 0.356497 -0.000000 -0.300943 -0.587309 0.751333 41.834499 0.192435 -0.809048 -0.555346 -0.000000 0.000000 0.000000 0.000000 1.000000
0.934594 -0.022331 0.355015 0.000000 -0.299601 -0.587448 0.751761 41.834499 0.191765 -0.808954 -0.555715 0.000000 0.000000 0.000000 0.000000 1.000000
0.934265 -0.022296 0.355882 0.000000 -0.300346 -0.587161 0.751687 41.834499 0.192200 -0.809163 -0.555261 0.000000 0.000000 0.000000 0.000000 1.000000
0.933987 -0.022328 0.356609 -0.000000 -0.301001 -0.586945 0.751595 41.834499 0.192528 -0.809319 -0.554920 -0.000000 0.000000 0.000000 0.000000 1.000000
0.933941 -0.022385 0.356726 -0.000000 -0.301128 -0.586937 0.751550 41.834499 0.192552 -0.809323 -0.554905 0.000000 0.000000 0.000000 0.000000 1.000000
0.934031 -0.022426 0.356488 0.000000 -0.300949 -0.586982 0.751587 41.834499 0.192397 -0.809290 -0.555008 0.000000 0.000000 0.000000 0.000000 1.000000
0.933984 -0.022410 0.356612 0.000000 -0.300899 -0.587570 0.751146 41.834499 0.192702 -0.808863 -0.555524 -0.000000 0.000000 0.000000 0.000000 1.000000
0.933856 -0.022254 0.356957 0.000000 -0.300801 -0.588782 0.750236 41.834499 0.193474 -0.807985 -0.556532 0.000000 0.000000 0.000000 0.000000 1.000000
0.934464 -0.022147 0.355369 0.000000 -0.298997 -0.590746 0.749413 41.834499 0.193336 -0.806554 -0.558652 0.000000 0.000000 0.000000 0.000000 1.000000
0.933625 -0.022405 0.357550 0.000000 -0.300510 -0.592314 0.747568 41.834499 0.195032 -0.805396 -0.559732 0.000000 0.000000 0.000000 0.000000 1.000000
0.933118 -0.022530 0.358863 0.000000 -0.301181 -0.594158 0.745832 41.834499 0.196418 -0.804033 -0.561205 -0.000000 0.000000 0.000000 0.000000 1.000000
0.933078 -0.022483 0.358969 -0.000000 -0.300824 -0.595859 0.744619 41.834499 0.197154 -0.802774 -0.562747 -0.000000 0.000000 0.000000 0.000000 1.000000
0.933593 -0.022491 0.357628 0.000000 -0.299422 -0.597230 0.744086 41.834499 0.196851 -0.801755 -0.564304 0.000000 0.000000 0.000000 0.000000 1.000000
0.933349 -0.022838 0.358242 0.000000 -0.299896 -0.598081 0.743210 41.834499 0.197285 -0.801110 -0.565068 0.000000 0.000000 0.000000 0.000000 1.000000
0.932997 -0.023313 0.359128 0.000000 -0.300791 -0.598394 0.742597 41.834499 0.197587 -0.800863 -0.565312 0.000000 0.000000 0.000000 0.000000 1.000000
0.933086 -0.023312 0.358898 0.000000 -0.300593 -0.598456 0.742627 41.834499 0.197472 -0.800816 -0.565418 0.000000 0.000000 0.000000 0.000000 1.000000
0.932818 -0.023315 0.359593 -0.000000 -0.301257 -0.598014 0.742714 41.834499 0.197725 -0.801146 -0.564862 0.000000 0.000000 0.000000 0.000000 1.000000
0.932431 -0.023318 0.360595 0.000000 -0.302292 -0.597057 0.743062 41.834499 0.197969 -0.801860 -0.563764 0.000000 0.000000 0.000000 0.000000 1.000000
0.932387 -0.023317 0.360710 0.000000 -0.302665 -0.595916 0.743827 41.834499 0.197609 -0.802708 -0.562681 0.000000 0.000000 0.000000 0.000000 1.000000
0.931932 -0.023320 0.361882 0.000000 -0.303897 -0.594718 0.744283 41.834499 0.197861 -0.803596 -0.561323 0.000000 0.000000 0.000000 0.000000 1.000000
0.931473 -0.023325 0.363063 0.000000 -0.304999 -0.594087 0.744337 41.834499 0.198329 -0.804063 -0.560490 -0.000000 0.000000 0.000000 0.000000 1.000000
0.931476 -0.023324 0.363055 0.000000 -0.305083 -0.593717 0.744597 41.834499 0.198185 -0.804336 -0.560149 0.000000 0.000000 0.000000 0.000000 1.000000</float_array>
        <technique_common>
          <accessor source="#mixamorig_LeftLeg-Matrix-animation-output-transform-array" count="71" stride="16">
            <param type="float4x4"/>
          </accessor>
        </technique_common>
      </source>
      <source id="mixamorig_LeftLeg-Interpolations">
        <Name_array id="mixamorig_LeftLeg-Interpolations-array" count="71">
 LINEAR LINEAR LINEAR LINEAR LINEAR LINEAR LINEAR LINEAR LINEAR LINEAR LINEAR
LINEAR LINEAR LINEAR LINEAR LINEAR LINEAR LINEAR LINEAR LINEAR LINEAR LINEAR LINEAR
LINEAR LINEAR LINEAR LINEAR LINEAR LINEAR LINEAR LINEAR LINEAR LINEAR LINEAR LINEAR
LINEAR LINEAR LINEAR LINEAR LINEAR LINEAR LINEAR LINEAR LINEAR LINEAR LINEAR LINEAR
LINEAR LINEAR LINEAR LINEAR LINEAR LINEAR LINEAR LINEAR LINEAR LINEAR LINEAR LINEAR
LINEAR LINEAR LINEAR LINEAR LINEAR LINEAR LINEAR LINEAR LINEAR LINEAR LINEAR LINEAR</Name_array>
        <technique_common>
          <accessor source="#mixamorig_LeftLeg-Interpolations-array" count="71">
            <param type="name"/>
          </accessor>
        </technique_common>
      </source>
      <sampler id="mixamorig_LeftLeg-Matrix-animation-transform">
        <input semantic="INPUT" source="#mixamorig_LeftLeg-Matrix-animation-input"/>
        <input semantic="OUTPUT" source="#mixamorig_LeftLeg-Matrix-animation-output-transform"/>
        <input semantic="INTERPOLATION" source="#mixamorig_LeftLeg-Interpolations"/>
      </sampler>
      <channel source="#mixamorig_LeftLeg-Matrix-animation-transform" target="mixamorig_LeftLeg/matrix"/>
    </animation>
    <animation id="mixamorig_LeftFoot-anim" name="mixamorig_LeftFoot">
      <source id="mixamorig_LeftFoot-Matrix-animation-input">
        <float_array id="mixamorig_LeftFoot-Matrix-animation-input-array" count="71">

0.000000 0.033333 0.066667 0.100000 0.133333 0.166667 0.200000 0.233333 0.266667 0.300000 0.333333 0.366667 0.400000 0.433333 0.466667 0.500000
0.533333 0.566667 0.600000 0.633333 0.666667 0.700000 0.733333 0.766667 0.800000 0.833333 0.866667 0.900000 0.933333 0.966667 1.000000 1.033333
1.066667 1.100000 1.133333 1.166667 1.200000 1.233333 1.266667 1.300000 1.333333 1.366667 1.400000 1.433333 1.466667 1.500000 1.533333 1.566667
1.600000 1.633333 1.666667 1.700000 1.733333 1.766667 1.800000 1.833333 1.866667 1.900000 1.933333 1.966667 2.000000 2.033333 2.066667 2.100000
2.133333 2.166667 2.200000 2.233333 2.266667 2.300000 2.333333</float_array>
        <technique_common>
          <accessor source="#mixamorig_LeftFoot-Matrix-animation-input-array" count="71">
            <param name="TIME" type="float"/>
          </accessor>
        </technique_common>
      </source>
      <source id="mixamorig_LeftFoot-Matrix-animation-output-transform">
        <float_array id="mixamorig_LeftFoot-Matrix-animation-output-transform-array" count="1136">

0.963642 -0.121308 0.238071 0.000000 0.261272 0.241233 -0.934636 38.943199 0.055948 0.962856 0.264157 -0.000000 0.000000 0.000000 0.000000 1.000000
0.963577 -0.121292 0.238345 -0.000000 0.261389 0.238747 -0.935241 38.943199 0.056533 0.963477 0.261755 -0.000000 0.000000 0.000000 0.000000 1.000000
0.963426 -0.121524 0.238833 0.000000 0.261988 0.239833 -0.934796 38.943199 0.056320 0.963178 0.262899 0.000000 0.000000 0.000000 0.000000 1.000000
0.963441 -0.121499 0.238787 -0.000000 0.261916 0.239480 -0.934906 38.943199 0.056406 0.963269 0.262548 0.000000 0.000000 0.000000 0.000000 1.000000
0.963319 -0.121629 0.239213 0.000000 0.262298 0.238374 -0.935082 38.943199 0.056711 0.963527 0.261533 0.000000 0.000000 0.000000 0.000000 1.000000
0.963362 -0.121587 0.239063 -0.000000 0.262173 0.238918 -0.934978 38.943199 0.056564 0.963397 0.262042 -0.000000 0.000000 0.000000 0.000000 1.000000
0.963402 -0.121419 0.238985 0.000000 0.261868 0.235779 -0.935860 38.943199 0.057284 0.964192 0.258946 -0.000000 0.000000 0.000000 0.000000 1.000000
0.963488 -0.121221 0.238741 0.000000 0.261449 0.233591 -0.936525 38.943199 0.057759 0.964749 0.256755 0.000000 0.000000 0.000000 0.000000 1.000000
0.963302 -0.121475 0.239361 0.000000 0.262108 0.233427 -0.936382 38.943199 0.057874 0.964757 0.256700 0.000000 0.000000 0.000000 0.000000 1.000000
0.963281 -0.121386 0.239490 0.000000 0.262187 0.233040 -0.936456 38.943199 0.057862 0.964861 0.256309 -0.000000 0.000000 0.000000 0.000000 1.000000
0.963320 -0.121048 0.239503 0.000000 0.262117 0.233128 -0.936454 38.943199 0.057522 0.964883 0.256306 -0.000000 0.000000 0.000000 0.000000 1.000000
0.963301 -0.121095 0.239556 -0.000000 0.262256 0.234382 -0.936102 38.943199 0.057209 0.964573 0.257539 0.000000 0.000000 0.000000 0.000000 1.000000
0.963340 -0.121345 0.239271 0.000000 0.262130 0.235841 -0.935771 38.943199 0.057122 0.964186 0.259003 -0.000000 0.000000 0.000000 0.000000 1.000000
0.963168 -0.121762 0.239752 0.000000 0.262664 0.235127 -0.935801 38.943199 0.057573 0.964308 0.258449 0.000000 0.000000 0.000000 0.000000 1.000000
0.963036 -0.121908 0.240208 0.000000 0.263104 0.234442 -0.935849 38.943199 0.057772 0.964456 0.257850 -0.000000 0.000000 0.000000 0.000000 1.000000
0.963045 -0.121875 0.240190 -0.000000 0.263042 0.233838 -0.936018 38.943199 0.057912 0.964607 0.257255 -0.000000 0.000000 0.000000 0.000000 1.000000
0.963048 -0.121825 0.240205 0.000000 0.262956 0.232388 -0.936403 38.943199 0.058256 0.964964 0.255835 0.000000 0.000000 0.000000 0.000000 1.000000
0.962867 -0.122054 0.240810 -0.000000 0.263554 0.231569 -0.936437 38.943199 0.058532 0.965131 0.255138 -0.000000 0.000000 0.000000 0.000000 1.000000
0.962874 -0.122058 0.240780 0.000000 0.263499 0.231132 -0.936561 38.943199 0.058662 0.965236 0.254713 -0.000000 0.000000 0.000000 0.000000 1.000000
0.962821 -0.122108 0.240967 -0.000000 0.263574 0.229180 -0.937019 38.943199 0.059193 0.965695 0.252844 0.000000 0.000000 0.000000 0.000000 1.000000
0.962806 -0.122109 0.241026 0.000000 0.263572 0.228196 -0.937260 38.943199 0.059447 0.965928 0.251893 0.000000 0.000000 0.000000 0.000000 1.000000
0.962768 -0.122146 0.241160 -0.000000 0.263658 0.227309 -0.937451 38.943199 0.059688 0.966132 0.251051 0.000000 0.000000 0.000000 0.000000 1.000000
0.962683 -0.122224 0.241461 -0.000000 0.263880 0.225862 -0.937738 38.943199 0.060077 0.966461 0.249686 -0.000000 0.000000 0.000000 0.000000 1.000000
0.962721 -0.122149 0.241345 -0.000000 0.263668 0.224567 -0.938109 38.943199 0.060390 0.966773 0.248402 0.000000 0.000000 0.000000 0.000000 1.000000
0.962807 -0.121991 0.241082 0.000000 0.263276 0.223045 -0.938582 38.943199 0.060726 0.967145 0.246866 0.000000 0.000000 0.000000 0.000000 1.000000
0.962913 -0.121786 0.240763 0.000000 0.262798 0.221188 -0.939156 38.943199 0.061122 0.967597 0.244990 0.000000 0.000000 0.000000 0.000000 1.000000
0.962732 -0.121953 0.241400 -0.000000 0.263341 0.219312 -0.939443 38.943199 0.061627 0.968003 0.243254 0.000000 0.000000 0.000000 0.000000 1.000000
0.962380 -0.122314 0.242618 0.000000 0.264476 0.217085 -0.939642 38.943199 0.062263 0.968459 0.241268 0.000000 0.000000 0.000000 0.000000 1.000000
0.962053 -0.122615 0.243760 0.000000 0.265481 0.214252 -0.940008 38.943199 0.063033 0.969052 0.238674 -0.000000 0.000000 0.000000 0.000000 1.000000
0.961965 -0.122481 0.244175 0.000000 0.265670 0.211419 -0.940596 38.943199 0.063582 0.969691 0.235917 0.000000 0.000000 0.000000 0.000000 1.000000
0.962186 -0.122003 0.243542 0.000000 0.264862 0.210273 -0.941081 38.943199 0.063605 0.970000 0.234636 -0.000000 0.000000 0.000000 0.000000 1.000000
0.962215 -0.121926 0.243467 -0.000000 0.264791 0.210580 -0.941032 38.943199 0.063467 0.969943 0.234908 0.000000 0.000000 0.000000 0.000000 1.000000
0.962375 -0.121433 0.243079 0.000000 0.264415 0.212434 -0.940721 38.943199 0.062596 0.969601 0.236550 0.000000 0.000000 0.000000 0.000000 1.000000
0.962818 -0.120301 0.241886 0.000000 0.263165 0.215372 -0.940404 38.943199 0.061036 0.969094 0.239023 -0.000000 0.000000 0.000000 0.000000 1.000000
0.963191 -0.119536 0.240779 0.000000 0.262120 0.218922 -0.939876 38.943199 0.059638 0.968393 0.242196 -0.000000 0.000000 0.000000 0.000000 1.000000
0.963248 -0.119576 0.240530 0.000000 0.261953 0.220005 -0.939669 38.943199 0.059444 0.968142 0.243242 0.000000 0.000000 0.000000 0.000000 1.000000
0.963300 -0.119646 0.240286 0.000000 0.261851 0.221926 -0.939246 38.943199 0.059051 0.967695 0.245111 -0.000000 0.000000 0.000000 0.000000 1.000000
0.963239 -0.119845 0.240431 0.000000 0.262113 0.223117 -0.938891 38.943199 0.058878 0.967396 0.246328 -0.000000 0.000000 0.000000 0.000000 1.000000
0.963096 -0.120162 0.240845 0.000000 0.262719 0.225131 -0.938240 38.943199 0.058519 0.966890 0.248392 0.000000 0.000000 0.000000 0.000000 1.000000
0.963100 -0.120201 0.240812 0.000000 0.262681 0.224889 -0.938309 38.943199 0.058630 0.966942 0.248165 0.000000 0.000000 0.000000 0.000000 1.000000
0.962993 -0.120378 0.241152 -0.000000 0.263033 0.224503 -0.938303 38.943199 0.058811 0.967010 0.247858 0.000000 0.000000 0.000000 0.000000 1.000000
0.962978 -0.120318 0.241241 -0.000000 0.263005 0.222861 -0.938702 38.943199 0.059179 0.967397 0.246254 0.000000 0.000000 0.000000 0.000000 1.000000
0.962942 -0.120385 0.241352 0.000000 0.263146 0.223137 -0.938597 38.943199 0.059138 0.967325 0.246547 -0.000000 0.000000 0.000000 0.000000 1.000000
0.962809 -0.120569 0.241790 -0.000000 0.263570 0.222344 -0.938666 38.943199 0.059414 0.967485 0.245853 0.000000 0.000000 0.000000 0.000000 1.000000
0.962723 -0.120729 0.242050 -0.000000 0.263848 0.222089 -0.938649 38.943199 0.059565 0.967523 0.245664 0.000000 0.000000 0.000000 0.000000 1.000000
0.962705 -0.120812 0.242081 -0.000000 0.263868 0.221586 -0.938762 38.943199 0.059772 0.967628 0.245200 -0.000000 0.000000 0.000000 0.000000 1.000000
0.962657 -0.121128 0.242113 0.000000 0.264029 0.222427 -0.938517 38.943199 0.059828 0.967396 0.246103 0.000000 0.000000 0.000000 0.000000 1.000000
0.962750 -0.121108 0.241753 0.000000 0.263661 0.222233 -0.938667 38.943199 0.059955 0.967443 0.245886 0.000000 0.000000 0.000000 0.000000 1.000000
0.962798 -0.121078 0.241578 0.000000 0.263485 0.222265 -0.938709 38.943199 0.059962 0.967439 0.245898 -0.000000 0.000000 0.000000 0.000000 1.000000
0.962871 -0.121000 0.241327 0.000000 0.263266 0.222987 -0.938599 38.943199 0.059758 0.967283 0.246563 -0.000000 0.000000 0.000000 0.000000 1.000000
0.962895 -0.120998 0.241233 0.000000 0.263243 0.224126 -0.938334 38.943199 0.059470 0.967020 0.247662 -0.000000 0.000000 0.000000 0.000000 1.000000
0.962671 -0.121255 0.241994 0.000000 0.264059 0.224283 -0.938067 38.943199 0.059470 0.966951 0.247929 0.000000 0.000000 0.000000 0.000000 1.000000
0.962399 -0.121679 0.242865 0.000000 0.265059 0.225024 -0.937607 38.943199 0.059436 0.966726 0.248815 0.000000 0.000000 0.000000 0.000000 1.000000
0.962364 -0.121711 0.242986 0.000000 0.265212 0.225460 -0.937459 38.943199 0.059315 0.966620 0.249254 -0.000000 0.000000 0.000000 0.000000 1.000000
0.962510 -0.121573 0.242474 -0.000000 0.264846 0.228193 -0.936902 38.943199 0.058571 0.965996 0.251836 -0.000000 0.000000 0.000000 0.000000 1.000000
0.962718 -0.121365 0.241753 -0.000000 0.264316 0.231944 -0.936130 38.943199 0.057540 0.965128 0.255376 0.000000 0.000000 0.000000 0.000000 1.000000
0.963079 -0.120669 0.240661 0.000000 0.263248 0.234880 -0.935699 38.943199 0.056383 0.964505 0.257974 -0.000000 0.000000 0.000000 0.000000 1.000000
0.963677 -0.119748 0.238720 -0.000000 0.261477 0.241059 -0.934623 38.943199 0.054373 0.963094 0.263614 -0.000000 0.000000 0.000000 0.000000 1.000000
0.963592 -0.120747 0.238559 -0.000000 0.261888 0.246364 -0.933124 38.943199 0.053899 0.961626 0.269016 -0.000000 0.000000 0.000000 0.000000 1.000000
0.963708 -0.121384 0.237766 0.000000 0.261791 0.255336 -0.930736 38.943199 0.052266 0.959203 0.277846 0.000000 0.000000 0.000000 0.000000 1.000000
0.964496 -0.120744 0.234879 -0.000000 0.259250 0.263278 -0.929233 38.943199 0.050361 0.957134 0.285233 0.000000 0.000000 0.000000 0.000000 1.000000
0.964825 -0.120721 0.233537 0.000000 0.258216 0.268339 -0.928073 38.943199 0.049371 0.955731 0.290072 0.000000 0.000000 0.000000 0.000000 1.000000
0.964718 -0.121479 0.233586 0.000000 0.258648 0.271485 -0.927037 38.943199 0.049201 0.954745 0.293327 0.000000 0.000000 0.000000 0.000000 1.000000
0.964861 -0.121543 0.232962 0.000000 0.258110 0.272304 -0.926947 38.943199 0.049228 0.954504 0.294107 0.000000 0.000000 0.000000 0.000000 1.000000
0.964974 -0.120889 0.232832 -0.000000 0.257705 0.270621 -0.927552 38.943199 0.049121 0.955065 0.292296 -0.000000 0.000000 0.000000 0.000000 1.000000
0.964886 -0.120911 0.233184 -0.000000 0.257884 0.267419 -0.928430 38.943199 0.049900 0.955964 0.289210 0.000000 0.000000 0.000000 0.000000 1.000000
0.964591 -0.121225 0.234239 -0.000000 0.258704 0.262006 -0.929745 38.943199 0.051337 0.957422 0.284090 -0.000000 0.000000 0.000000 0.000000 1.000000
0.964248 -0.121310 0.235604 0.000000 0.259688 0.255438 -0.931297 38.943199 0.052794 0.959185 0.277808 -0.000000 0.000000 0.000000 0.000000 1.000000
0.964098 -0.121089 0.236330 -0.000000 0.260028 0.250010 -0.932674 38.943199 0.053851 0.960642 0.272521 0.000000 0.000000 0.000000 0.000000 1.000000
0.963754 -0.121435 0.237553 0.000000 0.261092 0.246230 -0.933382 38.943199 0.054852 0.961574 0.269011 0.000000 0.000000 0.000000 0.000000 1.000000
0.963626 -0.121437 0.238071 -0.000000 0.261306 0.241234 -0.934626 38.943199 0.056067 0.962839 0.264192 -0.000000 0.000000 0.000000 0.000000 1.000000</float_array>
        <technique_common>
          <accessor source="#mixamorig_LeftFoot-Matrix-animation-output-transform-array" count="71" stride="16">
            <param type="float4x4"/>
          </accessor>
        </technique_common>
      </source>
      <source id="mixamorig_LeftFoot-Interpolations">
        <Name_array id="mixamorig_LeftFoot-Interpolations-array" count="71">
 LINEAR LINEAR LINEAR LINEAR LINEAR LINEAR LINEAR LINEAR LINEAR LINEAR LINEAR
LINEAR LINEAR LINEAR LINEAR LINEAR LINEAR LINEAR LINEAR LINEAR LINEAR LINEAR LINEAR
LINEAR LINEAR LINEAR LINEAR LINEAR LINEAR LINEAR LINEAR LINEAR LINEAR LINEAR LINEAR
LINEAR LINEAR LINEAR LINEAR LINEAR LINEAR LINEAR LINEAR LINEAR LINEAR LINEAR LINEAR
LINEAR LINEAR LINEAR LINEAR LINEAR LINEAR LINEAR LINEAR LINEAR LINEAR LINEAR LINEAR
LINEAR LINEAR LINEAR LINEAR LINEAR LINEAR LINEAR LINEAR LINEAR LINEAR LINEAR LINEAR</Name_array>
        <technique_common>
          <accessor source="#mixamorig_LeftFoot-Interpolations-array" count="71">
            <param type="name"/>
          </accessor>
        </technique_common>
      </source>
      <sampler id="mixamorig_LeftFoot-Matrix-animation-transform">
        <input semantic="INPUT" source="#mixamorig_LeftFoot-Matrix-animation-input"/>
        <input semantic="OUTPUT" source="#mixamorig_LeftFoot-Matrix-animation-output-transform"/>
        <input semantic="INTERPOLATION" source="#mixamorig_LeftFoot-Interpolations"/>
      </sampler>
      <channel source="#mixamorig_LeftFoot-Matrix-animation-transform" target="mixamorig_LeftFoot/matrix"/>
    </animation>
    <animation id="mixamorig_LeftToeBase-anim" name="mixamorig_LeftToeBase">
      <source id="mixamorig_LeftToeBase-Matrix-animation-input">
        <float_array id="mixamorig_LeftToeBase-Matrix-animation-input-array" count="71">

0.000000 0.033333 0.066667 0.100000 0.133333 0.166667 0.200000 0.233333 0.266667 0.300000 0.333333 0.366667 0.400000 0.433333 0.466667 0.500000
0.533333 0.566667 0.600000 0.633333 0.666667 0.700000 0.733333 0.766667 0.800000 0.833333 0.866667 0.900000 0.933333 0.966667 1.000000 1.033333
1.066667 1.100000 1.133333 1.166667 1.200000 1.233333 1.266667 1.300000 1.333333 1.366667 1.400000 1.433333 1.466667 1.500000 1.533333 1.566667
1.600000 1.633333 1.666667 1.700000 1.733333 1.766667 1.800000 1.833333 1.866667 1.900000 1.933333 1.966667 2.000000 2.033333 2.066667 2.100000
2.133333 2.166667 2.200000 2.233333 2.266667 2.300000 2.333333</float_array>
        <technique_common>
          <accessor source="#mixamorig_LeftToeBase-Matrix-animation-input-array" count="71">
            <param name="TIME" type="float"/>
          </accessor>
        </technique_common>
      </source>
      <source id="mixamorig_LeftToeBase-Matrix-animation-output-transform">
        <float_array id="mixamorig_LeftToeBase-Matrix-animation-output-transform-array" count="1136">

0.998695 -0.051034 -0.001976 -0.000000 -0.011950 -0.195878 -0.980555 15.200000 0.049654 0.979299 -0.196232 0.000000 0.000000 0.000000 0.000000 1.000000
0.998688 -0.051078 -0.003752 0.000000 -0.013629 -0.194425 -0.980823 15.200000 0.049369 0.979587 -0.194866 0.000000 0.000000 0.000000 0.000000 1.000000
0.998668 -0.051448 -0.003962 0.000000 -0.013973 -0.195720 -0.980560 15.200000 0.049673 0.979309 -0.196178 0.000000 0.000000 0.000000 0.000000 1.000000
0.998684 -0.051175 -0.003474 -0.000000 -0.013428 -0.195470 -0.980618 15.200000 0.049505 0.979374 -0.195900 -0.000000 0.000000 0.000000 0.000000 1.000000
0.998671 -0.051425 -0.003336 0.000000 -0.013299 -0.194629 -0.980787 15.200000 0.049787 0.979528 -0.195054 0.000000 0.000000 0.000000 0.000000 1.000000
0.998650 -0.051793 -0.003920 0.000000 -0.013975 -0.195236 -0.980657 15.200000 0.050026 0.979388 -0.195697 0.000000 0.000000 0.000000 0.000000 1.000000
0.998625 -0.052158 -0.005272 0.000000 -0.015260 -0.192997 -0.981081 15.200000 0.050154 0.979812 -0.193527 0.000000 0.000000 0.000000 0.000000 1.000000
0.998613 -0.052206 -0.006899 0.000000 -0.016795 -0.191575 -0.981334 15.200000 0.049909 0.980089 -0.192186 0.000000 0.000000 0.000000 0.000000 1.000000
0.998561 -0.053215 -0.006632 0.000000 -0.016712 -0.191285 -0.981392 15.200000 0.050956 0.980091 -0.191899 0.000000 0.000000 0.000000 0.000000 1.000000
0.998562 -0.053084 -0.007439 -0.000000 -0.017456 -0.190825 -0.981469 15.200000 0.050681 0.980188 -0.191477 0.000000 0.000000 0.000000 0.000000 1.000000
0.998571 -0.052671 -0.009003 0.000000 -0.018926 -0.191075 -0.981393 15.200000 0.049971 0.980161 -0.191799 0.000000 0.000000 0.000000 0.000000 1.000000
0.998566 -0.052596 -0.009937 -0.000000 -0.019876 -0.191993 -0.981195 15.200000 0.049699 0.979986 -0.192763 0.000000 0.000000 0.000000 0.000000 1.000000
0.998561 -0.052586 -0.010541 -0.000000 -0.020529 -0.193177 -0.980949 15.200000 0.049548 0.979754 -0.193979 0.000000 0.000000 0.000000 0.000000 1.000000
0.998552 -0.052500 -0.011708 -0.000000 -0.021623 -0.192488 -0.981061 15.200000 0.049252 0.979894 -0.193345 0.000000 0.000000 0.000000 0.000000 1.000000
0.998492 -0.053621 -0.011741 0.000000 -0.021825 -0.191556 -0.981239 15.200000 0.050366 0.980016 -0.192438 0.000000 0.000000 0.000000 0.000000 1.000000
0.998479 -0.053681 -0.012538 0.000000 -0.022571 -0.190590 -0.981410 15.200000 0.050293 0.980201 -0.191512 -0.000000 0.000000 0.000000 0.000000 1.000000
0.998456 -0.053850 -0.013653 -0.000000 -0.023621 -0.189079 -0.981678 15.200000 0.050281 0.980484 -0.190059 0.000000 0.000000 0.000000 0.000000 1.000000
0.998418 -0.054486 -0.013918 -0.000000 -0.023928 -0.187634 -0.981948 15.200000 0.050890 0.980727 -0.188641 0.000000 0.000000 0.000000 0.000000 1.000000
0.998442 -0.054164 -0.013403 0.000000 -0.023287 -0.186208 -0.982234 15.200000 0.050706 0.981016 -0.187179 0.000000 0.000000 0.000000 0.000000 1.000000
0.998458 -0.053995 -0.012924 0.000000 -0.022663 -0.183858 -0.982692 15.200000 0.050684 0.981469 -0.184798 0.000000 0.000000 0.000000 0.000000 1.000000
0.998476 -0.053680 -0.012787 0.000000 -0.022400 -0.182512 -0.982948 15.200000 0.050431 0.981737 -0.183437 0.000000 0.000000 0.000000 0.000000 1.000000
0.998486 -0.053764 -0.011635 0.000000 -0.021234 -0.181571 -0.983149 15.200000 0.050745 0.981907 -0.182437 0.000000 0.000000 0.000000 0.000000 1.000000
0.998489 -0.053809 -0.011191 -0.000000 -0.020742 -0.180376 -0.983379 15.200000 0.050896 0.982125 -0.181220 0.000000 0.000000 0.000000 0.000000 1.000000
0.998483 -0.054011 -0.010686 0.000000 -0.020219 -0.179181 -0.983608 15.200000 0.051211 0.982333 -0.180001 0.000000 0.000000 0.000000 0.000000 1.000000
0.998525 -0.053122 -0.011262 -0.000000 -0.020555 -0.177794 -0.983853 15.200000 0.050262 0.982633 -0.178624 0.000000 0.000000 0.000000 0.000000 1.000000
0.998590 -0.051730 -0.011892 0.000000 -0.020817 -0.175588 -0.984244 15.200000 0.048827 0.983104 -0.176417 0.000000 0.000000 0.000000 0.000000 1.000000
0.998591 -0.051502 -0.012765 0.000000 -0.021505 -0.172908 -0.984703 15.200000 0.048507 0.983591 -0.173772 0.000000 0.000000 0.000000 0.000000 1.000000
0.998548 -0.051786 -0.014863 0.000000 -0.023466 -0.169708 -0.985215 15.200000 0.048498 0.984133 -0.170677 0.000000 0.000000 0.000000 0.000000 1.000000
0.998490 -0.052408 -0.016480 -0.000000 -0.024976 -0.165845 -0.985835 15.200000 0.048933 0.984758 -0.166904 -0.000000 0.000000 0.000000 0.000000 1.000000
0.998451 -0.052685 -0.017899 0.000000 -0.026247 -0.162300 -0.986392 15.200000 0.049063 0.985334 -0.163431 0.000000 0.000000 0.000000 0.000000 1.000000
0.998446 -0.052495 -0.018722 -0.000000 -0.026948 -0.160670 -0.986640 15.200000 0.048785 0.985611 -0.161835 0.000000 0.000000 0.000000 0.000000 1.000000
0.998398 -0.053259 -0.019124 -0.000000 -0.027467 -0.160622 -0.986634 15.200000 0.049475 0.985578 -0.161828 0.000000 0.000000 0.000000 0.000000 1.000000
0.998377 -0.053742 -0.018871 0.000000 -0.027386 -0.162409 -0.986343 15.200000 0.049943 0.985259 -0.163617 0.000000 0.000000 0.000000 0.000000 1.000000
0.998446 -0.052854 -0.017680 0.000000 -0.026194 -0.165029 -0.985941 15.200000 0.049194 0.984871 -0.166157 -0.000000 0.000000 0.000000 0.000000 1.000000
0.998488 -0.052388 -0.016646 -0.000000 -0.025267 -0.168478 -0.985381 15.200000 0.048818 0.984312 -0.169547 0.000000 0.000000 0.000000 0.000000 1.000000
0.998457 -0.053115 -0.016216 0.000000 -0.025030 -0.169736 -0.985172 15.200000 0.049575 0.984057 -0.170804 -0.000000 0.000000 0.000000 0.000000 1.000000
0.998426 -0.053709 -0.016147 -0.000000 -0.025148 -0.171393 -0.984882 15.200000 0.050129 0.983738 -0.172474 -0.000000 0.000000 0.000000 0.000000 1.000000
0.998369 -0.054937 -0.015501 0.000000 -0.024783 -0.172530 -0.984692 15.200000 0.051422 0.983471 -0.173610 0.000000 0.000000 0.000000 0.000000 1.000000
0.998301 -0.056315 -0.014989 0.000000 -0.024620 -0.174431 -0.984361 15.200000 0.052820 0.983058 -0.175521 0.000000 0.000000 0.000000 0.000000 1.000000
0.998280 -0.056507 -0.015625 0.000000 -0.025274 -0.174316 -0.984365 15.200000 0.052900 0.983067 -0.175444 0.000000 0.000000 0.000000 0.000000 1.000000
0.998287 -0.056172 -0.016341 0.000000 -0.025884 -0.173622 -0.984472 15.200000 0.052463 0.983209 -0.174778 0.000000 0.000000 0.000000 0.000000 1.000000
0.998302 -0.055651 -0.017209 -0.000000 -0.026554 -0.171824 -0.984770 15.200000 0.051846 0.983555 -0.173010 -0.000000 0.000000 0.000000 0.000000 1.000000
0.998326 -0.055030 -0.017803 0.000000 -0.027031 -0.171798 -0.984761 15.200000 0.051133 0.983594 -0.172997 0.000000 0.000000 0.000000 0.000000 1.000000
0.998354 -0.054585 -0.017618 -0.000000 -0.026708 -0.170571 -0.984983 15.200000 0.050760 0.983832 -0.171748 -0.000000 0.000000 0.000000 0.000000 1.000000
0.998375 -0.054271 -0.017388 0.000000 -0.026399 -0.170033 -0.985085 15.200000 0.050505 0.983943 -0.171189 0.000000 0.000000 0.000000 0.000000 1.000000
0.998382 -0.054050 -0.017664 -0.000000 -0.026624 -0.169830 -0.985114 15.200000 0.050245 0.983990 -0.170994 0.000000 0.000000 0.000000 0.000000 1.000000
0.998345 -0.054669 -0.017867 -0.000000 -0.027013 -0.171430 -0.984826 15.200000 0.050777 0.983678 -0.172623 0.000000 0.000000 0.000000 0.000000 1.000000
0.998340 -0.054951 -0.017268 -0.000000 -0.026493 -0.171873 -0.984763 15.200000 0.051146 0.983585 -0.173043 0.000000 0.000000 0.000000 0.000000 1.000000
0.998327 -0.055584 -0.015950 0.000000 -0.025322 -0.172225 -0.984732 15.200000 0.051989 0.983488 -0.173344 0.000000 0.000000 0.000000 0.000000 1.000000
0.998304 -0.055968 -0.016013 -0.000000 -0.025523 -0.173580 -0.984489 15.200000 0.052320 0.983228 -0.174714 0.000000 0.000000 0.000000 0.000000 1.000000
0.998289 -0.056181 -0.016230 0.000000 -0.025844 -0.174890 -0.984249 15.200000 0.052457 0.982984 -0.176043 0.000000 0.000000 0.000000 0.000000 1.000000
0.998259 -0.056799 -0.015899 -0.000000 -0.025619 -0.174760 -0.984278 15.200000 0.053127 0.982971 -0.175911 -0.000000 0.000000 0.000000 0.000000 1.000000
0.998229 -0.057539 -0.015076 0.000000 -0.024963 -0.175199 -0.984217 15.200000 0.053990 0.982850 -0.176325 -0.000000 0.000000 0.000000 0.000000 1.000000
0.998267 -0.056941 -0.014858 0.000000 -0.024666 -0.175631 -0.984147 15.200000 0.053429 0.982808 -0.176731 0.000000 0.000000 0.000000 0.000000 1.000000
0.998333 -0.055915 -0.014339 0.000000 -0.024099 -0.177991 -0.983737 15.200000 0.052454 0.982442 -0.179041 0.000000 0.000000 0.000000 0.000000 1.000000
0.998415 -0.054695 -0.013282 0.000000 -0.023019 -0.181464 -0.983128 15.200000 0.051362 0.981875 -0.182435 0.000000 0.000000 0.000000 0.000000 1.000000
0.998519 -0.053092 -0.011850 -0.000000 -0.021498 -0.185035 -0.982497 15.200000 0.049970 0.981297 -0.185903 0.000000 0.000000 0.000000 0.000000 1.000000
0.998641 -0.050939 -0.011027 -0.000000 -0.020623 -0.191895 -0.981199 15.200000 0.047865 0.980093 -0.192684 0.000000 0.000000 0.000000 0.000000 1.000000
0.998616 -0.051923 -0.008372 0.000000 -0.018486 -0.197489 -0.980131 15.200000 0.049238 0.978929 -0.198176 0.000000 0.000000 0.000000 0.000000 1.000000
0.998628 -0.052052 -0.005654 0.000000 -0.016263 -0.205730 -0.978474 15.200000 0.049768 0.977224 -0.206294 -0.000000 0.000000 0.000000 0.000000 1.000000
0.998748 -0.049906 -0.003431 -0.000000 -0.014000 -0.213014 -0.976949 15.200000 0.048025 0.975774 -0.213446 0.000000 0.000000 0.000000 0.000000 1.000000
0.998781 -0.049280 -0.002977 0.000000 -0.013677 -0.218250 -0.975797 15.200000 0.047438 0.974648 -0.218657 0.000000 0.000000 0.000000 0.000000 1.000000
0.998712 -0.050706 -0.001596 0.000000 -0.012806 -0.221538 -0.975068 15.200000 0.049088 0.973833 -0.221902 0.000000 0.000000 0.000000 0.000000 1.000000
0.998685 -0.051270 -0.000085 -0.000000 -0.011506 -0.222507 -0.974863 15.200000 0.049963 0.973582 -0.222805 0.000000 0.000000 0.000000 0.000000 1.000000
0.998681 -0.051335 0.000249 -0.000000 -0.011142 -0.221487 -0.975100 15.200000 0.050112 0.973811 -0.221767 0.000000 0.000000 0.000000 0.000000 1.000000
0.998665 -0.051655 0.000360 -0.000000 -0.010968 -0.218848 -0.975697 15.200000 0.050479 0.974391 -0.219122 -0.000000 0.000000 0.000000 0.000000 1.000000
0.998650 -0.051938 -0.000035 -0.000000 -0.011168 -0.214093 -0.976749 15.200000 0.050723 0.975432 -0.214384 -0.000000 0.000000 0.000000 0.000000 1.000000
0.998658 -0.051778 -0.001261 -0.000000 -0.012037 -0.208344 -0.977982 15.200000 0.050375 0.976684 -0.208687 0.000000 0.000000 0.000000 0.000000 1.000000
0.998683 -0.051287 -0.001297 -0.000000 -0.011705 -0.203167 -0.979074 15.200000 0.049950 0.977800 -0.203500 -0.000000 0.000000 0.000000 0.000000 1.000000
0.998659 -0.051753 -0.001206 -0.000000 -0.011536 -0.199790 -0.979771 15.200000 0.050465 0.978471 -0.200120 0.000000 0.000000 0.000000 0.000000 1.000000
0.998686 -0.051213 -0.001976 -0.000000 -0.011985 -0.195881 -0.980554 15.200000 0.049830 0.979289 -0.196237 0.000000 0.000000 0.000000 0.000000 1.000000</float_array>
        <technique_common>
          <accessor source="#mixamorig_LeftToeBase-Matrix-animation-output-transform-array" count="71" stride="16">
            <param type="float4x4"/>
          </accessor>
        </technique_common>
      </source>
      <source id="mixamorig_LeftToeBase-Interpolations">
        <Name_array id="mixamorig_LeftToeBase-Interpolations-array" count="71">
 LINEAR LINEAR LINEAR LINEAR LINEAR LINEAR LINEAR LINEAR LINEAR LINEAR LINEAR
LINEAR LINEAR LINEAR LINEAR LINEAR LINEAR LINEAR LINEAR LINEAR LINEAR LINEAR LINEAR
LINEAR LINEAR LINEAR LINEAR LINEAR LINEAR LINEAR LINEAR LINEAR LINEAR LINEAR LINEAR
LINEAR LINEAR LINEAR LINEAR LINEAR LINEAR LINEAR LINEAR LINEAR LINEAR LINEAR LINEAR
LINEAR LINEAR LINEAR LINEAR LINEAR LINEAR LINEAR LINEAR LINEAR LINEAR LINEAR LINEAR
LINEAR LINEAR LINEAR LINEAR LINEAR LINEAR LINEAR LINEAR LINEAR LINEAR LINEAR LINEAR</Name_array>
        <technique_common>
          <accessor source="#mixamorig_LeftToeBase-Interpolations-array" count="71">
            <param type="name"/>
          </accessor>
        </technique_common>
      </source>
      <sampler id="mixamorig_LeftToeBase-Matrix-animation-transform">
        <input semantic="INPUT" source="#mixamorig_LeftToeBase-Matrix-animation-input"/>
        <input semantic="OUTPUT" source="#mixamorig_LeftToeBase-Matrix-animation-output-transform"/>
        <input semantic="INTERPOLATION" source="#mixamorig_LeftToeBase-Interpolations"/>
      </sampler>
      <channel source="#mixamorig_LeftToeBase-Matrix-animation-transform" target="mixamorig_LeftToeBase/matrix"/>
    </animation>
    <animation id="mixamorig_RightUpLeg-anim" name="mixamorig_RightUpLeg">
      <source id="mixamorig_RightUpLeg-Matrix-animation-input">
        <float_array id="mixamorig_RightUpLeg-Matrix-animation-input-array" count="71">

0.000000 0.033333 0.066667 0.100000 0.133333 0.166667 0.200000 0.233333 0.266667 0.300000 0.333333 0.366667 0.400000 0.433333 0.466667 0.500000
0.533333 0.566667 0.600000 0.633333 0.666667 0.700000 0.733333 0.766667 0.800000 0.833333 0.866667 0.900000 0.933333 0.966667 1.000000 1.033333
1.066667 1.100000 1.133333 1.166667 1.200000 1.233333 1.266667 1.300000 1.333333 1.366667 1.400000 1.433333 1.466667 1.500000 1.533333 1.566667
1.600000 1.633333 1.666667 1.700000 1.733333 1.766667 1.800000 1.833333 1.866667 1.900000 1.933333 1.966667 2.000000 2.033333 2.066667 2.100000
2.133333 2.166667 2.200000 2.233333 2.266667 2.300000 2.333333</float_array>
        <technique_common>
          <accessor source="#mixamorig_RightUpLeg-Matrix-animation-input-array" count="71">
            <param name="TIME" type="float"/>
          </accessor>
        </technique_common>
      </source>
      <source id="mixamorig_RightUpLeg-Matrix-animation-output-transform">
        <float_array id="mixamorig_RightUpLeg-Matrix-animation-output-transform-array" count="1136">

-0.786478 -0.589452 -0.184387 -9.633800 -0.262895 0.049356 0.963561 -3.273200 -0.558873 0.806294 -0.193781 0.000000 0.000000 0.000000 0.000000 1.000000
-0.787080 -0.588394 -0.185195 -9.633800 -0.262313 0.047533 0.963811 -3.273200 -0.558298 0.807176 -0.191756 -0.000000 0.000000 0.000000 0.000000 1.000000
-0.787344 -0.587806 -0.185941 -9.633800 -0.261852 0.045792 0.964021 -3.273200 -0.558143 0.807705 -0.189973 -0.000000 0.000000 0.000000 0.000000 1.000000
-0.787223 -0.587723 -0.186714 -9.633800 -0.261426 0.043840 0.964227 -3.273200 -0.558513 0.807873 -0.188158 0.000000 0.000000 0.000000 0.000000 1.000000
-0.787026 -0.587766 -0.187406 -9.633800 -0.261117 0.042148 0.964387 -3.273200 -0.558935 0.807932 -0.186648 0.000000 0.000000 0.000000 0.000000 1.000000
-0.786958 -0.587629 -0.188122 -9.633800 -0.261035 0.040819 0.964466 -3.273200 -0.559069 0.808100 -0.185515 0.000000 0.000000 0.000000 0.000000 1.000000
-0.786940 -0.587326 -0.189140 -9.633800 -0.260994 0.039078 0.964549 -3.273200 -0.559113 0.808407 -0.184041 0.000000 0.000000 0.000000 0.000000 1.000000
-0.786647 -0.587471 -0.189908 -9.633800 -0.261075 0.037776 0.964579 -3.273200 -0.559488 0.808363 -0.183090 -0.000000 0.000000 0.000000 0.000000 1.000000
-0.786030 -0.587894 -0.191148 -9.633800 -0.261720 0.036342 0.964459 -3.273200 -0.560053 0.808121 -0.182430 0.000000 0.000000 0.000000 0.000000 1.000000
-0.785451 -0.588408 -0.191942 -9.633800 -0.261920 0.035020 0.964454 -3.273200 -0.560771 0.807805 -0.181623 0.000000 0.000000 0.000000 0.000000 1.000000
-0.784796 -0.589072 -0.192585 -9.633800 -0.261918 0.033618 0.964504 -3.273200 -0.561688 0.807381 -0.180672 -0.000000 0.000000 0.000000 0.000000 1.000000
-0.784247 -0.589673 -0.192983 -9.633800 -0.261911 0.032668 0.964539 -3.273200 -0.562458 0.806981 -0.180062 0.000000 0.000000 0.000000 0.000000 1.000000
-0.783664 -0.590265 -0.193541 -9.633800 -0.262043 0.031641 0.964537 -3.273200 -0.563209 0.806589 -0.179470 0.000000 0.000000 0.000000 0.000000 1.000000
-0.783475 -0.590538 -0.193475 -9.633800 -0.261729 0.031200 0.964637 -3.273200 -0.563618 0.806407 -0.179005 0.000000 0.000000 0.000000 0.000000 1.000000
-0.783858 -0.590004 -0.193551 -9.633800 -0.261478 0.030914 0.964714 -3.273200 -0.563202 0.806808 -0.178505 0.000000 0.000000 0.000000 0.000000 1.000000
-0.784134 -0.589651 -0.193509 -9.633800 -0.261387 0.030997 0.964736 -3.273200 -0.562860 0.807063 -0.178433 0.000000 0.000000 0.000000 0.000000 1.000000
-0.784268 -0.589434 -0.193628 -9.633800 -0.261520 0.031062 0.964698 -3.273200 -0.562611 0.807219 -0.178510 0.000000 0.000000 0.000000 0.000000 1.000000
-0.784268 -0.589274 -0.194111 -9.633800 -0.262101 0.031106 0.964539 -3.273200 -0.562340 0.807334 -0.178845 0.000000 0.000000 0.000000 0.000000 1.000000
-0.783949 -0.589587 -0.194448 -9.633800 -0.262763 0.031338 0.964351 -3.273200 -0.562476 0.807096 -0.179489 0.000000 0.000000 0.000000 0.000000 1.000000
-0.783405 -0.590328 -0.194395 -9.633800 -0.262963 0.031429 0.964294 -3.273200 -0.563140 0.806551 -0.179856 0.000000 0.000000 0.000000 0.000000 1.000000
-0.782824 -0.591074 -0.194469 -9.633800 -0.263474 0.031735 0.964144 -3.273200 -0.563709 0.805993 -0.180575 0.000000 0.000000 0.000000 0.000000 1.000000
-0.782462 -0.591539 -0.194511 -9.633800 -0.264075 0.032336 0.963960 -3.273200 -0.563931 0.805627 -0.181512 -0.000000 0.000000 0.000000 0.000000 1.000000
-0.782589 -0.591378 -0.194489 -9.633800 -0.264554 0.033123 0.963802 -3.273200 -0.563529 0.805714 -0.182373 -0.000000 0.000000 0.000000 0.000000 1.000000
-0.782973 -0.590861 -0.194517 -9.633800 -0.265081 0.034035 0.963625 -3.273200 -0.562748 0.806055 -0.183274 0.000000 0.000000 0.000000 0.000000 1.000000
-0.783301 -0.590477 -0.194361 -9.633800 -0.265570 0.035164 0.963450 -3.273200 -0.562060 0.806288 -0.184357 0.000000 0.000000 0.000000 0.000000 1.000000
-0.783808 -0.589822 -0.194304 -9.633800 -0.266263 0.036525 0.963208 -3.273200 -0.561025 0.806707 -0.185676 -0.000000 0.000000 0.000000 0.000000 1.000000
-0.783829 -0.589812 -0.194253 -9.633800 -0.267239 0.038025 0.962880 -3.273200 -0.560531 0.806645 -0.187426 0.000000 0.000000 0.000000 0.000000 1.000000
-0.783703 -0.589853 -0.194635 -9.633800 -0.268941 0.039782 0.962335 -3.273200 -0.559893 0.806530 -0.189813 0.000000 0.000000 0.000000 0.000000 1.000000
-0.783743 -0.589750 -0.194786 -9.633800 -0.270226 0.041411 0.961906 -3.273200 -0.559218 0.806523 -0.191822 -0.000000 0.000000 0.000000 0.000000 1.000000
-0.784085 -0.589357 -0.194600 -9.633800 -0.271133 0.043214 0.961571 -3.273200 -0.558299 0.806716 -0.193677 0.000000 0.000000 0.000000 0.000000 1.000000
-0.784459 -0.588740 -0.194959 -9.633800 -0.272482 0.044796 0.961117 -3.273200 -0.557115 0.807080 -0.195562 -0.000000 0.000000 0.000000 0.000000 1.000000
-0.784743 -0.588407 -0.194821 -9.633800 -0.273161 0.046168 0.960860 -3.273200 -0.556382 0.807246 -0.196960 0.000000 0.000000 0.000000 0.000000 1.000000
-0.784768 -0.588418 -0.194685 -9.633800 -0.273552 0.046973 0.960709 -3.273200 -0.556154 0.807191 -0.197826 0.000000 0.000000 0.000000 0.000000 1.000000
-0.784662 -0.588603 -0.194557 -9.633800 -0.273963 0.047716 0.960556 -3.273200 -0.556102 0.807013 -0.198696 0.000000 0.000000 0.000000 0.000000 1.000000
-0.784654 -0.588693 -0.194315 -9.633800 -0.274074 0.048266 0.960497 -3.273200 -0.556059 0.806914 -0.199218 -0.000000 0.000000 0.000000 0.000000 1.000000
-0.784909 -0.588407 -0.194154 -9.633800 -0.274133 0.048764 0.960455 -3.273200 -0.555671 0.807093 -0.199577 -0.000000 0.000000 0.000000 0.000000 1.000000
-0.785533 -0.587602 -0.194067 -9.633800 -0.274164 0.049319 0.960418 -3.273200 -0.554773 0.807645 -0.199841 0.000000 0.000000 0.000000 0.000000 1.000000
-0.786106 -0.586943 -0.193741 -9.633800 -0.273914 0.049825 0.960463 -3.273200 -0.554084 0.808094 -0.199940 0.000000 0.000000 0.000000 0.000000 1.000000
-0.786529 -0.586570 -0.193151 -9.633800 -0.273540 0.050496 0.960534 -3.273200 -0.553667 0.808323 -0.200167 0.000000 0.000000 0.000000 0.000000 1.000000
-0.787114 -0.586007 -0.192474 -9.633800 -0.273124 0.051345 0.960608 -3.273200 -0.553041 0.808677 -0.200467 0.000000 0.000000 0.000000 0.000000 1.000000
-0.787688 -0.585392 -0.192002 -9.633800 -0.272869 0.052087 0.960640 -3.273200 -0.552350 0.809076 -0.200764 -0.000000 0.000000 0.000000 0.000000 1.000000
-0.788131 -0.585073 -0.191154 -9.633800 -0.272202 0.052766 0.960792 -3.273200 -0.552047 0.809262 -0.200845 -0.000000 0.000000 0.000000 0.000000 1.000000
-0.788322 -0.584969 -0.190681 -9.633800 -0.272044 0.053424 0.960801 -3.273200 -0.551852 0.809294 -0.201253 -0.000000 0.000000 0.000000 0.000000 1.000000
-0.788473 -0.584929 -0.190181 -9.633800 -0.271778 0.053946 0.960847 -3.273200 -0.551767 0.809289 -0.201506 0.000000 0.000000 0.000000 0.000000 1.000000
-0.788690 -0.584775 -0.189755 -9.633800 -0.271536 0.054422 0.960888 -3.273200 -0.551576 0.809368 -0.201710 0.000000 0.000000 0.000000 0.000000 1.000000
-0.788890 -0.584698 -0.189158 -9.633800 -0.271141 0.054944 0.960970 -3.273200 -0.551484 0.809388 -0.201880 0.000000 0.000000 0.000000 0.000000 1.000000
-0.788855 -0.584789 -0.189022 -9.633800 -0.271318 0.055406 0.960894 -3.273200 -0.551447 0.809291 -0.202371 0.000000 0.000000 0.000000 0.000000 1.000000
-0.788623 -0.585118 -0.188973 -9.633800 -0.271474 0.055574 0.960840 -3.273200 -0.551703 0.809042 -0.202671 0.000000 0.000000 0.000000 0.000000 1.000000
-0.788616 -0.585159 -0.188873 -9.633800 -0.271554 0.055852 0.960801 -3.273200 -0.551673 0.808993 -0.202948 -0.000000 0.000000 0.000000 0.000000 1.000000
-0.788294 -0.585634 -0.188745 -9.633800 -0.271595 0.055928 0.960785 -3.273200 -0.552113 0.808643 -0.203144 -0.000000 0.000000 0.000000 0.000000 1.000000
-0.787859 -0.586184 -0.188856 -9.633800 -0.271873 0.055890 0.960709 -3.273200 -0.552597 0.808248 -0.203401 -0.000000 0.000000 0.000000 0.000000 1.000000
-0.787518 -0.586626 -0.188906 -9.633800 -0.271717 0.055374 0.960783 -3.273200 -0.553159 0.807963 -0.203004 0.000000 0.000000 0.000000 0.000000 1.000000
-0.787006 -0.587356 -0.188772 -9.633800 -0.271611 0.055132 0.960827 -3.273200 -0.553940 0.807449 -0.202921 0.000000 0.000000 0.000000 0.000000 1.000000
-0.786750 -0.587808 -0.188430 -9.633800 -0.271022 0.054680 0.961019 -3.273200 -0.554591 0.807150 -0.202329 0.000000 0.000000 0.000000 0.000000 1.000000
-0.786555 -0.588195 -0.188037 -9.633800 -0.269940 0.053634 0.961382 -3.273200 -0.555395 0.806939 -0.200963 0.000000 0.000000 0.000000 0.000000 1.000000
-0.786366 -0.588658 -0.187379 -9.633800 -0.268475 0.052471 0.961857 -3.273200 -0.556372 0.806678 -0.199301 0.000000 0.000000 0.000000 0.000000 1.000000
-0.786049 -0.589221 -0.186937 -9.633800 -0.266862 0.050673 0.962402 -3.273200 -0.557594 0.806382 -0.197072 0.000000 0.000000 0.000000 0.000000 1.000000
-0.785864 -0.589528 -0.186750 -9.633800 -0.265942 0.049543 0.962715 -3.273200 -0.558295 0.806227 -0.195714 -0.000000 0.000000 0.000000 0.000000 1.000000
-0.785803 -0.589595 -0.186794 -9.633800 -0.265573 0.048904 0.962850 -3.273200 -0.558556 0.806217 -0.195009 0.000000 0.000000 0.000000 0.000000 1.000000
-0.786015 -0.589368 -0.186617 -9.633800 -0.265559 0.049294 0.962834 -3.273200 -0.558265 0.806359 -0.195258 0.000000 0.000000 0.000000 0.000000 1.000000
-0.786236 -0.589070 -0.186625 -9.633800 -0.265680 0.049581 0.962785 -3.273200 -0.557895 0.806560 -0.195487 0.000000 0.000000 0.000000 0.000000 1.000000
-0.786538 -0.588722 -0.186451 -9.633800 -0.265624 0.049959 0.962781 -3.273200 -0.557496 0.806790 -0.195673 0.000000 0.000000 0.000000 0.000000 1.000000
-0.786946 -0.588280 -0.186125 -9.633800 -0.265265 0.050206 0.962867 -3.273200 -0.557091 0.807097 -0.195560 -0.000000 0.000000 0.000000 0.000000 1.000000
-0.787258 -0.587879 -0.186076 -9.633800 -0.265319 0.050545 0.962835 -3.273200 -0.556625 0.807369 -0.195767 0.000000 0.000000 0.000000 0.000000 1.000000
-0.787271 -0.587745 -0.186439 -9.633800 -0.265814 0.050675 0.962692 -3.273200 -0.556369 0.807458 -0.196126 0.000000 0.000000 0.000000 0.000000 1.000000
-0.787398 -0.587634 -0.186254 -9.633800 -0.265417 0.050476 0.962811 -3.273200 -0.556380 0.807551 -0.195713 -0.000000 0.000000 0.000000 0.000000 1.000000
-0.787141 -0.587966 -0.186295 -9.633800 -0.265059 0.049742 0.962948 -3.273200 -0.556914 0.807355 -0.195000 0.000000 0.000000 0.000000 0.000000 1.000000
-0.786572 -0.588715 -0.186331 -9.633800 -0.264975 0.049235 0.962998 -3.273200 -0.557757 0.806840 -0.194722 -0.000000 0.000000 0.000000 0.000000 1.000000
-0.786159 -0.589459 -0.185720 -9.633800 -0.264489 0.049298 0.963128 -3.273200 -0.558569 0.806293 -0.194661 0.000000 0.000000 0.000000 0.000000 1.000000
-0.786242 -0.589532 -0.185140 -9.633800 -0.263625 0.049045 0.963378 -3.273200 -0.558861 0.806255 -0.193977 -0.000000 0.000000 0.000000 0.000000 1.000000
-0.786445 -0.589482 -0.184432 -9.633800 -0.262883 0.049246 0.963570 -3.273200 -0.558924 0.806279 -0.193694 0.000000 0.000000 0.000000 0.000000 1.000000</float_array>
        <technique_common>
          <accessor source="#mixamorig_RightUpLeg-Matrix-animation-output-transform-array" count="71" stride="16">
            <param type="float4x4"/>
          </accessor>
        </technique_common>
      </source>
      <source id="mixamorig_RightUpLeg-Interpolations">
        <Name_array id="mixamorig_RightUpLeg-Interpolations-array" count="71">
 LINEAR LINEAR LINEAR LINEAR LINEAR LINEAR LINEAR LINEAR LINEAR LINEAR LINEAR
LINEAR LINEAR LINEAR LINEAR LINEAR LINEAR LINEAR LINEAR LINEAR LINEAR LINEAR LINEAR
LINEAR LINEAR LINEAR LINEAR LINEAR LINEAR LINEAR LINEAR LINEAR LINEAR LINEAR LINEAR
LINEAR LINEAR LINEAR LINEAR LINEAR LINEAR LINEAR LINEAR LINEAR LINEAR LINEAR LINEAR
LINEAR LINEAR LINEAR LINEAR LINEAR LINEAR LINEAR LINEAR LINEAR LINEAR LINEAR LINEAR
LINEAR LINEAR LINEAR LINEAR LINEAR LINEAR LINEAR LINEAR LINEAR LINEAR LINEAR LINEAR</Name_array>
        <technique_common>
          <accessor source="#mixamorig_RightUpLeg-Interpolations-array" count="71">
            <param type="name"/>
          </accessor>
        </technique_common>
      </source>
      <sampler id="mixamorig_RightUpLeg-Matrix-animation-transform">
        <input semantic="INPUT" source="#mixamorig_RightUpLeg-Matrix-animation-input"/>
        <input semantic="OUTPUT" source="#mixamorig_RightUpLeg-Matrix-animation-output-transform"/>
        <input semantic="INTERPOLATION" source="#mixamorig_RightUpLeg-Interpolations"/>
      </sampler>
      <channel source="#mixamorig_RightUpLeg-Matrix-animation-transform" target="mixamorig_RightUpLeg/matrix"/>
    </animation>
    <animation id="mixamorig_RightLeg-anim" name="mixamorig_RightLeg">
      <source id="mixamorig_RightLeg-Matrix-animation-input">
        <float_array id="mixamorig_RightLeg-Matrix-animation-input-array" count="71">

0.000000 0.033333 0.066667 0.100000 0.133333 0.166667 0.200000 0.233333 0.266667 0.300000 0.333333 0.366667 0.400000 0.433333 0.466667 0.500000
0.533333 0.566667 0.600000 0.633333 0.666667 0.700000 0.733333 0.766667 0.800000 0.833333 0.866667 0.900000 0.933333 0.966667 1.000000 1.033333
1.066667 1.100000 1.133333 1.166667 1.200000 1.233333 1.266667 1.300000 1.333333 1.366667 1.400000 1.433333 1.466667 1.500000 1.533333 1.566667
1.600000 1.633333 1.666667 1.700000 1.733333 1.766667 1.800000 1.833333 1.866667 1.900000 1.933333 1.966667 2.000000 2.033333 2.066667 2.100000
2.133333 2.166667 2.200000 2.233333 2.266667 2.300000 2.333333</float_array>
        <technique_common>
          <accessor source="#mixamorig_RightLeg-Matrix-animation-input-array" count="71">
            <param name="TIME" type="float"/>
          </accessor>
        </technique_common>
      </source>
      <source id="mixamorig_RightLeg-Matrix-animation-output-transform">
        <float_array id="mixamorig_RightLeg-Matrix-animation-output-transform-array" count="1136">

0.911400 0.049000 -0.408595 0.000000 0.338878 -0.652682 0.677620 41.834499 -0.233479 -0.756046 -0.611459 -0.000000 0.000000 0.000000 0.000000 1.000000
0.912230 0.048795 -0.406763 -0.000000 0.337626 -0.651921 0.678975 41.834499 -0.232047 -0.756715 -0.611176 0.000000 0.000000 0.000000 0.000000 1.000000
0.913783 0.048479 -0.403299 0.000000 0.335186 -0.650837 0.681220 41.834499 -0.229457 -0.757668 -0.610974 0.000000 0.000000 0.000000 0.000000 1.000000
0.914864 0.048307 -0.400863 0.000000 0.333563 -0.649851 0.682957 41.834499 -0.227509 -0.758525 -0.610639 0.000000 0.000000 0.000000 0.000000 1.000000
0.915910 0.048045 -0.398498 0.000000 0.331831 -0.649208 0.684410 41.834499 -0.225826 -0.759092 -0.610559 0.000000 0.000000 0.000000 0.000000 1.000000
0.916581 0.047861 -0.396975 0.000000 0.330808 -0.648444 0.685629 41.834499 -0.224601 -0.759757 -0.610184 0.000000 0.000000 0.000000 0.000000 1.000000
0.915620 0.048203 -0.399145 -0.000000 0.332843 -0.647746 0.685304 41.834499 -0.225511 -0.760330 -0.609133 0.000000 0.000000 0.000000 0.000000 1.000000
0.914517 0.048588 -0.401619 0.000000 0.335083 -0.647220 0.684709 41.834499 -0.226667 -0.760754 -0.608174 0.000000 0.000000 0.000000 0.000000 1.000000
0.914031 0.048773 -0.402701 0.000000 0.336140 -0.646762 0.684623 41.834499 -0.227060 -0.761131 -0.607556 0.000000 0.000000 0.000000 0.000000 1.000000
0.913374 0.048999 -0.404163 -0.000000 0.337473 -0.646419 0.684291 41.834499 -0.227728 -0.761408 -0.606958 0.000000 0.000000 0.000000 0.000000 1.000000
0.912665 0.049244 -0.405732 -0.000000 0.338863 -0.646192 0.683819 41.834499 -0.228506 -0.761585 -0.606444 0.000000 0.000000 0.000000 0.000000 1.000000
0.912262 0.049395 -0.406617 -0.000000 0.339709 -0.645882 0.683691 41.834499 -0.228856 -0.761837 -0.605994 0.000000 0.000000 0.000000 0.000000 1.000000
0.911736 0.049572 -0.407776 0.000000 0.340757 -0.645636 0.683402 41.834499 -0.229397 -0.762034 -0.605542 0.000000 0.000000 0.000000 0.000000 1.000000
0.910971 0.049760 -0.409458 0.000000 0.342127 -0.645646 0.682708 41.834499 -0.230394 -0.762014 -0.605189 -0.000000 0.000000 0.000000 0.000000 1.000000
0.910978 0.049820 -0.409435 0.000000 0.342180 -0.645530 0.682791 41.834499 -0.230286 -0.762108 -0.605112 0.000000 0.000000 0.000000 0.000000 1.000000
0.910712 0.049871 -0.410019 0.000000 0.342690 -0.645392 0.682666 41.834499 -0.230578 -0.762222 -0.604857 0.000000 0.000000 0.000000 0.000000 1.000000
0.910009 0.049946 -0.411570 0.000000 0.343948 -0.645225 0.682191 41.834499 -0.231483 -0.762358 -0.604339 0.000000 0.000000 0.000000 0.000000 1.000000
0.909404 0.050012 -0.412895 -0.000000 0.345115 -0.644785 0.682018 41.834499 -0.232120 -0.762726 -0.603630 0.000000 0.000000 0.000000 0.000000 1.000000
0.908835 0.050059 -0.414141 0.000000 0.346197 -0.644392 0.681841 41.834499 -0.232737 -0.763055 -0.602976 0.000000 0.000000 0.000000 0.000000 1.000000
0.907701 0.050103 -0.416616 0.000000 0.348192 -0.644024 0.681172 41.834499 -0.234182 -0.763363 -0.602027 0.000000 0.000000 0.000000 0.000000 1.000000
0.906856 0.050142 -0.418447 0.000000 0.349713 -0.643625 0.680770 41.834499 -0.235188 -0.763697 -0.601210 0.000000 0.000000 0.000000 0.000000 1.000000
0.906232 0.050188 -0.419792 0.000000 0.350807 -0.643440 0.680382 41.834499 -0.235964 -0.763849 -0.600712 0.000000 0.000000 0.000000 0.000000 1.000000
0.905872 0.050235 -0.420561 0.000000 0.351416 -0.643424 0.680082 41.834499 -0.236435 -0.763860 -0.600513 -0.000000 0.000000 0.000000 0.000000 1.000000
0.905698 0.050277 -0.420932 0.000000 0.351716 -0.643437 0.679915 41.834499 -0.236660 -0.763846 -0.600443 0.000000 0.000000 0.000000 0.000000 1.000000
0.905511 0.050306 -0.421330 -0.000000 0.352010 -0.643509 0.679695 41.834499 -0.236937 -0.763783 -0.600413 0.000000 0.000000 0.000000 0.000000 1.000000
0.905626 0.050198 -0.421096 0.000000 0.351685 -0.643784 0.679603 41.834499 -0.236981 -0.763559 -0.600681 0.000000 0.000000 0.000000 0.000000 1.000000
0.905563 0.050650 -0.421178 0.000000 0.351966 -0.643936 0.679313 41.834499 -0.236804 -0.763401 -0.600952 0.000000 0.000000 0.000000 0.000000 1.000000
0.905739 0.050664 -0.420797 0.000000 0.351632 -0.644118 0.679313 41.834499 -0.236626 -0.763246 -0.601218 -0.000000 0.000000 0.000000 0.000000 1.000000
0.905127 0.050837 -0.422090 0.000000 0.352654 -0.644280 0.678630 41.834499 -0.237445 -0.763099 -0.601083 0.000000 0.000000 0.000000 0.000000 1.000000
0.904313 0.051069 -0.423804 0.000000 0.353982 -0.644577 0.677655 41.834499 -0.238567 -0.762832 -0.600977 0.000000 0.000000 0.000000 0.000000 1.000000
0.904726 0.051122 -0.422916 -0.000000 0.353200 -0.645054 0.677610 41.834499 -0.238163 -0.762425 -0.601653 0.000000 0.000000 0.000000 0.000000 1.000000
0.904451 0.051119 -0.423504 0.000000 0.353465 -0.645604 0.676947 41.834499 -0.238811 -0.761959 -0.601986 -0.000000 0.000000 0.000000 0.000000 1.000000
0.904068 0.051077 -0.424326 0.000000 0.353885 -0.646151 0.676206 41.834499 -0.239640 -0.761499 -0.602239 0.000000 0.000000 0.000000 0.000000 1.000000
0.904090 0.051016 -0.424285 0.000000 0.353626 -0.646760 0.675759 41.834499 -0.239936 -0.760985 -0.602770 -0.000000 0.000000 0.000000 0.000000 1.000000
0.904316 0.050879 -0.423820 0.000000 0.353077 -0.647142 0.675681 41.834499 -0.239894 -0.760670 -0.603185 0.000000 0.000000 0.000000 0.000000 1.000000
0.904614 0.050733 -0.423201 0.000000 0.352543 -0.647093 0.676006 41.834499 -0.239555 -0.760721 -0.603255 0.000000 0.000000 0.000000 0.000000 1.000000
0.905577 0.050375 -0.421180 0.000000 0.350909 -0.646810 0.677126 41.834499 -0.238314 -0.760986 -0.603413 0.000000 0.000000 0.000000 0.000000 1.000000
0.906305 0.050095 -0.419645 -0.000000 0.349609 -0.646765 0.677841 41.834499 -0.237455 -0.761043 -0.603680 0.000000 0.000000 0.000000 0.000000 1.000000
0.906829 0.049889 -0.418535 0.000000 0.348597 -0.646955 0.678181 41.834499 -0.236940 -0.760894 -0.604069 -0.000000 0.000000 0.000000 0.000000 1.000000
0.906986 0.049884 -0.418196 0.000000 0.348266 -0.647194 0.678123 41.834499 -0.236826 -0.760691 -0.604369 0.000000 0.000000 0.000000 0.000000 1.000000
0.906930 0.049942 -0.418312 0.000000 0.348303 -0.647464 0.677846 41.834499 -0.236988 -0.760458 -0.604599 0.000000 0.000000 0.000000 0.000000 1.000000
0.906208 0.049979 -0.419868 0.000000 0.349391 -0.647775 0.676988 41.834499 -0.238144 -0.760190 -0.604482 0.000000 0.000000 0.000000 0.000000 1.000000
0.906494 0.049877 -0.419262 0.000000 0.348704 -0.648329 0.676813 41.834499 -0.238063 -0.759725 -0.605098 0.000000 0.000000 0.000000 0.000000 1.000000
0.906915 0.049717 -0.418370 0.000000 0.347769 -0.648886 0.676760 41.834499 -0.237828 -0.759260 -0.605774 -0.000000 0.000000 0.000000 0.000000 1.000000
0.907152 0.049682 -0.417860 0.000000 0.347235 -0.649306 0.676630 41.834499 -0.237703 -0.758902 -0.606271 -0.000000 0.000000 0.000000 0.000000 1.000000
0.906820 0.049645 -0.418584 0.000000 0.347612 -0.649760 0.676002 41.834499 -0.238419 -0.758517 -0.606473 0.000000 0.000000 0.000000 0.000000 1.000000
0.907226 0.049599 -0.417710 0.000000 0.346783 -0.650237 0.675969 41.834499 -0.238083 -0.758111 -0.607112 0.000000 0.000000 0.000000 0.000000 1.000000
0.907304 0.049552 -0.417544 0.000000 0.346543 -0.650517 0.675822 41.834499 -0.238132 -0.757873 -0.607389 0.000000 0.000000 0.000000 0.000000 1.000000
0.907693 0.049517 -0.416704 0.000000 0.345869 -0.650604 0.676083 41.834499 -0.237632 -0.757801 -0.607675 0.000000 0.000000 0.000000 0.000000 1.000000
0.907718 0.049501 -0.416650 0.000000 0.345855 -0.650491 0.676200 41.834499 -0.237554 -0.757899 -0.607582 0.000000 0.000000 0.000000 0.000000 1.000000
0.907778 0.049483 -0.416521 0.000000 0.345879 -0.650072 0.676590 41.834499 -0.237289 -0.758260 -0.607237 0.000000 0.000000 0.000000 0.000000 1.000000
0.907596 0.049458 -0.416922 0.000000 0.346280 -0.649701 0.676742 41.834499 -0.237404 -0.758579 -0.606792 0.000000 0.000000 0.000000 0.000000 1.000000
0.907751 0.049412 -0.416590 0.000000 0.346030 -0.649617 0.676950 41.834499 -0.237175 -0.758654 -0.606788 -0.000000 0.000000 0.000000 0.000000 1.000000
0.908194 0.049303 -0.415636 0.000000 0.345263 -0.649589 0.677368 41.834499 -0.236597 -0.758685 -0.606975 0.000000 0.000000 0.000000 0.000000 1.000000
0.909010 0.049088 -0.413873 0.000000 0.343835 -0.649537 0.678144 41.834499 -0.235536 -0.758744 -0.607314 0.000000 0.000000 0.000000 0.000000 1.000000
0.910069 0.048796 -0.411574 0.000000 0.341890 -0.649718 0.678954 41.834499 -0.234276 -0.758608 -0.607971 0.000000 0.000000 0.000000 0.000000 1.000000
0.910970 0.048543 -0.409607 0.000000 0.340100 -0.650273 0.679321 41.834499 -0.233380 -0.758148 -0.608889 -0.000000 0.000000 0.000000 0.000000 1.000000
0.912788 0.048023 -0.405600 0.000000 0.336576 -0.651004 0.680375 41.834499 -0.231373 -0.757554 -0.610392 -0.000000 0.000000 0.000000 0.000000 1.000000
0.914276 0.047586 -0.402287 0.000000 0.333699 -0.651481 0.681335 41.834499 -0.229660 -0.757171 -0.611513 0.000000 0.000000 0.000000 0.000000 1.000000
0.916624 0.046906 -0.396989 -0.000000 0.329169 -0.652054 0.682988 41.834499 -0.226822 -0.756720 -0.613129 -0.000000 0.000000 0.000000 0.000000 1.000000
0.918644 0.046282 -0.392367 0.000000 0.325248 -0.652388 0.684546 41.834499 -0.224293 -0.756471 -0.614365 0.000000 0.000000 0.000000 0.000000 1.000000
0.920033 0.045829 -0.389152 0.000000 0.322525 -0.652568 0.685662 41.834499 -0.222525 -0.756343 -0.615165 -0.000000 0.000000 0.000000 0.000000 1.000000
0.920666 0.045633 -0.387674 -0.000000 0.321298 -0.652592 0.686215 41.834499 -0.221679 -0.756334 -0.615482 0.000000 0.000000 0.000000 0.000000 1.000000
0.920891 0.045639 -0.387139 -0.000000 0.320875 -0.652686 0.686324 41.834499 -0.221357 -0.756253 -0.615697 0.000000 0.000000 0.000000 0.000000 1.000000
0.920861 0.045902 -0.387179 0.000000 0.321059 -0.652704 0.686221 41.834499 -0.221214 -0.756221 -0.615787 -0.000000 0.000000 0.000000 0.000000 1.000000
0.919538 0.046619 -0.390227 0.000000 0.323826 -0.652495 0.685119 41.834499 -0.222682 -0.756358 -0.615090 0.000000 0.000000 0.000000 0.000000 1.000000
0.918167 0.046831 -0.393415 -0.000000 0.326393 -0.652281 0.684103 41.834499 -0.224580 -0.756529 -0.614188 -0.000000 0.000000 0.000000 0.000000 1.000000
0.916526 0.047389 -0.397158 -0.000000 0.329520 -0.652278 0.682606 41.834499 -0.226710 -0.756497 -0.613445 0.000000 0.000000 0.000000 0.000000 1.000000
0.914429 0.048069 -0.401882 0.000000 0.333421 -0.652363 0.680627 41.834499 -0.229456 -0.756380 -0.612567 0.000000 0.000000 0.000000 0.000000 1.000000
0.912625 0.048638 -0.405895 -0.000000 0.336717 -0.652471 0.678899 41.834499 -0.231814 -0.756252 -0.611838 -0.000000 0.000000 0.000000 0.000000 1.000000
0.911434 0.048993 -0.408519 -0.000000 0.338822 -0.652667 0.677662 41.834499 -0.233426 -0.756059 -0.611463 0.000000 0.000000 0.000000 0.000000 1.000000</float_array>
        <technique_common>
          <accessor source="#mixamorig_RightLeg-Matrix-animation-output-transform-array" count="71" stride="16">
            <param type="float4x4"/>
          </accessor>
        </technique_common>
      </source>
      <source id="mixamorig_RightLeg-Interpolations">
        <Name_array id="mixamorig_RightLeg-Interpolations-array" count="71">
 LINEAR LINEAR LINEAR LINEAR LINEAR LINEAR LINEAR LINEAR LINEAR LINEAR LINEAR
LINEAR LINEAR LINEAR LINEAR LINEAR LINEAR LINEAR LINEAR LINEAR LINEAR LINEAR LINEAR
LINEAR LINEAR LINEAR LINEAR LINEAR LINEAR LINEAR LINEAR LINEAR LINEAR LINEAR LINEAR
LINEAR LINEAR LINEAR LINEAR LINEAR LINEAR LINEAR LINEAR LINEAR LINEAR LINEAR LINEAR
LINEAR LINEAR LINEAR LINEAR LINEAR LINEAR LINEAR LINEAR LINEAR LINEAR LINEAR LINEAR
LINEAR LINEAR LINEAR LINEAR LINEAR LINEAR LINEAR LINEAR LINEAR LINEAR LINEAR LINEAR</Name_array>
        <technique_common>
          <accessor source="#mixamorig_RightLeg-Interpolations-array" count="71">
            <param type="name"/>
          </accessor>
        </technique_common>
      </source>
      <sampler id="mixamorig_RightLeg-Matrix-animation-transform">
        <input semantic="INPUT" source="#mixamorig_RightLeg-Matrix-animation-input"/>
        <input semantic="OUTPUT" source="#mixamorig_RightLeg-Matrix-animation-output-transform"/>
        <input semantic="INTERPOLATION" source="#mixamorig_RightLeg-Interpolations"/>
      </sampler>
      <channel source="#mixamorig_RightLeg-Matrix-animation-transform" target="mixamorig_RightLeg/matrix"/>
    </animation>
    <animation id="mixamorig_RightFoot-anim" name="mixamorig_RightFoot">
      <source id="mixamorig_RightFoot-Matrix-animation-input">
        <float_array id="mixamorig_RightFoot-Matrix-animation-input-array" count="71">

0.000000 0.033333 0.066667 0.100000 0.133333 0.166667 0.200000 0.233333 0.266667 0.300000 0.333333 0.366667 0.400000 0.433333 0.466667 0.500000
0.533333 0.566667 0.600000 0.633333 0.666667 0.700000 0.733333 0.766667 0.800000 0.833333 0.866667 0.900000 0.933333 0.966667 1.000000 1.033333
1.066667 1.100000 1.133333 1.166667 1.200000 1.233333 1.266667 1.300000 1.333333 1.366667 1.400000 1.433333 1.466667 1.500000 1.533333 1.566667
1.600000 1.633333 1.666667 1.700000 1.733333 1.766667 1.800000 1.833333 1.866667 1.900000 1.933333 1.966667 2.000000 2.033333 2.066667 2.100000
2.133333 2.166667 2.200000 2.233333 2.266667 2.300000 2.333333</float_array>
        <technique_common>
          <accessor source="#mixamorig_RightFoot-Matrix-animation-input-array" count="71">
            <param name="TIME" type="float"/>
          </accessor>
        </technique_common>
      </source>
      <source id="mixamorig_RightFoot-Matrix-animation-output-transform">
        <float_array id="mixamorig_RightFoot-Matrix-animation-output-transform-array" count="1136">

0.995862 0.024230 -0.087584 0.000000 -0.090591 0.340705 -0.935796 38.943298 0.007166 0.939858 0.341490 0.000000 0.000000 0.000000 0.000000 1.000000
0.995841 0.024256 -0.087815 0.000000 -0.090823 0.339920 -0.936058 38.943298 0.007146 0.940141 0.340710 0.000000 0.000000 0.000000 0.000000 1.000000
0.995886 0.023677 -0.087465 0.000000 -0.090299 0.339591 -0.936229 38.943298 0.007535 0.940275 0.340332 0.000000 0.000000 0.000000 0.000000 1.000000
0.995885 0.023493 -0.087531 -0.000000 -0.090306 0.338792 -0.936517 38.943298 0.007653 0.940568 0.339520 0.000000 0.000000 0.000000 0.000000 1.000000
0.995849 0.023636 -0.087900 -0.000000 -0.090707 0.337980 -0.936772 38.943298 0.007567 0.940857 0.338721 0.000000 0.000000 0.000000 0.000000 1.000000
0.995780 0.024096 -0.088550 0.000000 -0.091481 0.337160 -0.936992 38.943298 0.007278 0.941139 0.337942 0.000000 0.000000 0.000000 0.000000 1.000000
0.995752 0.024329 -0.088807 0.000000 -0.091815 0.335311 -0.937623 38.943298 0.006966 0.941793 0.336121 0.000000 0.000000 0.000000 0.000000 1.000000
0.995745 0.024398 -0.088868 0.000000 -0.091906 0.334044 -0.938066 38.943298 0.006799 0.942242 0.334864 0.000000 0.000000 0.000000 0.000000 1.000000
0.995669 0.024904 -0.089569 0.000000 -0.092744 0.332822 -0.938418 38.943298 0.006440 0.942661 0.333691 0.000000 0.000000 0.000000 0.000000 1.000000
0.995579 0.025513 -0.090394 0.000000 -0.093726 0.332481 -0.938441 38.943298 0.006112 0.942765 0.333403 0.000000 0.000000 0.000000 0.000000 1.000000
0.995552 0.025711 -0.090643 -0.000000 -0.094026 0.332617 -0.938363 38.943298 0.006023 0.942711 0.333555 -0.000000 0.000000 0.000000 0.000000 1.000000
0.995539 0.025880 -0.090737 -0.000000 -0.094166 0.333372 -0.938081 38.943298 0.005972 0.942440 0.334321 0.000000 0.000000 0.000000 0.000000 1.000000
0.995529 0.026074 -0.090786 -0.000000 -0.094277 0.333321 -0.938088 38.943298 0.005801 0.942453 0.334289 0.000000 0.000000 0.000000 0.000000 1.000000
0.995569 0.026027 -0.090362 0.000000 -0.093860 0.333802 -0.937959 38.943298 0.005751 0.942284 0.334766 -0.000000 0.000000 0.000000 0.000000 1.000000
0.995580 0.025876 -0.090283 0.000000 -0.093739 0.333096 -0.938222 38.943298 0.005796 0.942538 0.334050 0.000000 0.000000 0.000000 0.000000 1.000000
0.995649 0.025307 -0.089679 -0.000000 -0.092979 0.333132 -0.938285 38.943298 0.006130 0.942541 0.334035 0.000000 0.000000 0.000000 0.000000 1.000000
0.995641 0.025451 -0.089730 0.000000 -0.093075 0.333280 -0.938222 38.943298 0.006026 0.942484 0.334196 0.000000 0.000000 0.000000 0.000000 1.000000
0.995637 0.025421 -0.089781 0.000000 -0.093114 0.333038 -0.938305 38.943298 0.006048 0.942571 0.333952 0.000000 0.000000 0.000000 0.000000 1.000000
0.995756 0.024659 -0.088667 -0.000000 -0.091809 0.333102 -0.938410 38.943298 0.006395 0.942568 0.333952 0.000000 0.000000 0.000000 0.000000 1.000000
0.995893 0.023840 -0.087343 0.000000 -0.090292 0.332522 -0.938763 38.943298 0.006663 0.942794 0.333309 0.000000 0.000000 0.000000 0.000000 1.000000
0.995975 0.023317 -0.086543 0.000000 -0.089365 0.332296 -0.938932 38.943298 0.006864 0.942887 0.333042 0.000000 0.000000 0.000000 0.000000 1.000000
0.996056 0.022845 -0.085731 0.000000 -0.088445 0.332083 -0.939094 38.943298 0.007017 0.942973 0.332794 0.000000 0.000000 0.000000 0.000000 1.000000
0.996083 0.022655 -0.085467 0.000000 -0.088142 0.330831 -0.939565 38.943298 0.006989 0.943418 0.331532 0.000000 0.000000 0.000000 0.000000 1.000000
0.996015 0.023160 -0.086125 0.000000 -0.088938 0.329768 -0.939863 38.943298 0.006634 0.943778 0.330513 0.000000 0.000000 0.000000 0.000000 1.000000
0.995862 0.024257 -0.087580 0.000000 -0.090675 0.329520 -0.939784 38.943298 0.006063 0.943837 0.330356 0.000000 0.000000 0.000000 0.000000 1.000000
0.995811 0.024586 -0.088069 -0.000000 -0.091245 0.329511 -0.939732 38.943298 0.005915 0.943832 0.330374 0.000000 0.000000 0.000000 0.000000 1.000000
0.995782 0.024762 -0.088342 0.000000 -0.091560 0.329688 -0.939640 38.943298 0.005858 0.943765 0.330565 0.000000 0.000000 0.000000 0.000000 1.000000
0.995812 0.024617 -0.088051 0.000000 -0.091237 0.329699 -0.939667 38.943298 0.005898 0.943765 0.330564 0.000000 0.000000 0.000000 0.000000 1.000000
0.995879 0.024285 -0.087379 0.000000 -0.090496 0.329303 -0.939878 38.943298 0.005949 0.943912 0.330144 0.000000 0.000000 0.000000 0.000000 1.000000
0.995887 0.024253 -0.087301 0.000000 -0.090412 0.329310 -0.939883 38.943298 0.005954 0.943910 0.330148 0.000000 0.000000 0.000000 0.000000 1.000000
0.995951 0.023888 -0.086664 0.000000 -0.089693 0.328853 -0.940112 38.943298 0.006042 0.944079 0.329664 0.000000 0.000000 0.000000 0.000000 1.000000
0.995981 0.023715 -0.086370 0.000000 -0.089357 0.328955 -0.940108 38.943298 0.006117 0.944048 0.329752 0.000000 0.000000 0.000000 0.000000 1.000000
0.995996 0.023590 -0.086230 -0.000000 -0.089184 0.328995 -0.940111 38.943298 0.006192 0.944037 0.329782 0.000000 0.000000 0.000000 0.000000 1.000000
0.996037 0.023361 -0.085819 0.000000 -0.088715 0.329877 -0.939846 38.943298 0.006354 0.943735 0.330642 0.000000 0.000000 0.000000 0.000000 1.000000
0.996119 0.022980 -0.084958 0.000000 -0.087769 0.330989 -0.939544 38.943298 0.006529 0.943355 0.331721 0.000000 0.000000 0.000000 0.000000 1.000000
0.996094 0.023124 -0.085213 0.000000 -0.088048 0.332283 -0.939061 38.943298 0.006600 0.942896 0.333021 0.000000 0.000000 0.000000 0.000000 1.000000
0.996094 0.023121 -0.085219 0.000000 -0.088042 0.333687 -0.938564 38.943298 0.006736 0.942400 0.334419 0.000000 0.000000 0.000000 0.000000 1.000000
0.996084 0.023128 -0.085330 0.000000 -0.088147 0.334081 -0.938414 38.943298 0.006804 0.942261 0.334811 0.000000 0.000000 0.000000 0.000000 1.000000
0.996150 0.022758 -0.084659 -0.000000 -0.087389 0.334385 -0.938376 38.943298 0.006953 0.942162 0.335086 0.000000 0.000000 0.000000 0.000000 1.000000
0.996245 0.022231 -0.083681 0.000000 -0.086285 0.335243 -0.938172 38.943298 0.007197 0.941870 0.335902 0.000000 0.000000 0.000000 0.000000 1.000000
0.996221 0.022205 -0.083966 0.000000 -0.086535 0.336294 -0.937773 38.943298 0.007414 0.941495 0.336944 0.000000 0.000000 0.000000 0.000000 1.000000
0.996241 0.022093 -0.083759 -0.000000 -0.086296 0.337162 -0.937483 38.943298 0.007528 0.941187 0.337802 0.000000 0.000000 0.000000 0.000000 1.000000
0.996259 0.021974 -0.083575 0.000000 -0.086080 0.337382 -0.937424 38.943298 0.007597 0.941111 0.338012 0.000000 0.000000 0.000000 0.000000 1.000000
0.996272 0.021877 -0.083449 0.000000 -0.085931 0.337210 -0.937499 38.943298 0.007631 0.941175 0.337833 0.000000 0.000000 0.000000 0.000000 1.000000
0.996242 0.022027 -0.083762 0.000000 -0.086275 0.337455 -0.937380 38.943298 0.007618 0.941084 0.338088 0.000000 0.000000 0.000000 0.000000 1.000000
0.996228 0.022137 -0.083906 -0.000000 -0.086443 0.337906 -0.937202 38.943298 0.007606 0.940919 0.338545 0.000000 0.000000 0.000000 0.000000 1.000000
0.996186 0.022330 -0.084350 0.000000 -0.086927 0.337771 -0.937206 38.943298 0.007563 0.940963 0.338424 -0.000000 0.000000 0.000000 0.000000 1.000000
0.996191 0.022273 -0.084303 0.000000 -0.086869 0.337113 -0.937448 38.943298 0.007540 0.941201 0.337764 0.000000 0.000000 0.000000 0.000000 1.000000
0.996231 0.022057 -0.083887 0.000000 -0.086406 0.336888 -0.937572 38.943298 0.007580 0.941286 0.337524 0.000000 0.000000 0.000000 0.000000 1.000000
0.996234 0.022062 -0.083848 -0.000000 -0.086369 0.337224 -0.937454 38.943298 0.007593 0.941166 0.337860 0.000000 0.000000 0.000000 0.000000 1.000000
0.996246 0.022040 -0.083709 -0.000000 -0.086225 0.337889 -0.937228 38.943298 0.007628 0.940928 0.338521 -0.000000 0.000000 0.000000 0.000000 1.000000
0.996279 0.021883 -0.083360 -0.000000 -0.085846 0.337636 -0.937354 38.943298 0.007634 0.941022 0.338258 0.000000 0.000000 0.000000 0.000000 1.000000
0.996265 0.022017 -0.083488 0.000000 -0.086003 0.338765 -0.936932 38.943298 0.007654 0.940613 0.339393 -0.000000 0.000000 0.000000 0.000000 1.000000
0.996275 0.022015 -0.083373 0.000000 -0.085885 0.339790 -0.936572 38.943298 0.007710 0.940243 0.340416 0.000000 0.000000 0.000000 0.000000 1.000000
0.996255 0.022147 -0.083584 -0.000000 -0.086120 0.340882 -0.936153 38.943298 0.007759 0.939845 0.341513 -0.000000 0.000000 0.000000 0.000000 1.000000
0.996230 0.022322 -0.083835 0.000000 -0.086400 0.342718 -0.935457 38.943298 0.007851 0.939173 0.343354 0.000000 0.000000 0.000000 0.000000 1.000000
0.996164 0.022630 -0.084533 -0.000000 -0.087152 0.343793 -0.934992 38.943298 0.007903 0.938773 0.344447 0.000000 0.000000 0.000000 0.000000 1.000000
0.996101 0.022958 -0.085183 0.000000 -0.087853 0.346462 -0.933941 38.943298 0.008071 0.937783 0.347128 0.000000 0.000000 0.000000 0.000000 1.000000
0.996058 0.023013 -0.085673 -0.000000 -0.088327 0.346895 -0.933735 38.943298 0.008231 0.937621 0.347561 -0.000000 0.000000 0.000000 0.000000 1.000000
0.996208 0.022034 -0.084166 -0.000000 -0.086558 0.348700 -0.933229 38.943298 0.008786 0.936975 0.349285 -0.000000 0.000000 0.000000 0.000000 1.000000
0.996307 0.021294 -0.083179 0.000000 -0.085365 0.349604 -0.933000 38.943298 0.009213 0.936655 0.350131 0.000000 0.000000 0.000000 0.000000 1.000000
0.996291 0.021197 -0.083392 -0.000000 -0.085529 0.349791 -0.932915 38.943298 0.009395 0.936588 0.350307 0.000000 0.000000 0.000000 0.000000 1.000000
0.996253 0.021343 -0.083806 0.000000 -0.085972 0.349454 -0.933001 38.943298 0.009373 0.936710 0.349980 0.000000 0.000000 0.000000 0.000000 1.000000
0.996242 0.021611 -0.083874 0.000000 -0.086131 0.349237 -0.933067 38.943298 0.009127 0.936785 0.349786 0.000000 0.000000 0.000000 0.000000 1.000000
0.996217 0.021955 -0.084083 0.000000 -0.086452 0.348752 -0.933219 38.943298 0.008835 0.936958 0.349331 0.000000 0.000000 0.000000 0.000000 1.000000
0.996182 0.022348 -0.084386 -0.000000 -0.086889 0.346951 -0.933850 38.943298 0.008408 0.937617 0.347568 0.000000 0.000000 0.000000 0.000000 1.000000
0.996078 0.023038 -0.085427 -0.000000 -0.088128 0.344286 -0.934720 38.943298 0.007877 0.938582 0.344966 0.000000 0.000000 0.000000 0.000000 1.000000
0.996004 0.023479 -0.086162 0.000000 -0.088983 0.342579 -0.935265 38.943298 0.007558 0.939196 0.343300 0.000000 0.000000 0.000000 0.000000 1.000000
0.996002 0.023550 -0.086174 -0.000000 -0.089021 0.342340 -0.935350 38.943298 0.007473 0.939281 0.343067 0.000000 0.000000 0.000000 0.000000 1.000000
0.995906 0.024004 -0.087153 0.000000 -0.090107 0.340961 -0.935749 38.943298 0.007255 0.939771 0.341728 0.000000 0.000000 0.000000 0.000000 1.000000
0.995864 0.024232 -0.087568 -0.000000 -0.090577 0.340711 -0.935795 38.943298 0.007159 0.939856 0.341497 0.000000 0.000000 0.000000 0.000000 1.000000</float_array>
        <technique_common>
          <accessor source="#mixamorig_RightFoot-Matrix-animation-output-transform-array" count="71" stride="16">
            <param type="float4x4"/>
          </accessor>
        </technique_common>
      </source>
      <source id="mixamorig_RightFoot-Interpolations">
        <Name_array id="mixamorig_RightFoot-Interpolations-array" count="71">
 LINEAR LINEAR LINEAR LINEAR LINEAR LINEAR LINEAR LINEAR LINEAR LINEAR LINEAR
LINEAR LINEAR LINEAR LINEAR LINEAR LINEAR LINEAR LINEAR LINEAR LINEAR LINEAR LINEAR
LINEAR LINEAR LINEAR LINEAR LINEAR LINEAR LINEAR LINEAR LINEAR LINEAR LINEAR LINEAR
LINEAR LINEAR LINEAR LINEAR LINEAR LINEAR LINEAR LINEAR LINEAR LINEAR LINEAR LINEAR
LINEAR LINEAR LINEAR LINEAR LINEAR LINEAR LINEAR LINEAR LINEAR LINEAR LINEAR LINEAR
LINEAR LINEAR LINEAR LINEAR LINEAR LINEAR LINEAR LINEAR LINEAR LINEAR LINEAR LINEAR</Name_array>
        <technique_common>
          <accessor source="#mixamorig_RightFoot-Interpolations-array" count="71">
            <param type="name"/>
          </accessor>
        </technique_common>
      </source>
      <sampler id="mixamorig_RightFoot-Matrix-animation-transform">
        <input semantic="INPUT" source="#mixamorig_RightFoot-Matrix-animation-input"/>
        <input semantic="OUTPUT" source="#mixamorig_RightFoot-Matrix-animation-output-transform"/>
        <input semantic="INTERPOLATION" source="#mixamorig_RightFoot-Interpolations"/>
      </sampler>
      <channel source="#mixamorig_RightFoot-Matrix-animation-transform" target="mixamorig_RightFoot/matrix"/>
    </animation>
    <animation id="mixamorig_RightToeBase-anim" name="mixamorig_RightToeBase">
      <source id="mixamorig_RightToeBase-Matrix-animation-input">
        <float_array id="mixamorig_RightToeBase-Matrix-animation-input-array" count="71">

0.000000 0.033333 0.066667 0.100000 0.133333 0.166667 0.200000 0.233333 0.266667 0.300000 0.333333 0.366667 0.400000 0.433333 0.466667 0.500000
0.533333 0.566667 0.600000 0.633333 0.666667 0.700000 0.733333 0.766667 0.800000 0.833333 0.866667 0.900000 0.933333 0.966667 1.000000 1.033333
1.066667 1.100000 1.133333 1.166667 1.200000 1.233333 1.266667 1.300000 1.333333 1.366667 1.400000 1.433333 1.466667 1.500000 1.533333 1.566667
1.600000 1.633333 1.666667 1.700000 1.733333 1.766667 1.800000 1.833333 1.866667 1.900000 1.933333 1.966667 2.000000 2.033333 2.066667 2.100000
2.133333 2.166667 2.200000 2.233333 2.266667 2.300000 2.333333</float_array>
        <technique_common>
          <accessor source="#mixamorig_RightToeBase-Matrix-animation-input-array" count="71">
            <param name="TIME" type="float"/>
          </accessor>
        </technique_common>
      </source>
      <source id="mixamorig_RightToeBase-Matrix-animation-output-transform">
        <float_array id="mixamorig_RightToeBase-Matrix-animation-output-transform-array" count="1136">

0.988038 -0.003912 0.154158 0.000000 0.153789 -0.048604 -0.986908 15.200000 0.011354 0.998810 -0.047421 -0.000000 0.000000 0.000000 0.000000 1.000000
0.987682 -0.003391 0.156436 -0.000000 0.156087 -0.048798 -0.986537 15.200000 0.010979 0.998803 -0.047668 -0.000000 0.000000 0.000000 0.000000 1.000000
0.987193 -0.004635 0.159461 -0.000000 0.159046 -0.049097 -0.986050 15.200000 0.012399 0.998783 -0.047731 0.000000 0.000000 0.000000 0.000000 1.000000
0.986789 -0.005630 0.161914 0.000000 0.161447 -0.049197 -0.985654 15.200000 0.013515 0.998773 -0.047638 0.000000 0.000000 0.000000 0.000000 1.000000
0.986368 -0.006821 0.164413 0.000000 0.163883 -0.049449 -0.985240 15.200000 0.014850 0.998753 -0.047657 0.000000 0.000000 0.000000 0.000000 1.000000
0.986081 -0.007336 0.166104 0.000000 0.165552 -0.049158 -0.984975 15.200000 0.015391 0.998764 -0.047259 -0.000000 0.000000 0.000000 0.000000 1.000000
0.986345 -0.006702 0.164554 0.000000 0.164051 -0.047967 -0.985285 15.200000 0.014497 0.998826 -0.046212 0.000000 0.000000 0.000000 0.000000 1.000000
0.986672 -0.006427 0.162592 -0.000000 0.162118 -0.047000 -0.985652 15.200000 0.013976 0.998874 -0.045331 0.000000 0.000000 0.000000 0.000000 1.000000
0.986792 -0.006539 0.161860 0.000000 0.161392 -0.046242 -0.985806 15.200000 0.013931 0.998909 -0.044576 0.000000 0.000000 0.000000 0.000000 1.000000
0.986958 -0.006116 0.160859 0.000000 0.160410 -0.046281 -0.985965 15.200000 0.013475 0.998910 -0.044696 0.000000 0.000000 0.000000 0.000000 1.000000
0.987184 -0.006453 0.159456 0.000000 0.158989 -0.046598 -0.986180 15.200000 0.013795 0.998893 -0.044975 0.000000 0.000000 0.000000 0.000000 1.000000
0.987347 -0.007115 0.158417 -0.000000 0.157913 -0.047223 -0.986323 15.200000 0.014499 0.998859 -0.045501 -0.000000 0.000000 0.000000 0.000000 1.000000
0.987525 -0.007752 0.157274 -0.000000 0.156741 -0.047240 -0.986509 15.200000 0.015077 0.998853 -0.045436 -0.000000 0.000000 0.000000 0.000000 1.000000
0.987788 -0.007731 0.155610 -0.000000 0.155065 -0.048227 -0.986726 15.200000 0.015133 0.998807 -0.046439 0.000000 0.000000 0.000000 0.000000 1.000000
0.987896 -0.007085 0.154953 0.000000 0.154437 -0.048332 -0.986820 15.200000 0.014481 0.998806 -0.046653 -0.000000 0.000000 0.000000 0.000000 1.000000
0.988116 -0.006896 0.153555 0.000000 0.153045 -0.048675 -0.987020 15.200000 0.014281 0.998791 -0.047041 0.000000 0.000000 0.000000 0.000000 1.000000
0.988349 -0.006083 0.152080 0.000000 0.151608 -0.048828 -0.987234 15.200000 0.013431 0.998789 -0.047337 0.000000 0.000000 0.000000 0.000000 1.000000
0.988581 -0.005602 0.150589 -0.000000 0.150151 -0.048085 -0.987493 15.200000 0.012773 0.998828 -0.046694 0.000000 0.000000 0.000000 0.000000 1.000000
0.988834 -0.006692 0.148868 -0.000000 0.148393 -0.047224 -0.987800 15.200000 0.013641 0.998862 -0.045703 0.000000 0.000000 0.000000 0.000000 1.000000
0.989175 -0.007679 0.146536 0.000000 0.146040 -0.045702 -0.988222 15.200000 0.014286 0.998926 -0.044085 0.000000 0.000000 0.000000 0.000000 1.000000
0.989402 -0.008296 0.144962 0.000000 0.144461 -0.044249 -0.988521 15.200000 0.014615 0.998986 -0.042582 0.000000 0.000000 0.000000 0.000000 1.000000
0.989565 -0.008932 0.143811 -0.000000 0.143303 -0.042993 -0.988745 15.200000 0.015014 0.999035 -0.041264 0.000000 0.000000 0.000000 0.000000 1.000000
0.989618 -0.008930 0.143448 0.000000 0.142968 -0.041236 -0.988868 15.200000 0.014745 0.999110 -0.039531 -0.000000 0.000000 0.000000 0.000000 1.000000
0.989587 -0.007772 0.143729 0.000000 0.143311 -0.039948 -0.988871 15.200000 0.013427 0.999172 -0.038418 0.000000 0.000000 0.000000 0.000000 1.000000
0.989525 -0.005736 0.144249 0.000000 0.143915 -0.039463 -0.988803 15.200000 0.011365 0.999205 -0.038224 -0.000000 0.000000 0.000000 0.000000 1.000000
0.989495 -0.004289 0.144505 0.000000 0.144223 -0.039720 -0.988748 15.200000 0.009980 0.999202 -0.038684 0.000000 0.000000 0.000000 0.000000 1.000000
0.989605 -0.002974 0.143781 0.000000 0.143548 -0.040140 -0.988829 15.200000 0.008712 0.999190 -0.039296 0.000000 0.000000 0.000000 0.000000 1.000000
0.989725 -0.002252 0.142969 0.000000 0.142762 -0.040481 -0.988929 15.200000 0.008014 0.999178 -0.039744 0.000000 0.000000 0.000000 0.000000 1.000000
0.990073 -0.000852 0.140551 0.000000 0.140400 -0.040762 -0.989255 15.200000 0.006572 0.999169 -0.040238 -0.000000 0.000000 0.000000 0.000000 1.000000
0.990432 0.001477 0.137997 -0.000000 0.137939 -0.041431 -0.989574 15.200000 0.004256 0.999140 -0.041238 0.000000 0.000000 0.000000 0.000000 1.000000
0.990536 0.001262 0.137245 0.000000 0.137181 -0.041152 -0.989691 15.200000 0.004399 0.999152 -0.040936 0.000000 0.000000 0.000000 0.000000 1.000000
0.990725 0.001132 0.135879 0.000000 0.135811 -0.040877 -0.989891 15.200000 0.004434 0.999164 -0.040652 0.000000 0.000000 0.000000 0.000000 1.000000
0.990880 0.000572 0.134746 -0.000000 0.134659 -0.040359 -0.990070 15.200000 0.004872 0.999185 -0.040068 0.000000 0.000000 0.000000 0.000000 1.000000
0.990918 -0.000778 0.134466 0.000000 0.134325 -0.040550 -0.990107 15.200000 0.006223 0.999177 -0.040077 0.000000 0.000000 0.000000 0.000000 1.000000
0.990904 -0.002390 0.134546 0.000000 0.134338 -0.040810 -0.990095 15.200000 0.007857 0.999164 -0.040117 0.000000 0.000000 0.000000 0.000000 1.000000
0.990814 -0.002427 0.135209 0.000000 0.134995 -0.041283 -0.989986 15.200000 0.007984 0.999145 -0.040577 -0.000000 0.000000 0.000000 0.000000 1.000000
0.990597 -0.002316 0.136796 -0.000000 0.136580 -0.041842 -0.989745 15.200000 0.008016 0.999122 -0.041133 0.000000 0.000000 0.000000 0.000000 1.000000
0.990406 -0.002001 0.138175 0.000000 0.137970 -0.042026 -0.989544 15.200000 0.007787 0.999115 -0.041347 0.000000 0.000000 0.000000 0.000000 1.000000
0.990328 -0.002336 0.138728 0.000000 0.138506 -0.042349 -0.989456 15.200000 0.008186 0.999100 -0.041616 0.000000 0.000000 0.000000 0.000000 1.000000
0.990383 -0.002272 0.138332 -0.000000 0.138105 -0.043292 -0.989471 15.200000 0.008236 0.999060 -0.042562 -0.000000 0.000000 0.000000 0.000000 1.000000
0.990456 -0.000677 0.137826 -0.000000 0.137660 -0.044537 -0.989478 15.200000 0.006809 0.999008 -0.044019 0.000000 0.000000 0.000000 0.000000 1.000000
0.990676 0.000806 0.136234 0.000000 0.136128 -0.045688 -0.989637 15.200000 0.005427 0.998955 -0.045372 0.000000 0.000000 0.000000 0.000000 1.000000
0.990668 0.000990 0.136291 0.000000 0.136190 -0.046423 -0.989594 15.200000 0.005348 0.998921 -0.046125 0.000000 0.000000 0.000000 0.000000 1.000000
0.990620 0.000973 0.136640 0.000000 0.136534 -0.047055 -0.989517 15.200000 0.005466 0.998892 -0.046747 0.000000 0.000000 0.000000 0.000000 1.000000
0.990576 0.001863 0.136950 0.000000 0.136882 -0.047687 -0.989439 15.200000 0.004687 0.998861 -0.047492 0.000000 0.000000 0.000000 0.000000 1.000000
0.990647 0.002670 0.136424 0.000000 0.136393 -0.048275 -0.989478 15.200000 0.003944 0.998831 -0.048187 0.000000 0.000000 0.000000 0.000000 1.000000
0.990526 0.002504 0.137301 0.000000 0.137261 -0.048259 -0.989359 15.200000 0.004149 0.998832 -0.048146 -0.000000 0.000000 0.000000 0.000000 1.000000
0.990474 0.001458 0.137691 -0.000000 0.137605 -0.047387 -0.989353 15.200000 0.005082 0.998876 -0.047136 0.000000 0.000000 0.000000 0.000000 1.000000
0.990376 0.000306 0.138400 0.000000 0.138263 -0.046812 -0.989289 15.200000 0.006176 0.998904 -0.046403 -0.000000 0.000000 0.000000 0.000000 1.000000
0.990321 -0.000431 0.138797 0.000000 0.138628 -0.046397 -0.989257 15.200000 0.006866 0.998923 -0.045889 0.000000 0.000000 0.000000 0.000000 1.000000
0.990271 -0.001109 0.139150 0.000000 0.138952 -0.046006 -0.989230 15.200000 0.007499 0.998941 -0.045404 0.000000 0.000000 0.000000 0.000000 1.000000
0.990274 -0.001554 0.139124 0.000000 0.138911 -0.045427 -0.989262 15.200000 0.007857 0.998966 -0.044770 0.000000 0.000000 0.000000 0.000000 1.000000
0.990191 -0.001845 0.139712 -0.000000 0.139478 -0.046215 -0.989146 15.200000 0.008281 0.998930 -0.045504 0.000000 0.000000 0.000000 0.000000 1.000000
0.990044 -0.002321 0.140737 -0.000000 0.140472 -0.047217 -0.988958 15.200000 0.008941 0.998882 -0.046420 0.000000 0.000000 0.000000 0.000000 1.000000
0.989778 -0.003002 0.142584 0.000000 0.142277 -0.048080 -0.988658 15.200000 0.009824 0.998839 -0.047161 0.000000 0.000000 0.000000 0.000000 1.000000
0.989449 -0.004005 0.144825 0.000000 0.144454 -0.049417 -0.988277 15.200000 0.011114 0.998770 -0.048317 -0.000000 0.000000 0.000000 0.000000 1.000000
0.989086 -0.005092 0.147252 0.000000 0.146813 -0.050456 -0.987877 15.200000 0.012460 0.998713 -0.049157 0.000000 0.000000 0.000000 0.000000 1.000000
0.988505 -0.007188 0.151016 0.000000 0.150438 -0.052536 -0.987223 15.200000 0.015030 0.998593 -0.050851 0.000000 0.000000 0.000000 0.000000 1.000000
0.987991 -0.008934 0.154254 0.000000 0.153575 -0.053031 -0.986713 15.200000 0.016995 0.998553 -0.051022 0.000000 0.000000 0.000000 0.000000 1.000000
0.987361 -0.012824 0.157969 -0.000000 0.157054 -0.054608 -0.986079 15.200000 0.021272 0.998426 -0.051904 0.000000 0.000000 0.000000 0.000000 1.000000
0.986769 -0.015808 0.161360 -0.000000 0.160270 -0.055302 -0.985523 15.200000 0.024503 0.998345 -0.052037 0.000000 0.000000 0.000000 0.000000 1.000000
0.986280 -0.016874 0.164217 -0.000000 0.163065 -0.055433 -0.985057 15.200000 0.025725 0.998320 -0.051921 0.000000 0.000000 0.000000 0.000000 1.000000
0.986010 -0.016642 0.165855 0.000000 0.164718 -0.055245 -0.984792 15.200000 0.025552 0.998334 -0.051731 -0.000000 0.000000 0.000000 0.000000 1.000000
0.985877 -0.016261 0.166681 -0.000000 0.165564 -0.055191 -0.984654 15.200000 0.025211 0.998343 -0.051719 0.000000 0.000000 0.000000 0.000000 1.000000
0.985821 -0.015854 0.167050 0.000000 0.165963 -0.054815 -0.984607 15.200000 0.024767 0.998371 -0.051407 0.000000 0.000000 0.000000 0.000000 1.000000
0.986194 -0.013750 0.165024 0.000000 0.164082 -0.053322 -0.985005 15.200000 0.022343 0.998483 -0.050330 0.000000 0.000000 0.000000 0.000000 1.000000
0.986464 -0.011911 0.163548 -0.000000 0.162745 -0.051096 -0.985344 15.200000 0.020093 0.998623 -0.048466 -0.000000 0.000000 0.000000 0.000000 1.000000
0.986851 -0.010351 0.161301 0.000000 0.160604 -0.049620 -0.985771 15.200000 0.018207 0.998715 -0.047305 0.000000 0.000000 0.000000 0.000000 1.000000
0.987403 -0.008670 0.157988 -0.000000 0.157378 -0.049435 -0.986300 15.200000 0.016361 0.998740 -0.047448 0.000000 0.000000 0.000000 0.000000 1.000000
0.987783 -0.005873 0.155723 0.000000 0.155262 -0.048449 -0.986685 15.200000 0.013340 0.998808 -0.046945 0.000000 0.000000 0.000000 0.000000 1.000000
0.988042 -0.003927 0.154136 0.000000 0.153768 -0.048495 -0.986916 15.200000 0.011351 0.998816 -0.047311 0.000000 0.000000 0.000000 0.000000 1.000000</float_array>
        <technique_common>
          <accessor source="#mixamorig_RightToeBase-Matrix-animation-output-transform-array" count="71" stride="16">
            <param type="float4x4"/>
          </accessor>
        </technique_common>
      </source>
      <source id="mixamorig_RightToeBase-Interpolations">
        <Name_array id="mixamorig_RightToeBase-Interpolations-array" count="71">
 LINEAR LINEAR LINEAR LINEAR LINEAR LINEAR LINEAR LINEAR LINEAR LINEAR LINEAR
LINEAR LINEAR LINEAR LINEAR LINEAR LINEAR LINEAR LINEAR LINEAR LINEAR LINEAR LINEAR
LINEAR LINEAR LINEAR LINEAR LINEAR LINEAR LINEAR LINEAR LINEAR LINEAR LINEAR LINEAR
LINEAR LINEAR LINEAR LINEAR LINEAR LINEAR LINEAR LINEAR LINEAR LINEAR LINEAR LINEAR
LINEAR LINEAR LINEAR LINEAR LINEAR LINEAR LINEAR LINEAR LINEAR LINEAR LINEAR LINEAR
LINEAR LINEAR LINEAR LINEAR LINEAR LINEAR LINEAR LINEAR LINEAR LINEAR LINEAR LINEAR</Name_array>
        <technique_common>
          <accessor source="#mixamorig_RightToeBase-Interpolations-array" count="71">
            <param type="name"/>
          </accessor>
        </technique_common>
      </source>
      <sampler id="mixamorig_RightToeBase-Matrix-animation-transform">
        <input semantic="INPUT" source="#mixamorig_RightToeBase-Matrix-animation-input"/>
        <input semantic="OUTPUT" source="#mixamorig_RightToeBase-Matrix-animation-output-transform"/>
        <input semantic="INTERPOLATION" source="#mixamorig_RightToeBase-Interpolations"/>
      </sampler>
      <channel source="#mixamorig_RightToeBase-Matrix-animation-transform" target="mixamorig_RightToeBase/matrix"/>
    </animation>
  </library_animations>
  <library_visual_scenes>
    <visual_scene id="RootNode" name="RootNode">
      <node id="mixamorig_Hips" name="mixamorig_Hips" sid="mixamorig_Hips" type="JOINT">
        <matrix sid="matrix">0.994549 0.031868 -0.099281 0.223306 0.009464 0.920630 0.390322 106.940514 0.103840 -0.389134 0.915310 -1.746554 0.000000 0.000000 0.000000 1.000000</matrix>
        <node id="mixamorig_Spine" name="mixamorig_Spine" sid="mixamorig_Spine" type="JOINT">
          <matrix sid="matrix">0.999853 0.006499 -0.015886 0.000000 -0.008414 0.992290 -0.123656 9.226300 0.014960 0.123771 0.992198 1.577100 0.000000 0.000000 0.000000 1.000000</matrix>
          <node id="mixamorig_Spine1" name="mixamorig_Spine1" sid="mixamorig_Spine1" type="JOINT">
            <matrix sid="matrix">0.999525 0.012309 -0.028266 -0.000000 -0.017278 0.982978 -0.182910 16.254900 0.025534 0.183311 0.982723 -0.000000 0.000000 0.000000 0.000000 1.000000</matrix>
            <node id="mixamorig_Spine2" name="mixamorig_Spine2" sid="mixamorig_Spine2" type="JOINT">
              <matrix sid="matrix">0.999525 0.009588 -0.029301 0.000000 -0.019366 0.934766 -0.354736 13.700700 0.023989 0.355134 0.934507 0.000000 0.000000 0.000000 0.000000 1.000000</matrix>
              <node id="mixamorig_Neck" name="mixamorig_Neck" sid="mixamorig_Neck" type="JOINT">
                <matrix sid="matrix">0.998979 -0.008954 0.044289 0.000000 -0.000286 0.978898 0.204348 13.877400 -0.045184 -0.204152 0.977896 -4.354200 0.000000 0.000000 0.000000 1.000000</matrix>
                <node id="mixamorig_Neck1" name="mixamorig_Neck1" sid="mixamorig_Neck1" type="JOINT">
                  <matrix sid="matrix">1.000000 -0.000000 0.000000 0.000000 0.000000 1.000000 0.000000 4.340000 -0.000000 0.000000 1.000000 0.926900 0.000000 0.000000 0.000000 1.000000</matrix>
                  <node id="mixamorig_Head" name="mixamorig_Head" sid="mixamorig_Head" type="JOINT">
                    <matrix sid="matrix">0.999266 -0.033546 0.018500 0.000000 0.024930 0.936096 0.350860 4.026600 -0.029088 -0.350141 0.936245 0.858500 0.000000 0.000000 0.000000 1.000000</matrix>
                    <node id="mixamorig_HeadTop_End" name="mixamorig_HeadTop_End" sid="mixamorig_HeadTop_End" type="JOINT">
                      <matrix sid="matrix">1.000000 0.000000 -0.000000 0.009400 0.000000 1.000000 0.000000 38.405102 0.000000 -0.000000 1.000000 9.587800 0.000000 0.000000 0.000000 1.000000</matrix>
                    </node>
                    <node id="mixamorig_LeftEye" name="mixamorig_LeftEye" sid="mixamorig_LeftEye" type="JOINT">
                      <matrix sid="matrix">0.000002 1.000000 0.000000 5.090100 -0.000000 0.000000 -1.000000 16.230400 -1.000000 0.000002 -0.000000 13.786200 0.000000 0.000000 0.000000 1.000000</matrix>
                    </node>
                    <node id="mixamorig_RightEye" name="mixamorig_RightEye" sid="mixamorig_RightEye" type="JOINT">
                      <matrix sid="matrix">0.000017 -1.000000 -0.000000 -5.090100 -0.000002 -0.000000 -1.000000 16.230400 1.000000 0.000017 -0.000002 13.786200 0.000000 0.000000 0.000000 1.000000</matrix>
                    </node>
                  </node>
                </node>
              </node>
              <node id="mixamorig_LeftShoulder" name="mixamorig_LeftShoulder" sid="mixamorig_LeftShoulder" type="JOINT">
                <matrix sid="matrix">-0.081178 0.850307 0.519988 6.144200 -0.084530 0.513957 -0.853641 10.187000 -0.993109 -0.113251 0.030154 -3.793200 0.000000 0.000000 0.000000 1.000000</matrix>
                <node id="mixamorig_LeftArm" name="mixamorig_LeftArm" sid="mixamorig_LeftArm" type="JOINT">
                  <matrix sid="matrix">0.480431 -0.535307 -0.694718 0.000000 0.563009 0.795602 -0.223694 12.466000 0.672463 -0.283663 0.683614 0.000000 0.000000 0.000000 0.000000 1.000000</matrix>
                  <node id="mixamorig_LeftForeArm" name="mixamorig_LeftForeArm" sid="mixamorig_LeftForeArm" type="JOINT">
                    <matrix sid="matrix">0.856016 -0.441436 -0.269016 -0.000000 0.466411 0.883927 0.033669 27.687000 0.222928 -0.154294 0.962547 0.000000 0.000000 0.000000 0.000000 1.000000</matrix>
                    <node id="mixamorig_LeftHand" name="mixamorig_LeftHand" sid="mixamorig_LeftHand" type="JOINT">
                      <matrix sid="matrix">0.974886 -0.178710 0.132892 -0.000000 0.039421 0.725771 0.686806 27.894800 -0.219188 -0.664319 0.714589 0.000000 0.000000 0.000000 0.000000 1.000000</matrix>
                      <node id="mixamorig_LeftHandThumb1" name="mixamorig_LeftHandThumb1" sid="mixamorig_LeftHandThumb1" type="JOINT">
                        <matrix sid="matrix">0.810779 -0.584292 0.035213 -2.330000 0.575254 0.806476 0.136674 2.421000 -0.108256 -0.090556 0.989990 1.429600 0.000000 0.000000 0.000000 1.000000</matrix>
                        <node id="mixamorig_LeftHandThumb2" name="mixamorig_LeftHandThumb2" sid="mixamorig_LeftHandThumb2" type="JOINT">
                          <matrix sid="matrix">0.888573 0.453240 -0.070789 0.000000 -0.456182 0.856790 -0.240434 4.513900 -0.048323 0.245936 0.968081 0.000000 0.000000 0.000000 0.000000 1.000000</matrix>
                          <node id="mixamorig_LeftHandThumb3" name="mixamorig_LeftHandThumb3" sid="mixamorig_LeftHandThumb3" type="JOINT">
                            <matrix sid="matrix">1.000000 0.000000 -0.000199 0.000000 -0.000000 1.000000 0.000000 5.178700 0.000199 -0.000000 1.000000 0.000000 0.000000 0.000000 0.000000 1.000000</matrix>
                            <node id="mixamorig_LeftHandThumb4" name="mixamorig_LeftHandThumb4" sid="mixamorig_LeftHandThumb4" type="JOINT">
                              <matrix sid="matrix">1.000000 0.000000 0.000000 0.000000 -0.000000 1.000000 0.000000 3.133400 0.000000 0.000000 1.000000 0.000000 0.000000 0.000000 0.000000 1.000000</matrix>
                            </node>
                          </node>
                        </node>
                      </node>
                      <node id="mixamorig_LeftHandIndex1" name="mixamorig_LeftHandIndex1" sid="mixamorig_LeftHandIndex1" type="JOINT">
                        <matrix sid="matrix">0.989109 -0.147143 -0.003414 -2.202200 0.054309 0.386436 -0.920716 10.514800 0.136797 0.910503 0.390218 0.265500 0.000000 0.000000 0.000000 1.000000</matrix>
                        <node id="mixamorig_LeftHandIndex2" name="mixamorig_LeftHandIndex2" sid="mixamorig_LeftHandIndex2" type="JOINT">
                          <matrix sid="matrix">0.995240 -0.012662 -0.096631 0.000000 -0.047201 0.804846 -0.591603 5.549300 0.085264 0.593348 0.800417 0.000000 0.000000 0.000000 0.000000 1.000000</matrix>
                          <node id="mixamorig_LeftHandIndex3" name="mixamorig_LeftHandIndex3" sid="mixamorig_LeftHandIndex3" type="JOINT">
                            <matrix sid="matrix">1.000000 -0.000000 -0.000017 0.000000 0.000000 1.000000 0.000000 3.391100 0.000017 -0.000000 1.000000 -0.000000 0.000000 0.000000 0.000000 1.000000</matrix>
                            <node id="mixamorig_LeftHandIndex4" name="mixamorig_LeftHandIndex4" sid="mixamorig_LeftHandIndex4" type="JOINT">
                              <matrix sid="matrix">1.000000 0.000000 0.000000 -0.000000 -0.000000 1.000000 -0.000000 2.590300 -0.000000 -0.000000 1.000000 0.000000 0.000000 0.000000 0.000000 1.000000</matrix>
                            </node>
                          </node>
                        </node>
                      </node>
                      <node id="mixamorig_LeftHandMiddle1" name="mixamorig_LeftHandMiddle1" sid="mixamorig_LeftHandMiddle1" type="JOINT">
                        <matrix sid="matrix">0.982469 -0.186193 -0.009303 0.062700 0.062408 0.375506 -0.924716 10.490800 0.175669 0.907925 0.380543 0.034700 0.000000 0.000000 0.000000 1.000000</matrix>
                        <node id="mixamorig_LeftHandMiddle2" name="mixamorig_LeftHandMiddle2" sid="mixamorig_LeftHandMiddle2" type="JOINT">
                          <matrix sid="matrix">0.999089 0.011140 -0.041189 0.000000 -0.029274 0.881257 -0.471729 5.805400 0.031043 0.472506 0.880781 -0.000000 0.000000 0.000000 0.000000 1.000000</matrix>
                          <node id="mixamorig_LeftHandMiddle3" name="mixamorig_LeftHandMiddle3" sid="mixamorig_LeftHandMiddle3" type="JOINT">
                            <matrix sid="matrix">1.000000 -0.000000 0.000004 0.000000 0.000000 1.000000 0.000000 3.682000 -0.000004 -0.000000 1.000000 0.000000 0.000000 0.000000 0.000000 1.000000</matrix>
                            <node id="mixamorig_LeftHandMiddle4" name="mixamorig_LeftHandMiddle4" sid="mixamorig_LeftHandMiddle4" type="JOINT">
                              <matrix sid="matrix">1.000000 0.000000 0.000000 0.000000 0.000000 1.000000 0.000000 1.995100 0.000000 -0.000000 1.000000 0.000000 0.000000 0.000000 0.000000 1.000000</matrix>
                            </node>
                          </node>
                        </node>
                      </node>
                      <node id="mixamorig_LeftHandRing1" name="mixamorig_LeftHandRing1" sid="mixamorig_LeftHandRing1" type="JOINT">
                        <matrix sid="matrix">0.956815 -0.203377 -0.207707 2.376900 -0.131573 0.334154 -0.933290 10.240700 0.259216 0.920315 0.292965 0.081300 0.000000 0.000000 0.000000 1.000000</matrix>
                        <node id="mixamorig_LeftHandRing2" name="mixamorig_LeftHandRing2" sid="mixamorig_LeftHandRing2" type="JOINT">
                          <matrix sid="matrix">0.990839 0.063396 0.119245 0.000000 0.008374 0.852431 -0.522773 5.418900 -0.134790 0.518982 0.844091 -0.000000 0.000000 0.000000 0.000000 1.000000</matrix>
                          <node id="mixamorig_LeftHandRing3" name="mixamorig_LeftHandRing3" sid="mixamorig_LeftHandRing3" type="JOINT">
                            <matrix sid="matrix">1.000000 -0.000000 0.000000 0.000000 0.000000 1.000000 -0.000000 3.727900 -0.000000 0.000000 1.000000 -0.000000 0.000000 0.000000 0.000000 1.000000</matrix>
                            <node id="mixamorig_LeftHandRing4" name="mixamorig_LeftHandRing4" sid="mixamorig_LeftHandRing4" type="JOINT">
                              <matrix sid="matrix">1.000000 0.000000 0.000000 0.000000 0.000000 1.000000 0.000000 1.680500 0.000000 -0.000000 1.000000 -0.000000 0.000000 0.000000 0.000000 1.000000</matrix>
                            </node>
                          </node>
                        </node>
                      </node>
                      <node id="mixamorig_LeftHandPinky1" name="mixamorig_LeftHandPinky1" sid="mixamorig_LeftHandPinky1" type="JOINT">
                        <matrix sid="matrix">0.953464 -0.249118 -0.169844 4.481200 -0.103644 0.258183 -0.960520 9.820200 0.283133 0.933425 0.220348 0.245600 0.000000 0.000000 0.000000 1.000000</matrix>
                        <node id="mixamorig_LeftHandPinky2" name="mixamorig_LeftHandPinky2" sid="mixamorig_LeftHandPinky2" type="JOINT">
                          <matrix sid="matrix">0.989412 0.044667 0.138087 0.000000 0.002456 0.946170 -0.323660 3.684500 -0.145111 0.320572 0.936043 -0.000000 0.000000 0.000000 0.000000 1.000000</matrix>
                          <node id="mixamorig_LeftHandPinky3" name="mixamorig_LeftHandPinky3" sid="mixamorig_LeftHandPinky3" type="JOINT">
                            <matrix sid="matrix">1.000000 0.000000 0.000528 0.000000 -0.000000 1.000000 -0.000000 2.815200 -0.000528 0.000000 1.000000 0.000000 0.000000 0.000000 0.000000 1.000000</matrix>
                            <node id="mixamorig_LeftHandPinky4" name="mixamorig_LeftHandPinky4" sid="mixamorig_LeftHandPinky4" type="JOINT">
                              <matrix sid="matrix">1.000000 -0.000000 0.000000 0.000000 0.000000 1.000000 0.000000 2.153300 -0.000000 -0.000000 1.000000 -0.000000 0.000000 0.000000 0.000000 1.000000</matrix>
                            </node>
                          </node>
                        </node>
                      </node>
                    </node>
                  </node>
                </node>
              </node>
              <node id="mixamorig_RightShoulder" name="mixamorig_RightShoulder" sid="mixamorig_RightShoulder" type="JOINT">
                <matrix sid="matrix">0.305621 -0.815039 -0.492247 -6.144200 -0.077191 0.494072 -0.865987 10.187200 0.949019 0.302661 0.088085 -3.793200 0.000000 0.000000 0.000000 1.000000</matrix>
                <node id="mixamorig_RightArm" name="mixamorig_RightArm" sid="mixamorig_RightArm" type="JOINT">
                  <matrix sid="matrix">0.574848 0.337899 0.745234 0.000000 -0.533742 0.845167 0.028501 12.466000 -0.620216 -0.414147 0.666194 0.000000 0.000000 0.000000 0.000000 1.000000</matrix>
                  <node id="mixamorig_RightForeArm" name="mixamorig_RightForeArm" sid="mixamorig_RightForeArm" type="JOINT">
                    <matrix sid="matrix">0.831307 0.428723 0.353731 -0.000000 -0.441886 0.895826 -0.047262 27.687000 -0.337144 -0.117019 0.934152 0.000000 0.000000 0.000000 0.000000 1.000000</matrix>
                    <node id="mixamorig_RightHand" name="mixamorig_RightHand" sid="mixamorig_RightHand" type="JOINT">
                      <matrix sid="matrix">0.982283 0.142666 0.121516 -0.000000 -0.186722 0.689862 0.699447 27.894800 0.015958 -0.709744 0.704279 0.000000 0.000000 0.000000 0.000000 1.000000</matrix>
                      <node id="mixamorig_RightHandThumb1" name="mixamorig_RightHandThumb1" sid="mixamorig_RightHandThumb1" type="JOINT">
                        <matrix sid="matrix">0.789843 0.368727 -0.490090 2.330000 -0.515616 0.831916 -0.205074 2.421000 0.332098 0.414675 0.847205 1.430000 0.000000 0.000000 0.000000 1.000000</matrix>
                        <node id="mixamorig_RightHandThumb2" name="mixamorig_RightHandThumb2" sid="mixamorig_RightHandThumb2" type="JOINT">
                          <matrix sid="matrix">0.995227 -0.048617 0.084617 0.000000 0.027367 0.971318 0.236202 4.514100 -0.093674 -0.232759 0.968013 0.000000 0.000000 0.000000 0.000000 1.000000</matrix>
                          <node id="mixamorig_RightHandThumb3" name="mixamorig_RightHandThumb3" sid="mixamorig_RightHandThumb3" type="JOINT">
                            <matrix sid="matrix">1.000000 0.000000 0.000319 0.000000 -0.000000 1.000000 -0.000000 5.178500 -0.000319 0.000000 1.000000 -0.000000 0.000000 0.000000 0.000000 1.000000</matrix>
                            <node id="mixamorig_RightHandThumb4" name="mixamorig_RightHandThumb4" sid="mixamorig_RightHandThumb4" type="JOINT">
                              <matrix sid="matrix">1.000000 0.000000 0.000000 0.000000 0.000000 1.000000 0.000000 3.133900 0.000000 -0.000000 1.000000 0.000000 0.000000 0.000000 0.000000 1.000000</matrix>
                            </node>
                          </node>
                        </node>
                      </node>
                      <node id="mixamorig_RightHandIndex1" name="mixamorig_RightHandIndex1" sid="mixamorig_RightHandIndex1" type="JOINT">
                        <matrix sid="matrix">0.998335 0.009732 -0.056860 2.202200 -0.055558 0.427516 -0.902299 10.514800 0.015527 0.903955 0.427345 0.266000 0.000000 0.000000 0.000000 1.000000</matrix>
                        <node id="mixamorig_RightHandIndex2" name="mixamorig_RightHandIndex2" sid="mixamorig_RightHandIndex2" type="JOINT">
                          <matrix sid="matrix">0.985602 0.110723 -0.127785 -0.000000 -0.166468 0.767796 -0.618691 5.549300 0.029609 0.631055 0.775173 -0.000000 0.000000 0.000000 0.000000 1.000000</matrix>
                          <node id="mixamorig_RightHandIndex3" name="mixamorig_RightHandIndex3" sid="mixamorig_RightHandIndex3" type="JOINT">
                            <matrix sid="matrix">1.000000 -0.000000 0.000015 0.000000 0.000000 1.000000 0.000000 3.391100 -0.000015 -0.000000 1.000000 0.000000 0.000000 0.000000 0.000000 1.000000</matrix>
                            <node id="mixamorig_RightHandIndex4" name="mixamorig_RightHandIndex4" sid="mixamorig_RightHandIndex4" type="JOINT">
                              <matrix sid="matrix">1.000000 0.000000 0.000000 0.000000 0.000000 1.000000 -0.000000 2.590200 0.000000 -0.000000 1.000000 0.000000 0.000000 0.000000 0.000000 1.000000</matrix>
                            </node>
                          </node>
                        </node>
                      </node>
                      <node id="mixamorig_RightHandMiddle1" name="mixamorig_RightHandMiddle1" sid="mixamorig_RightHandMiddle1" type="JOINT">
                        <matrix sid="matrix">0.990600 0.073374 0.115447 -0.062700 0.073385 0.427185 -0.901181 10.490800 -0.115441 0.901182 0.417785 0.035000 0.000000 0.000000 0.000000 1.000000</matrix>
                        <node id="mixamorig_RightHandMiddle2" name="mixamorig_RightHandMiddle2" sid="mixamorig_RightHandMiddle2" type="JOINT">
                          <matrix sid="matrix">0.981138 -0.019565 -0.192315 -0.000000 -0.105098 0.780993 -0.615633 5.805400 0.162242 0.624233 0.764206 0.000000 0.000000 0.000000 0.000000 1.000000</matrix>
                          <node id="mixamorig_RightHandMiddle3" name="mixamorig_RightHandMiddle3" sid="mixamorig_RightHandMiddle3" type="JOINT">
                            <matrix sid="matrix">1.000000 0.000000 -0.000003 0.000000 -0.000000 1.000000 0.000000 3.682000 0.000003 -0.000000 1.000000 0.000000 0.000000 0.000000 0.000000 1.000000</matrix>
                            <node id="mixamorig_RightHandMiddle4" name="mixamorig_RightHandMiddle4" sid="mixamorig_RightHandMiddle4" type="JOINT">
                              <matrix sid="matrix">1.000000 0.000000 0.000000 -0.000000 0.000000 1.000000 0.000000 1.995100 0.000000 0.000000 1.000000 0.000000 0.000000 0.000000 0.000000 1.000000</matrix>
                            </node>
                          </node>
                        </node>
                      </node>
                      <node id="mixamorig_RightHandRing1" name="mixamorig_RightHandRing1" sid="mixamorig_RightHandRing1" type="JOINT">
                        <matrix sid="matrix">0.995141 0.095777 0.022821 -2.376900 -0.019987 0.423475 -0.905687 10.240700 -0.096409 0.900831 0.423332 0.082000 0.000000 0.000000 0.000000 1.000000</matrix>
                        <node id="mixamorig_RightHandRing2" name="mixamorig_RightHandRing2" sid="mixamorig_RightHandRing2" type="JOINT">
                          <matrix sid="matrix">0.999545 -0.025474 0.016170 0.000000 0.029964 0.775095 -0.631134 5.419000 0.003544 0.631331 0.775505 0.000000 0.000000 0.000000 0.000000 1.000000</matrix>
                          <node id="mixamorig_RightHandRing3" name="mixamorig_RightHandRing3" sid="mixamorig_RightHandRing3" type="JOINT">
                            <matrix sid="matrix">1.000000 0.000000 0.000000 0.000000 -0.000000 1.000000 0.000000 3.728000 -0.000000 -0.000000 1.000000 0.000000 0.000000 0.000000 0.000000 1.000000</matrix>
                            <node id="mixamorig_RightHandRing4" name="mixamorig_RightHandRing4" sid="mixamorig_RightHandRing4" type="JOINT">
                              <matrix sid="matrix">1.000000 -0.000000 0.000000 0.000000 0.000000 1.000000 0.000000 1.680500 0.000000 -0.000000 1.000000 0.000000 0.000000 0.000000 0.000000 1.000000</matrix>
                            </node>
                          </node>
                        </node>
                      </node>
                      <node id="mixamorig_RightHandPinky1" name="mixamorig_RightHandPinky1" sid="mixamorig_RightHandPinky1" type="JOINT">
                        <matrix sid="matrix">0.909765 0.133860 0.392948 -4.481200 0.293522 0.461937 -0.836934 9.820200 -0.293550 0.876753 0.380963 0.246000 0.000000 0.000000 0.000000 1.000000</matrix>
                        <node id="mixamorig_RightHandPinky2" name="mixamorig_RightHandPinky2" sid="mixamorig_RightHandPinky2" type="JOINT">
                          <matrix sid="matrix">0.901751 -0.146295 -0.406746 0.000000 -0.066339 0.883000 -0.464662 3.684500 0.427135 0.445993 0.786541 -0.000000 0.000000 0.000000 0.000000 1.000000</matrix>
                          <node id="mixamorig_RightHandPinky3" name="mixamorig_RightHandPinky3" sid="mixamorig_RightHandPinky3" type="JOINT">
                            <matrix sid="matrix">1.000000 0.000000 -0.000526 0.000000 -0.000000 1.000000 -0.000000 2.815200 0.000526 0.000000 1.000000 0.000000 0.000000 0.000000 0.000000 1.000000</matrix>
                            <node id="mixamorig_RightHandPinky4" name="mixamorig_RightHandPinky4" sid="mixamorig_RightHandPinky4" type="JOINT">
                              <matrix sid="matrix">1.000000 0.000000 0.000000 0.000000 0.000000 1.000000 0.000000 2.153300 -0.000000 0.000000 1.000000 0.000000 0.000000 0.000000 0.000000 1.000000</matrix>
                            </node>
                          </node>
                        </node>
                      </node>
                    </node>
                  </node>
                </node>
              </node>
            </node>
          </node>
        </node>
        <node id="mixamorig_LeftUpLeg" name="mixamorig_LeftUpLeg" sid="mixamorig_LeftUpLeg" type="JOINT">
          <matrix sid="matrix">-0.835568 0.508778 0.207295 9.633800 0.121477 -0.196882 0.972872 -3.273300 0.535788 0.838083 0.102704 -0.000000 0.000000 0.000000 0.000000 1.000000</matrix>
          <node id="mixamorig_LeftLeg" name="mixamorig_LeftLeg" sid="mixamorig_LeftLeg" type="JOINT">
            <matrix sid="matrix">0.931519 -0.023284 0.362946 0.000000 -0.304974 -0.593716 0.744642 41.834499 0.198149 -0.804338 -0.560159 -0.000000 0.000000 0.000000 0.000000 1.000000</matrix>
            <node id="mixamorig_LeftFoot" name="mixamorig_LeftFoot" sid="mixamorig_LeftFoot" type="JOINT">
              <matrix sid="matrix">0.963642 -0.121308 0.238071 0.000000 0.261272 0.241233 -0.934636 38.943199 0.055948 0.962856 0.264157 -0.000000 0.000000 0.000000 0.000000 1.000000</matrix>
              <node id="mixamorig_LeftToeBase" name="mixamorig_LeftToeBase" sid="mixamorig_LeftToeBase" type="JOINT">
                <matrix sid="matrix">0.998695 -0.051034 -0.001976 -0.000000 -0.011950 -0.195878 -0.980555 15.200000 0.049654 0.979299 -0.196232 0.000000 0.000000 0.000000 0.000000 1.000000</matrix>
                <node id="mixamorig_LeftToe_End" name="mixamorig_LeftToe_End" sid="mixamorig_LeftToe_End" type="JOINT">
                  <matrix sid="matrix">1.000000 -0.000000 -0.000000 -0.000000 0.000000 1.000000 0.000000 18.500000 0.000000 -0.000000 1.000000 0.000000 0.000000 0.000000 0.000000 1.000000</matrix>
                </node>
              </node>
            </node>
          </node>
        </node>
        <node id="mixamorig_RightUpLeg" name="mixamorig_RightUpLeg" sid="mixamorig_RightUpLeg" type="JOINT">
          <matrix sid="matrix">-0.786478 -0.589452 -0.184387 -9.633800 -0.262895 0.049356 0.963561 -3.273200 -0.558873 0.806294 -0.193781 0.000000 0.000000 0.000000 0.000000 1.000000</matrix>
          <node id="mixamorig_RightLeg" name="mixamorig_RightLeg" sid="mixamorig_RightLeg" type="JOINT">
            <matrix sid="matrix">0.911400 0.049000 -0.408595 0.000000 0.338878 -0.652682 0.677620 41.834499 -0.233479 -0.756046 -0.611459 -0.000000 0.000000 0.000000 0.000000 1.000000</matrix>
            <node id="mixamorig_RightFoot" name="mixamorig_RightFoot" sid="mixamorig_RightFoot" type="JOINT">
              <matrix sid="matrix">0.995862 0.024230 -0.087584 0.000000 -0.090591 0.340705 -0.935796 38.943298 0.007166 0.939858 0.341490 0.000000 0.000000 0.000000 0.000000 1.000000</matrix>
              <node id="mixamorig_RightToeBase" name="mixamorig_RightToeBase" sid="mixamorig_RightToeBase" type="JOINT">
                <matrix sid="matrix">0.988038 -0.003912 0.154158 0.000000 0.153789 -0.048604 -0.986908 15.200000 0.011354 0.998810 -0.047421 -0.000000 0.000000 0.000000 0.000000 1.000000</matrix>
                <node id="mixamorig_RightToe_End" name="mixamorig_RightToe_End" sid="mixamorig_RightToe_End" type="JOINT">
                  <matrix sid="matrix">1.000000 0.000000 0.000000 -0.000000 0.000000 1.000000 -0.000000 18.500000 0.000000 -0.000000 1.000000 -0.000000 0.000000 0.000000 0.000000 1.000000</matrix>
                </node>
              </node>
            </node>
          </node>
        </node>
      </node>
    </visual_scene>
  </library_visual_scenes>
  <scene>
    <instance_visual_scene url="#RootNode"/>
  </scene>
</COLLADA>
